{"B": [3.232776496163681, 3.7075777518987114, 2.9448312599373057, 1.8076846762083483, 2.0587112314287603, 1.4269082298152764, 0.7358104003960252, 1.0243943834586797, 1.3048761229475476, 0.5703447695408789, 0.07997414598409992, 0.12018006488733846, 0.06459729227177421, 0.4263075575674537, 0.4812551105909965, 0.32350011225072467, 0.45488618895947047, 0.40174624395279135, 1.3123409320880732, 1.1320790270970134, 2.332542949512953, 3.490699635045566, 5.151323694591807, 7.0254033713125015, 8.717723020143286, 11.417598679472789, 12.729281084018186, 15.030084842526456, 16.658040171934694, 17.80228449832978, 19.84307697413222, 20.26639078866611, 19.942709061909333, 19.23141292636986, 18.63185002499474, 17.904912340880127, 16.330244738446332, 15.02595646659641, 13.37987080390167, 11.877050421894621, 10.642585984958012, 10.117412131380052, 8.109389266508206, 8.153103135252262, 8.141570502567058, 7.196906273248521, 6.589413710124536, 6.641387564804927, 5.644273973735931, 5.340119682260825, 4.817463483144941, 5.1329350521915185, 4.189488863931547, 3.6532087460579, 3.4509130425487977, 4.054340774931935, 3.5012261241308424, 2.6731391782933382, 2.9349275797371233, 2.6060251572894977, 1.8325257905336878, 1.8955149938404996, 1.5991093059517223, 1.3987555713459185, 0.8159201131334456, 0.09276500516705524, 0.34325137388798665, 0.09504412949030502, 0.007400236286260002, 0.0, 0.17717965538387181, 0.09260787244691081, 0.36427563229131765, 0.013520322059835235, 0.653298430281618, 0.7628385397753797, 0.33019146617441547, 0.7599139837473425, 1.0821077585271985, 0.9388963701924662, 1.479408465709813, 1.6641605703538513, 1.5495382970013247, 1.7206153754376552, 1.873662240740091, 1.9822434206111172, 1.968776671978671, 1.5154714422515607, 1.8125461993105256, 1.3110142914051488, 0.9065517704659621, 0.7479224006431485, 0.7232584191484028, 0.5128364482036138, 0.4733412063019436, 1.1619009818974229], "G": [6.042104549013968, 7.2549794415957365, 7.723613665089753, 8.304695883332032, 8.220960219052637, 8.30078546230437, 9.187871686620015, 8.547555975899966, 7.644413941396471, 7.534215178466929, 7.7865673279045655, 7.272362845736846, 7.299334631889115, 6.990087931651806, 6.456873116300849, 6.294860797502603, 6.05652851731192, 5.628532052912317, 5.531087990643981, 5.408092564281009, 5.463301912001524, 5.239599274900219, 4.54096327671982, 4.311787957573178, 2.748513839629329, 1.402153170198953, 1.0478865396308932, 0.766659692847761, 0.3609729879649814, 0.2499228247261913, 0.0, 1.4289277160177318, 1.861933054259844, 4.0689853789784936, 3.5231942857781564, 5.577979329385753, 7.299037260455631, 7.453247104207604, 8.629401076760344, 9.43454546265721, 10.064185197696665, 9.76191783938152, 9.751633475490797, 9.61457087944765, 8.609461260792688, 8.705481783974028, 8.202318684344835, 7.949115826418033, 7.68004707783125, 7.393043937722223, 5.977306948380846, 6.0255782404791205, 5.494505385057054, 4.521816587887457, 4.200895422882809, 3.576848095789365, 2.5645332452300216, 2.5796246094892292, 2.0196169072779275, 1.071460165711955, 1.7436704357208346, 1.0120358413892143, 1.1880579980962784, 0.9820380154042954, 1.807098152523917, 1.8772160337606711, 1.8561639374902386, 1.9600678375210605, 2.192191985025229, 2.3340784847906364, 2.0024569118000937, 1.8090670222092304, 1.8279502217027954, 2.3643641841238012, 1.9937531898573466, 2.0615045702482435, 2.5755266462738193, 2.348193408190552, 2.252324061652854, 2.4784560211693556, 1.8526142427616972, 1.3994471512048845, 1.7080015069109618, 1.1923640139752023, 0.6173178112950374, 0.6489065143649567, 0.13176877631781017, 0.3876091252754013, 0.0, 0.0, 0.26421380738851424, 0.0, 0.0, 0.0, 0.0, 0.0], "R": [8.889710267934891, 9.164424403938826, 9.107795655449852, 9.392733199591321, 9.380001135030062, 9.629984040323041, 9.055923062107317, 9.209150577010288, 9.396777832039058, 9.501501833333137, 9.639029105361656, 9.274271298469776, 9.281593608759641, 9.491118876532791, 9.28398925755807, 9.305461817028375, 9.655846873001153, 9.9925493807563, 9.594676240840029, 10.529351675529439, 10.441216560434915, 10.263851383990826, 10.270927281070685, 10.340137584675192, 11.639897145414706, 12.073461815075474, 13.07208962307742, 12.8952162845884, 14.370888533943619, 14.581070978603156, 14.328361529511419, 15.04256757015571, 15.637888885470318, 15.535204896600321, 16.183208464266368, 16.729997772592696, 16.805345836725827, 17.307527059074282, 17.532273457618896, 16.596758158093355, 16.446669973049854, 16.39479110963224, 16.151196470072932, 15.74976913725182, 15.372279121898798, 15.931541873604612, 16.5322760057842, 16.49018774199717, 17.169357745425906, 17.251900511111458, 17.32740546504024, 16.515862704703945, 17.00263425514667, 18.008559422268753, 18.19713382364512, 17.51285824306332, 17.711914170925795, 17.325617057542743, 16.93038621562046, 17.234863861764648, 17.09617831811415, 17.318247760764798, 17.236288572372434, 17.68573272984353, 18.256132814010368, 19.036871100337823, 16.7651925381115, 17.48499997564605, 17.083559899179807, 16.570476795807753, 14.553565400242075, 12.780775163366304, 14.547946031720556, 13.121637850113387, 9.018592063322256, 11.902549647661619, 13.08909886260825, 13.14568357177874, 12.409979536344963, 12.312047604774218, 12.058963198115357, 11.617961825589257, 11.0424559905697, 10.221599842272928, 9.141979791889716, 8.242815173278855, 7.86994696553874, 7.112284665625607, 6.223449765542668, 5.412425462335375, 4.367087320272964, 3.9322628790470957, 2.9365734140664044, 2.228473807260538, 1.5166435724431437, 4.1516120028246695]}