{"B": [3.841087175285219, 3.851566600522742, 2.7498787596692, 1.8116968147523353, 2.0144549103564113, 1.8823099932777452, 1.1955432817429394, 0.7105144039788308, 0.7198627751461022, 0.6407419249478928, 0.8129693408826228, 0.535462954478908, 0.45116785476763777, 0.5117038827182572, 0.25418545198237696, 1.0086203790357116, 0.5960106809251916, 1.2230359017602308, 1.5268164194033031, 2.2253514727305825, 3.4297769351173817, 4.094567072628329, 5.382890178830128, 6.181241406311004, 9.118554723499807, 11.769605271212562, 13.493390968025897, 16.030070449356042, 18.196565462558812, 18.726664456754175, 20.164607436503616, 19.528436098166644, 18.64154178299637, 18.218792766776783, 17.196832554296044, 15.789249704322602, 14.136412556085938, 12.542926599142392, 12.115756968810427, 10.29626676321865, 10.15782004402566, 9.558599626303172, 8.076416573467574, 7.720448514007688, 7.597473704159412, 6.4734888496904786, 6.50338641897978, 4.975270964536165, 5.509556216789047, 4.710099918475763, 4.109676725869579, 3.5258164865733086, 4.319509575476536, 3.0439221000198917, 2.842728833193148, 2.837355512792135, 2.388502482919524, 1.7440182491203982, 1.6419155670291377, 1.2126794883970646, 0.9626299688705202, 0.4950043943113425, 0.34317605472637946, 0.38819374495245557, 0.09671091141010354, 0.03380405266241234, 0.0, 0.02628273794357817, 0.0922236599277102, 0.4203413130958525, 0.21513983874253242, 0.6830830764423486, 0.9636184942048995, 0.7563258394674937, 1.3279533657127802, 1.417277903742536, 1.3159913329112467, 1.8662163998297945, 1.9847092150676375, 1.9974492401207786, 2.2542074461856605, 2.224168630608275, 2.5922495383020725, 2.241579903832511, 1.9469003972405357, 2.3809739850633527, 1.8513960486735657, 1.3636584739064648, 1.3283161601600575, 1.18972061190276, 0.8356773436988362, 0.607496558415016, 0.6298852412910119, 0.5218458556891045, 0.24794960703789692, 0.7526389900387329], "G": [6.741902662415118, 7.186321115688011, 8.02295296861915, 8.705172127608368, 8.24937557276663, 7.480669789354128, 7.277813856208697, 7.386543154271676, 7.143837423762977, 6.953477319857735, 6.8765055151425845, 6.378585095208434, 6.3982998045474915, 5.917545319236435, 5.656438399956289, 5.7898922758690565, 5.847607135598662, 5.61448155636044, 5.668992715676595, 4.982587786054307, 5.164823974445251, 4.350489936748998, 3.4072443717973817, 2.985251831254284, 2.747013715754646, 2.0086792150328616, 1.0671708990286202, 0.0, 0.2717710576813376, 0.6221847959800233, 1.9556113003628968, 2.584940532475045, 4.1309458612406065, 5.368471641340592, 5.602920078415513, 7.001746317681426, 7.689827608823843, 8.898017318114281, 8.343978395233478, 8.744834082088396, 9.34151832186934, 7.942450096531324, 8.375579926002326, 8.032260503173525, 7.749660702211245, 7.617375498993565, 7.856787494403418, 6.436196217839873, 6.238645925339681, 6.122843597721798, 5.467743412145166, 5.139369293593319, 4.288116449377349, 3.982718563436011, 3.720836105340199, 3.401126953411474, 2.1313873331898106, 3.156853581836647, 2.2396339642831538, 2.480956108208211, 2.6054233536929114, 3.2058012421406636, 3.2439780609736077, 2.9343013459349474, 3.2995783764097553, 3.2741146823672675, 3.334293930417682, 2.961881162642047, 2.545323002337062, 2.779063931548864, 3.1631309092340256, 2.456324292301182, 2.5821906627705062, 3.2021763246644337, 2.8296983296529876, 2.9018676282810385, 3.006342562757872, 2.539128180567734, 2.068982794307984, 2.37552780047224, 1.55112142095816, 1.1760579263805437, 1.0733549200530477, 0.7046511619301358, 0.8937898326981433, 0.06789847309628547, 0.04064084645058469, 0.5601851459030028, 0.056697664565020685, 0.0, 0.00031783006230652714, 0.0, 0.0, 0.0, 0.0, 0.0], "R": [9.082755151325589, 8.97481506215019, 9.380129241257197, 8.937006409012776, 8.920276842157543, 9.382966573550721, 9.28288486084346, 9.35499553508376, 8.798994624418746, 8.870737174066374, 9.000526295993781, 9.01233714157349, 8.828452974782433, 9.192667101288468, 9.623599199698646, 9.031971614648057, 9.723179703457728, 9.827243478139561, 9.80934699660096, 9.92395111265448, 9.824402785871573, 11.007257964487682, 11.659142390818413, 12.76221019099049, 12.828642391066944, 14.395848541327117, 15.433271715238162, 15.939575342952542, 16.87843034361428, 17.517946873344513, 16.878563005363443, 17.168394734467448, 17.85233021609107, 17.687842733708578, 17.95213607903483, 17.939611413468338, 17.155334513847944, 16.76170428208006, 16.735010952965645, 16.15998953016218, 15.553351694953008, 15.48333119133631, 16.213565427320177, 16.459737846476028, 16.575436569167252, 16.98370619775906, 16.734146024459132, 17.227359405028196, 16.609432005210806, 16.533360855955912, 17.53358875534417, 18.003606305190225, 17.3601311300575, 17.695848059425913, 16.999873495720486, 16.655584749184285, 17.132361126229966, 16.769335858001366, 17.16946752811258, 17.173144297224926, 17.539732411201932, 18.1647032534499, 18.653727929252156, 16.733278771232055, 17.356873312703623, 17.144004802849416, 16.70602560608045, 14.847556972959955, 12.899725621921975, 14.638906646435835, 13.25322654817291, 9.222819754786883, 12.298751548426157, 13.402316065035157, 13.455856521186709, 12.882129638788225, 12.897985978191132, 12.82914011279618, 12.545031617451293, 12.112285304890309, 11.525144086194128, 10.611793844474724, 9.810466355928234, 9.48070179707219, 8.924878751891931, 8.166968455549704, 7.3184329340192695, 6.296885531499602, 5.672651752365537, 4.645355766723161, 3.856166067479439, 2.7690335785711655, 2.337050727499976, 1.8126874150427776, 1.5563202521112205, 4.011966922437176]}