{"R": [9.286754159973107, 9.080012512103021, 9.645656219085023, 9.398106465835518, 9.29131018493316, 8.740258448996752, 8.541235073848313, 9.008639321873604, 8.736787226189934, 8.727004664638772, 8.981524204533539, 9.284801545439228, 9.032299372651421, 9.573523008032968, 9.774447918023387, 9.630803855923388, 9.73525346714581, 9.56870508629564, 10.465307132731182, 10.55374409325457, 11.195595705745106, 11.297301176171786, 12.540543160929394, 13.652462023891639, 14.667818760682518, 16.089588113825833, 16.83703667990748, 17.504600312032668, 18.24748752266932, 18.75230051184576, 18.563128953441126, 18.613584826070415, 18.71872755600557, 18.20868619169024, 17.686417051952635, 17.28946318007062, 16.729635711858037, 15.826126421704442, 15.97895244868871, 16.52206889560913, 16.936568217348427, 16.797860594575575, 16.842571381382985, 16.672853018940856, 16.932296230299297, 16.750802498129257, 16.721573351364285, 17.34893344110313, 17.74432568712007, 17.43418506982121, 17.59099855783264, 16.767692990782823, 16.597123146466522, 17.249688307975983, 16.936825520489194, 17.105192328891963, 17.28387929195943, 17.55755308840434, 18.110414584967188, 19.033365032263923, 17.154066311869904, 17.834623175569618, 17.64224053819404, 17.471773825180172, 15.559901350814403, 13.43696883928098, 15.309299919312558, 13.975978136699645, 9.890603051151087, 13.162194782480134, 14.469416409831258, 14.637304806919373, 14.077443334120726, 14.048097809885334, 14.105638032792797, 13.906783431614315, 13.676249650249492, 12.936821463801365, 12.447982279572013, 11.635705011079585, 11.25315422786021, 10.758765728545892, 9.967174375689709, 9.432758479525223, 8.283173442861994, 7.629276604945163, 6.439006498492977, 5.453428809022344, 4.313552924210282, 3.7756059261634185, 3.006402718383312, 2.7708871425607073, 2.2305993963445174, 1.7540089253127118, 1.4546839928571218, 3.3701684402985705], "B": [2.565126624204925, 2.68915915249148, 1.9188713335564092, 1.174961777724325, 0.5822066411024672, 0.7830919348406215, 0.8046805092274463, 0.37774433123034573, 0.23936958699071062, 0.0, 0.002656488085635166, 0.0, 0.0, 0.0, 0.0, 0.1717754872222123, 0.2856351838700716, 1.2188502427369485, 1.7483410014765033, 3.1338849304199035, 3.7212192929578713, 5.399790148380662, 7.364087567806285, 9.094176326630654, 10.795944732462841, 13.392252071113106, 15.370741351854539, 17.230121554841094, 17.614278321448378, 18.374172855831468, 18.704749117953078, 18.17997693036447, 17.174048137928434, 14.631784998929513, 13.643590714429275, 13.948243613993903, 11.735967650077177, 11.894100322586697, 10.789798792901301, 8.93457621143802, 8.278332641046092, 8.12056154425007, 7.340863319910278, 7.345954216258343, 5.605824014619105, 5.786210755314614, 4.908959450363522, 4.797937414061245, 3.656047453938581, 4.189817681640444, 3.446193742312528, 3.187805992824381, 2.9429154942166287, 2.209170792832777, 1.5465891271957684, 1.957121531291201, 1.3804248444861538, 1.0846163493494716, 0.9891006437953827, 0.7372720203591189, 0.7539890146392729, 0.6459369512660939, 0.47943035397630485, 0.1914558370920453, 0.4319229094804729, 0.14305069307673915, 0.4868664584368638, 0.48646961701148556, 1.1616077613000177, 1.42603549007038, 0.8817379103237921, 1.4697507695311725, 1.5578224937273513, 1.1872721827972614, 1.8752780659948454, 1.7562697816373054, 1.7239026186134114, 2.029483758137548, 1.912330525344878, 1.9388081712191754, 2.0342538886302983, 1.8305580957348853, 2.49423689473551, 1.6499925152030839, 1.4121643753620328, 1.4982029774965593, 1.2210163640459821, 1.217583091039117, 0.7453718063449478, 0.8803224186368511, 0.6548767420349169, 0.4457870476028008, 0.49251170104805747, 0.24864733111238888, 0.22310449708130148, 0.3304058934497635], "G": [8.375564423591626, 8.896967797541564, 8.315673162191876, 8.290742348962864, 8.551515802307316, 7.883145399533336, 7.909416577341841, 7.691513393054673, 7.310810923215836, 7.164879849432371, 6.711129868319385, 6.177054342474418, 6.502023732865237, 6.134599102635848, 6.169368543442312, 6.242385764517945, 5.520752629162474, 5.41383528437725, 4.778113125947963, 3.6309718870935073, 3.409778831741713, 3.002610978462107, 2.591542666525166, 1.1601966061590205, 0.40226316990017313, 0.0, 0.0, 0.0, 0.9196082794682074, 1.3439810533191638, 2.7623706935819254, 4.374324598201859, 5.302657767898182, 6.552595539903129, 7.746296344055876, 7.423168863077634, 7.971370752003511, 8.87924569180739, 7.547071418314883, 8.084962413556612, 8.11665450742806, 8.055498951280256, 8.455285787897836, 8.526175065317153, 7.1376017449229225, 6.844416601329361, 6.825558621283794, 6.274525375557742, 6.45541006798309, 5.297388551168741, 4.736530366981475, 4.3855847208880805, 4.2327644978049035, 2.7696831631251966, 3.8142459493651817, 2.6345288879192816, 2.538735985256245, 2.928752015959442, 3.369457433760703, 2.768305905804012, 2.503824004246477, 2.5940825459563075, 2.769267785288318, 2.562462924007859, 2.2343215983667095, 2.221976075111185, 2.456332712581276, 2.6173202580994706, 1.4471764849068645, 1.5223916551610128, 2.5949287212359957, 2.2477987855957133, 2.47450734865168, 2.9550226358047404, 2.392726765591665, 2.103831427663165, 2.6674971920364547, 2.2232112061941423, 1.4714121123666466, 1.9139786178338558, 1.4534616811533503, 1.8281976328911727, 0.7397519338369988, 0.8099410826089201, 1.3360104952024359, 0.7181340188095321, 0.8776902662080335, 0.5415446728802986, 0.27228982351575937, 0.3687867306780908, 0.4832233613030862, 0.1154696806710564, 0.15349512975115392, 0.31904749498307344, 0.1262399741456192, 0.7278245729869073]}