{"B": [4.509366891220659, 3.46482203436371, 3.320030823296756, 2.0132305533551778, 1.6381897737713675, 1.8685341327841938, 1.6721749362904563, 1.1276753606275476, 0.6381758705348817, 0.6488394605658163, 0.6451927248778087, 0.6852718250167735, 0.5625241234805995, 0.5605978699754606, 0.44175972665259117, 0.4775577287896653, 0.9109300304930741, 0.6241153139816285, 1.5007205705705613, 1.9468725705546766, 2.6490883126592504, 4.040685691541649, 4.9494500334222, 6.758264350056308, 7.9603546624410635, 10.781870959398605, 13.914339185039216, 15.154342408845755, 17.32363221192943, 19.06200334132098, 18.814511390718064, 19.54302342580204, 18.64133176127864, 18.641980278046113, 17.725661711252958, 16.27932507463935, 14.687059484922178, 13.343210297919114, 12.191282118336044, 11.26543438572743, 9.55092168064756, 9.310586917881356, 8.955230152971637, 7.908964950447583, 6.9752593043757605, 6.832718537420856, 6.2673894747602095, 6.002797068436521, 4.728100589531316, 5.498899726349457, 4.428798996307768, 3.913276801797728, 3.6018981885113353, 4.325058294114642, 2.962819872648967, 2.713709690612831, 2.838296706684074, 2.3113598331706906, 1.874671179939058, 1.5934941457632403, 1.1770834738346063, 1.093226978423191, 0.5659693073253746, 0.2357632349345885, 0.4607597068171001, 0.15747023210300454, 0.10373004431468799, 0.0, 0.07087886191424922, 0.0978255735043754, 0.2972086897344968, 0.051537716706399936, 0.6681822828236951, 0.8185179688728869, 0.6073172431662061, 1.1007185936708628, 1.2104495019536217, 1.145288440500896, 1.6805427320499118, 1.704360525394017, 1.759960681456301, 1.9585638037114825, 1.9890311961950748, 2.321373201104071, 1.9767000097057765, 1.7603704081704026, 2.1178997792338268, 1.6148055033777726, 1.1650465484476922, 1.0212470802130398, 0.9076935045993485, 0.6160813731950459, 0.5153844589027432, 0.5242763543428853, 0.36199273287820105, 0.598541736983157], "G": [6.234919770701275, 6.805586911768414, 7.290906065911946, 7.838766851496589, 8.356812200510593, 7.993850127782859, 7.334386364215003, 7.038908662281411, 7.167374952303078, 6.918161304693503, 6.859099545433049, 6.768763664487542, 6.198538720854882, 6.125251621138499, 5.845163244643028, 5.429182891421753, 5.535525469945461, 5.598672586224524, 5.4063353471023, 5.361402746677917, 4.930536182086245, 4.94252782113167, 3.7841238818335716, 2.9362009789677126, 2.4759091711155508, 1.6236844868768452, 1.0768566736021643, 0.4197071083328996, 0.0, 0.3852653304967108, 0.807666249359837, 1.747599727112668, 2.6653399002677887, 3.811346711752555, 5.285048001571005, 5.471566573948881, 6.990731082111074, 7.585682995731232, 8.867133860961358, 8.272334757888757, 8.554943037293924, 9.067193609922995, 7.776368985279394, 8.014627645132657, 7.671826291601796, 7.454852361461846, 7.088954445974924, 7.212571372175144, 6.1749869351437585, 6.045496134829548, 5.627226000776019, 5.019561564162534, 4.588839778840155, 3.9429119601889346, 3.3024100152055516, 3.0573083346862067, 2.820719002046757, 1.7319983481398153, 2.575667504031019, 1.8204595446969747, 1.9888032118219423, 2.157466366732568, 2.6965993660176415, 2.8586400860768397, 2.3958585531982566, 2.870875997563797, 2.8457834230908277, 3.003600532432219, 2.7046446044879486, 2.1813081651536685, 2.5034324972751234, 2.899393772465212, 2.4045695001412226, 2.5248485728862433, 3.0834041539825234, 2.657334341367337, 2.667758204237904, 2.940715728729176, 2.2406090570706167, 1.9460186599757856, 2.109902317737032, 1.3038571175242182, 1.0467383368358465, 0.8356649263234587, 0.4206491116846644, 0.6918072895582005, 0.0, 0.0, 0.4211316237070599, 0.0, 0.0, 0.0, 0.0, 0.0, 0.0, 0.0], "R": [8.869978652671001, 9.106319705976754, 9.049745771829462, 9.414227590733535, 8.831345107219288, 8.853742728720405, 9.219207116587627, 9.222995112154848, 9.291464734758057, 8.814084420878656, 8.79421789647701, 9.048547165042043, 8.990385248848579, 8.804619656019714, 9.280327274772379, 9.597855339744571, 9.203633160682092, 9.826453711662833, 10.03132852925682, 10.036929055985114, 10.12008185668964, 10.052534653719396, 11.297377624890212, 11.969256044403972, 13.003925269381972, 13.357107116466159, 14.527451166745255, 15.278970611953218, 15.393405636895476, 16.141361829933665, 17.05463536738038, 16.668392193998898, 16.961687529010913, 17.412089630380276, 17.30993866755552, 17.92416936422264, 17.728430151223776, 16.960968837523616, 16.289092110576473, 16.650083718309304, 16.065204729930972, 15.501658431388437, 15.380711294621465, 15.940466054302268, 16.588523469766187, 16.683691265401624, 17.0144368072341, 16.96693581664753, 17.290060976196838, 16.398114329304295, 16.688213331868113, 17.625096234437205, 17.955974374846903, 17.28081544000844, 17.807642440477675, 17.242802091917547, 16.712671503705046, 17.225231462807752, 16.763389856732744, 17.287199679881795, 17.300555039458526, 17.492183116387608, 18.116277035385753, 18.717564515632873, 16.683912134962885, 17.295072958871984, 17.02409575570948, 16.53621650124785, 14.627526301614983, 12.848817530042018, 14.628186724484399, 13.159804132236953, 9.068086819264076, 12.128187337904114, 13.194105244409036, 13.382308492760218, 12.78292161910294, 12.675368237967385, 12.680194687939293, 12.308094029412125, 11.794076183202895, 11.270899210613113, 10.186601505152934, 9.44558000309906, 9.128110045827663, 8.444405997944436, 7.643727367617327, 6.786411106954564, 5.742159188072004, 5.1890751414507985, 4.148121667200976, 3.3759945140006966, 2.352651331393079, 1.924099207636547, 1.5000307435111284, 4.297445967593915]}