{"B": [4.486368768563226, 3.635430959013667, 2.839528581766278, 3.0026090102973564, 2.656061369247497, 1.791769325550854, 1.6563872574279186, 1.1537775174132103, 0.629546558047281, 0.7280846114788777, 1.3649176662219298, 0.6005722190266592, 0.0, 0.22484434721929372, 0.10048184254948554, 0.6807693520430484, 0.7633929126254855, 0.5987612728238071, 1.1461226839116987, 1.51907876065793, 2.5382624728440297, 2.9407056323999763, 4.967695986721119, 6.9141347581856465, 9.06640626515051, 11.652186412168144, 13.31695235532329, 14.727943293733965, 16.334763477063238, 16.86192840521108, 18.154521410637003, 18.04162729952737, 19.289978904413182, 19.09493714787273, 19.183863274158984, 17.640288995241765, 17.18252935325597, 16.774599236074977, 14.370721000562067, 13.418157734540118, 11.728345357016439, 10.46469545398419, 9.522123578650806, 8.869005159309742, 6.9920934784144, 7.449631473063617, 7.329497526788304, 6.512225848409749, 6.0402536552623864, 6.299338038569317, 5.521130530938762, 5.234665957479852, 4.850144803935072, 4.6090543362357055, 4.268783948833522, 3.9325789869060768, 3.401818264869045, 4.09798058484552, 3.769281434364875, 2.688379300784903, 3.085532391592344, 2.7420650630038956, 2.109027169125045, 1.7859882415216854, 1.7314113266813937, 1.442696762658378, 1.0082055159196426, 0.08778292307881501, 0.42409656301081505, 0.01985596652462419, 0.1037696316808217, 0.0, 0.07638140658663262, 0.13210995255560012, 0.3539667743293377, 0.09654949565081127, 0.5431986286880568, 0.7196441485419612, 0.29101804584230356, 0.8231615333735931, 1.0018909780281597, 0.8276691067846861, 1.2655995562462188, 1.4366103140507642, 1.4294389254722926, 1.5627500206690546, 1.387653702940309, 1.7181044487533654, 1.7921954052682785, 1.2279693011238795, 1.5123155704992417, 0.9438350158523601, 0.5967317030838284, 0.48358974935169613, 0.4966602276441736, 1.3365470522882277], "G": [4.691046509523659, 6.181552032670362, 6.530496677966212, 7.381007901470821, 7.969623217492599, 8.086660879362555, 7.942774990840317, 8.218397281551301, 8.686052389367878, 8.427987019277895, 7.604405055527655, 7.564172382491889, 7.68400839356788, 6.986492741777355, 7.141646934424076, 6.558143917994749, 6.276263129723748, 5.961298115780858, 5.747412296279559, 5.387079286023603, 5.348228578930229, 4.871222824668104, 4.616240609723196, 3.878515234896618, 2.829787037308441, 2.43941410395239, 0.9701844208322246, 0.0, 0.21833263293132074, 0.02423460592080124, 0.4790199647811023, 0.7308275741019833, 0.7191194423616988, 2.19654957792785, 2.7937779929033533, 4.610996171104662, 4.2489144955193705, 5.690368321476147, 8.125443224158586, 7.885912281151067, 8.73616074558357, 9.507478030285396, 10.06124408702854, 9.882488420941597, 9.384474598900988, 9.365394409630111, 8.253039187316869, 8.365514341037668, 7.89344435155795, 7.657116416095723, 6.8803215711044325, 6.857102764553534, 5.262989197885607, 5.486432693699415, 4.703126146338011, 4.0634357187184005, 3.0641842165632314, 3.23590325027461, 2.0038459446012475, 2.136458079652077, 1.4915403149870243, 0.547814968809105, 1.2017406297252726, 0.5584576323860937, 0.6412413691440395, 0.5238152367109233, 1.1332910190355419, 1.2586358301742677, 1.3744012610235026, 1.5410858073633587, 1.525042232294531, 1.6784919328649393, 1.5163514626000205, 1.3433963827175623, 1.422545902114743, 1.6689331474837734, 1.6005065470950648, 1.712617427856259, 2.0527967055743406, 1.9351329397638937, 1.9130911119556262, 1.8074110680512783, 1.3562300700289156, 0.9608855588734608, 1.2656044247952878, 0.8392828113537116, 0.6094062236542426, 0.34010887651443594, 0.0, 0.23338774111190158, 0.0, 0.0, 0.27983895718055946, 0.0, 0.0, 0.0], "R": [9.401526859950655, 8.972523118420398, 9.164748253736098, 8.995863426707425, 8.809923667546693, 8.989697470735242, 9.44290642940912, 9.591250862148039, 9.095876137812049, 9.260999414562386, 9.32269832726404, 9.434563259915755, 9.78344908876941, 9.414337763726012, 9.381596779988982, 9.661802813613589, 9.454400313137322, 9.493159928644808, 9.723866241786977, 10.117753613798723, 9.913134641567595, 10.810380705271633, 10.826095347440845, 10.707122178628667, 11.159525952887872, 11.002682759866147, 12.394998754476038, 12.983135453425087, 12.984477560586576, 13.379026795580476, 14.012192595911015, 14.49234159782698, 14.364369500701264, 15.051743442953352, 15.18706075055752, 15.650918138858009, 16.094960324739755, 16.60977376280467, 16.76630154238722, 17.35270681318807, 17.633425878688218, 16.7984915480192, 16.456852556189165, 16.470312447039742, 16.464030987796377, 15.808253989286378, 15.576982741634406, 16.22432070904546, 16.71866977703791, 16.603135954366163, 17.392084139777893, 17.40060716302708, 17.51430738000354, 16.91591415473618, 17.103250042315306, 17.90150198214924, 18.596020567616364, 17.52974467513024, 17.52675671496055, 17.36322698208778, 17.00074610562833, 17.18856480214887, 16.973668171919158, 17.33136242128608, 17.162050674798216, 17.51111841156558, 18.10338224899719, 18.834476170062935, 16.5224690586877, 17.271800681385972, 16.868474348677093, 16.32427313973533, 14.470115345215344, 12.584292775250132, 14.13674785409165, 12.88711178016035, 8.822415479250747, 11.519463050477475, 12.618534790119794, 12.52024517056318, 11.817404104580568, 11.730184402373226, 11.26147146592767, 10.77594008394795, 10.014401244411133, 9.19650305158813, 8.030929392688618, 7.1152619340550745, 6.540627032024987, 5.90987603074495, 4.87475535850886, 4.157456414912001, 3.194705297033443, 2.7933807745865993, 2.0002402821687393, 4.73591923849462]}