{"R": [8.177042085104056, 9.010479614167036, 9.284683489798425, 9.14731042010345, 9.548866220532865, 8.889631170653121, 9.04374365381126, 9.283018496153817, 9.386787962174617, 9.556154131051306, 8.928071489306351, 9.048471717192603, 9.224127174973669, 9.179630926890638, 9.035189848629757, 9.436035294703904, 9.875586663186711, 9.360781532755766, 10.162252352965629, 10.128767104243472, 10.16017916953514, 10.091880868078645, 10.044722643321233, 11.311319763349456, 12.037748225016212, 12.910313550811713, 13.089165635353025, 14.679951439685171, 14.791147351107913, 14.946110444168156, 15.195202332644897, 16.05949734015869, 15.879847434726543, 16.39002055217386, 17.01959530677235, 16.850165560111435, 17.378959523521072, 17.421543424594613, 16.768331473187608, 16.294255816319513, 16.426508620517804, 15.808357466902988, 15.477156191004207, 15.312906938528673, 15.526952553204092, 16.53361737432421, 16.567985809282472, 17.28753713719903, 17.134842089490522, 17.28363894760251, 16.54345224604098, 16.677453070474403, 17.92646994623203, 18.080980850067142, 17.34386759027636, 17.74527310214682, 17.336580119930648, 16.802129394913585, 17.279883566443473, 16.884859806910818, 17.353168885909618, 17.376926483512847, 17.609639705871324, 18.221309763288488, 18.960221971820502, 16.854622648946226, 17.413002017861324, 17.129495284411508, 16.53793675524734, 14.65304179709327, 12.80799983557562, 14.629718906208316, 13.152560393873857, 9.08693499818767, 12.031088523880058, 13.12212692435061, 13.337663720932353, 12.686511494056823, 12.536958189910242, 12.43085140875478, 12.045348927795025, 11.483953861765686, 10.845260582877671, 9.682441040071128, 8.826196334575604, 8.571856040735963, 7.82881130040658, 7.00967677072214, 6.128768576766071, 5.075219476965171, 4.5368571066047805, 3.4859117998347107, 2.7749347184261537, 1.9013736222678175, 1.5177495225303972, 4.21093814442557], "B": [4.535746275403626, 3.708913961698642, 2.592652974446736, 2.552637227854725, 1.6549646542867498, 1.0667909548860883, 1.2893756431609604, 1.4766343130415422, 0.6806873454639424, 0.2939967652605793, 0.47839137649640684, 0.21907361634831776, 0.6450206656537669, 0.48812591147779527, 0.49180992908181687, 0.4321419395005668, 0.3275305624418118, 1.136949871979727, 0.8969269979390241, 2.0705103772581595, 2.720702502220045, 4.11480172641322, 5.781797865650522, 7.264806759994888, 9.49297972123224, 11.14863038851377, 13.907565324463707, 16.064205180407605, 17.63725874979647, 19.45200775833052, 21.082237069999426, 20.332880507188097, 20.647307044101908, 19.68849936474059, 18.528188872002993, 17.72157561991294, 16.137125198449283, 14.54636114511021, 12.720281760413048, 11.67826561764375, 11.102202207993619, 9.065433030250738, 8.98290426630522, 8.683768275730511, 8.160854595552442, 6.9011938083374185, 7.038676719391078, 5.99373245773646, 5.734826695720883, 4.863870858284215, 5.295577190160297, 4.578233257663516, 3.761511685969546, 3.5324288213758988, 4.262072328344443, 3.3433538524986584, 2.66449965623403, 2.998453536524307, 2.4231006116529006, 1.8624288194981595, 1.7059111884671847, 1.404887266249954, 1.2738130126443474, 0.6822693125101666, 0.18196684888320766, 0.2902737530207706, 0.1243166930568216, 0.014268936639799532, 0.0, 0.08863658225783326, 0.13744137430064174, 0.28148601095754816, 0.0, 0.6035997811572932, 0.8051190909211289, 0.45433896417214803, 0.8205718833961948, 1.025124784508966, 0.9528041673063339, 1.4760984753700814, 1.6271495398717675, 1.6664629046394248, 1.8371869343259308, 1.98871878408295, 2.1694526231951143, 1.8773138169732857, 1.5496181018372948, 1.879480170288977, 1.392972756599762, 1.0133297261877297, 0.8292334073202954, 0.8423156293373734, 0.5764281070541188, 0.5169158872982307, 0.4713669399477575, 0.7685834352816481], "G": [5.600712727068654, 6.721558592479114, 7.187256164545507, 7.650746714923157, 7.655849586583855, 8.569148193807704, 7.923241987976012, 7.1037382074397835, 7.040518549828528, 7.067903666735969, 6.775565800385646, 6.821378186172097, 6.598102403520307, 6.057644189789649, 5.937160569674395, 5.71877540715092, 5.42269681074926, 5.207382561177003, 5.2370001317881485, 5.358521597014673, 5.233342508582122, 4.688474511297377, 4.659879886234868, 3.485741435914012, 2.3463909385858988, 1.7409313016628443, 1.146146078200486, 0.48375705494352805, 0.6365822582939524, 0.0, 1.1862802862532464, 1.9304459039500645, 2.857509259905352, 3.044592701961361, 4.984031095224154, 6.105392799009585, 6.714422139784363, 7.831106770817726, 8.282121025184205, 9.269676423491367, 8.793446017507808, 9.285164520758004, 9.152572733778612, 8.10076540386946, 8.296771579198202, 7.695984939302223, 7.278757775404228, 7.070343441713415, 7.0238305554522915, 5.875105781598806, 5.870904656942276, 5.4143160247204145, 4.609036758606839, 4.328590961087238, 3.82469522878937, 2.8364992900798702, 2.830612041521576, 2.4569688854760225, 1.4742453498402734, 2.234657508547378, 1.426134035458805, 1.5032389554622185, 1.6050692577865773, 2.264291712069267, 2.226558847238425, 2.0690908441438993, 2.3911076006852907, 2.461339252113237, 2.628904887717902, 2.341409653837951, 1.9475869341735712, 2.155718224626964, 2.54809404210028, 2.130299664544039, 2.27287895704069, 2.7801508962773505, 2.4584305499391097, 2.345717893527133, 2.6698016317314672, 2.0535946326120125, 1.5664705376512125, 1.8514320685275028, 1.206758554637425, 0.7732984446053393, 0.7802947525564209, 0.3386494658061941, 0.50619290742661, 0.0, 0.0, 0.3499791029980038, 0.0, 0.0, 0.0, 0.0, 0.0, 0.0]}