{"B": [3.897698517919618, 2.940648300317961, 1.7696978786516369, 1.777889933841137, 1.5464104652789215, 0.9314175053346448, 0.35210669547005324, 0.5199928557620281, 0.41654266446617716, 0.33069343622656416, 0.41748024893483415, 0.12763799291936784, 0.13271631765490025, 0.09794173172960811, 0.522623949742843, 0.2799270301639346, 0.6503469109364299, 1.0595748592616065, 1.5425550548460967, 2.59548828549148, 3.1784656691881175, 4.396147336870486, 4.957192578649309, 7.2862100715954226, 9.671537439522085, 11.731324504391107, 14.069924228868096, 16.2365052355187, 18.092539281126626, 19.876375380960457, 19.415911888001673, 19.324108106665587, 18.521812908964574, 17.75943374211648, 16.64846141745869, 14.545100420312826, 12.516333594188401, 12.777527877844165, 10.982137786136697, 10.362736292431276, 10.03627953204199, 8.21855885393613, 7.93071367725785, 7.64291266379733, 6.682505399309515, 6.565736575281317, 5.178725920647123, 5.413962575178867, 4.4307183611632155, 4.113516780816099, 3.3586694440880316, 4.248280228906321, 3.1744680772196205, 2.8754810378811544, 2.888835348336616, 2.303020684858114, 1.6384989673113517, 1.6173019347125686, 1.1282830784096216, 0.9033819641697183, 0.5007685093396331, 0.46864182809202237, 0.3995567988919016, 0.15881942804828114, 0.1868270451528826, 0.0, 0.09098509695065761, 0.0, 0.44293103298739145, 0.27568355469489036, 0.8412272493514639, 1.2584699967955204, 0.8048714244178822, 1.4597456110994231, 1.4946832760419502, 1.3134474258832416, 1.950546043201379, 1.9653584990885644, 1.9717696940133822, 2.3469924107532663, 2.2311527047211137, 2.5061836749082604, 2.15204051825786, 2.104677541704493, 2.5889385985668003, 1.8632119522463986, 1.4995267244239816, 1.491905682429142, 1.3809653498997378, 1.0588479218307079, 0.7346284984985102, 0.7509641971843799, 0.6516537440833153, 0.31335430453296625, 0.34406332822942215, 0.6972718713180145], "G": [7.711604729429672, 8.426309990517378, 9.187488242034947, 9.138343849278657, 8.500788812623687, 7.871880915221435, 8.356725478037525, 7.6683213184150505, 7.759086576875839, 7.726659578700256, 6.894381245695528, 6.936669446183626, 6.666129344530938, 6.014549667151232, 6.383302269911021, 6.171273940198265, 6.296922905294162, 6.19879143197555, 5.43222673413715, 5.571013793960824, 4.89081023463256, 3.9925565534072627, 3.5349718929670617, 3.06473800065102, 2.556840743948711, 1.2279295108648898, 0.31627703298837884, 0.0, 0.36474964454687797, 1.2395564776831063, 1.4140642406151176, 3.0037788024241907, 4.481242732967054, 5.517766690680198, 6.834361347244779, 7.915296280395639, 9.488510227766643, 8.602902771832095, 8.881518756109186, 9.847106443019868, 8.339565662936476, 8.970952752571039, 8.282330198892636, 8.360824135901199, 8.245262260794764, 8.394694888317039, 6.85662101438184, 6.716257772348051, 6.672138463034005, 5.983630570509711, 5.899034572960336, 4.557866543038421, 4.185773543710752, 4.077867274590767, 3.6305938652971714, 2.4056482709058864, 3.4954525681144797, 2.4883974709856784, 2.682534206303314, 2.7991231326014367, 3.498055982613019, 3.237026390064993, 2.959507437470666, 3.3114252917474, 3.4719393136281065, 3.3558824060999615, 3.0510995048926133, 2.720293254795002, 2.820362180564742, 3.1985241918344998, 2.327539128960892, 2.4104232680019284, 3.3333930749994725, 2.813022347350598, 2.8482805747050475, 3.082420798406765, 2.530478343043837, 2.05925057641892, 2.4738812561651913, 1.7161489395632887, 1.1452855993571478, 1.3381575486166153, 0.8105156767078517, 0.9390090596906358, 0.10223746378005526, 0.1254272761821503, 0.7073685000187464, 0.0, 0.0, 0.0, 0.0, 0.0, 0.13513025140114515, 0.0, 0.0, 0.15107383786483156], "R": [8.924319924309309, 9.379256056862776, 9.048649360748817, 9.060720763439905, 9.383758718081651, 9.343454700877937, 9.293138260857479, 8.832935651353806, 8.70093299767754, 9.062393501663516, 8.919062792141712, 8.854260530308608, 9.148663391227988, 9.50946443727687, 9.026248368810636, 9.722884777564452, 9.764074572636217, 9.60791020439143, 9.790408862339874, 9.83560081888731, 10.898621651145556, 11.332077667386116, 12.483264716749863, 12.719554532209894, 14.516639316458283, 15.549987883271923, 16.241651533176267, 17.86613781352408, 18.02148566704137, 17.690196573446432, 18.16968421639889, 18.638769306397073, 18.429999845006034, 18.32201463085749, 18.322615729681974, 17.544148210093994, 17.163864857350884, 17.09209797477407, 16.36637157231761, 15.932806367896497, 15.635891306143751, 16.399603887432843, 16.74423544067211, 16.729423325906097, 17.076411612995255, 16.865947164303364, 17.117330832815977, 16.850811912507307, 16.750244880054126, 17.60361350540098, 18.05126147025531, 17.494816552816587, 17.698264622323876, 16.969293934056882, 16.61078281146858, 17.171327527265138, 16.765539485667638, 17.188157744677333, 17.18994601521209, 17.52393050234969, 18.13732453250529, 18.722653048596605, 16.831283580772716, 17.53161569305983, 17.114883190305374, 16.89322002637305, 14.99655711031292, 13.022294216123113, 14.780882174281041, 13.408451884895975, 9.361968649938218, 12.407687817197086, 13.579325840340866, 13.754883383532599, 13.20378386748294, 13.179854649743184, 13.13556316227299, 12.980319210712361, 12.532495499105531, 11.873986746047125, 11.154513783528499, 10.299018919800181, 10.118488691520197, 9.481877077923777, 8.71416280306493, 8.013567528951715, 6.885721449881532, 6.390537150313085, 5.185900247043791, 4.376237106048789, 3.2231649787359897, 2.786722679428212, 2.084308636783331, 1.9136059206330331, 1.4943638718500765, 3.801471697236335]}