{"R": [8.872619537567997, 9.109031881236753, 9.052436386451518, 9.417027955513927, 8.833962380086836, 8.85637008426713, 9.221954021166912, 9.225748660956286, 9.29423936744212, 8.816715503043936, 8.796843619464395, 9.051251848040726, 8.993078400233072, 8.807257530250936, 9.283114717352527, 9.600744515156178, 9.20639848870188, 9.829411853444542, 10.034347883711751, 10.039948609435807, 10.123128643413395, 10.055555175639832, 11.300789254235458, 11.97287686163066, 13.007863687784656, 13.361152248099936, 14.531848423092578, 15.283600464874318, 15.398057379353595, 16.146241992714145, 17.059793115404815, 16.673419630655836, 16.966799454019075, 17.41732663559182, 17.315132667186067, 17.929555261228476, 17.73374529038795, 16.966047764829675, 16.293954696563844, 16.65506766181508, 16.07001143632195, 15.506288602293452, 15.385319683267042, 15.945247108489447, 16.593509925965186, 16.688710381873342, 17.019563561718243, 16.9720482088805, 17.295288351420393, 16.40306702125654, 16.693264205551742, 17.63044293456189, 17.96142928056462, 17.28606761340488, 17.81306851594896, 17.24805875675102, 16.717767590486382, 17.230498900035734, 16.768509775018924, 17.29248903821956, 17.30584876415233, 17.497533623579244, 18.121817105518687, 18.723288989390948, 16.689014887553462, 17.300359834868722, 17.029299635714082, 16.54125999333863, 14.631995029022214, 12.852743671346419, 14.63265543946248, 13.163819113518391, 9.070846860911038, 12.131886857462922, 13.198125480026455, 13.386389223386438, 12.786817677915723, 12.679229000657193, 12.684061602331953, 12.311848966649936, 11.797670738499132, 11.274340712148042, 10.189712372093528, 9.448463515553566, 9.13090190873682, 8.446985596958354, 7.646052438206267, 6.788476172475556, 5.743913198053027, 5.190655248793401, 4.149383460867192, 3.3770217639645033, 2.3533652975714077, 1.9246832360402737, 1.5004864438012113, 4.298753866527659], "B": [4.5099792301306625, 3.465312337142068, 3.3205108931900447, 2.013554228550091, 1.638476970741775, 1.868844007838303, 1.6724496665304502, 1.1278791781054536, 0.6383203181942442, 0.6489834115320603, 0.6453354641855787, 0.6854180280388177, 0.5626465631083821, 0.5607207396115367, 0.4418616669888122, 0.4776568210951842, 0.9110862927595523, 0.6242344347533976, 1.5009454801498066, 1.9471520353751868, 2.6494484001221696, 4.041218646671352, 4.950074392133372, 6.759097737194925, 7.961326381404892, 10.783178532709018, 13.916022156820475, 15.156166663179434, 17.32570621730472, 19.064307386484842, 18.816787604989617, 19.545404755384368, 18.643613740114642, 18.644275737093018, 17.727864870133583, 16.281349733730156, 14.688908910201445, 13.344904858425123, 12.192853525801922, 11.266881004738593, 9.552162769660558, 9.311807950986141, 8.956389189766607, 7.909995678489011, 6.9761663784111425, 6.833604873522335, 6.2681992700106175, 6.003577132869212, 4.728705619563869, 5.49960296972243, 4.429362785878598, 3.913764761401271, 3.602340351420804, 4.325584249118954, 2.9631654104233522, 2.7140235488288402, 2.8386247434254597, 2.311605364234295, 1.8748767533173805, 1.5936529565813788, 1.1771932966303416, 1.0933270859483069, 0.5660095474084305, 0.23576343611912426, 0.4607883218440517, 0.1574658046056164, 0.10371942414606251, 0.0, 0.07087083588605567, 0.097820159494542, 0.2972254100325493, 0.051535475565713855, 0.6682646302982882, 0.8186097444453485, 0.607385203684281, 1.1008411564743232, 1.2105882859173709, 1.145423538356705, 1.6807336086307723, 1.7045513598225044, 1.7601622291767969, 1.9587808064888077, 1.9892525852189675, 2.3216353650559256, 1.976914537030935, 1.7605650753914812, 2.1181120463692196, 1.6149602916312262, 1.1651736001250228, 1.0213377173874358, 0.9077788614100082, 0.616135355321895, 0.5154350662072763, 0.5243302490063833, 0.36202851242057976, 0.5985872074254456], "G": [6.371909943654664, 6.955109535350653, 7.451094467656376, 8.010989296309214, 8.540424897109657, 8.1694862050849, 7.4955224819905775, 7.193544427431617, 7.324831863415296, 7.07014443926008, 7.009784395874822, 6.917459275355069, 6.33470123889872, 6.259801605906087, 5.973551255646832, 5.54842444213971, 5.657110969106976, 5.721635477603737, 5.525074146032645, 5.4791575726766455, 5.038824301580089, 5.051089852986298, 3.8672160253878456, 3.000659144291777, 2.530248086851665, 1.65930648072936, 1.1004709704786753, 0.4288782405335567, 0.0, 0.39369783587873275, 0.8253705770130881, 1.785971634303633, 2.7238734738634736, 3.8950701170307522, 5.401159012293131, 5.591761228980704, 7.1443116504012565, 7.752338391605826, 9.061959642465824, 8.454075030888, 8.742891340726837, 9.2664033979976, 7.947203219318302, 8.190687496284994, 7.840340468341217, 7.618593455318799, 7.244645358819175, 7.370975523617742, 6.31057354631645, 6.178247607019583, 5.750771611377388, 5.129736987692311, 4.689539852667451, 4.029423523417426, 3.3748282947408823, 3.124341388765857, 2.8825573982061075, 1.7698953377224171, 2.632107217434169, 1.860291446780759, 2.0323311747515835, 2.2047018564420533, 2.755671849152429, 2.921264230837135, 2.448336501377337, 2.9337861090201875, 2.908145261069873, 3.069430895966442, 2.763931161744157, 2.2291138297566295, 2.5583014928406125, 2.9629787520980266, 2.457327784804984, 2.5802154234913326, 3.151041518880565, 2.7156071130554986, 2.7262669883436392, 3.0052241749670188, 2.289734259078608, 1.9886743546391101, 2.156167993680925, 1.3324117230813721, 1.0696530531237154, 0.8539519289350186, 0.42981461387938313, 0.7069386654586699, 0.0, 0.0, 0.43033965433791554, 0.0, 0.0, 0.0, 0.0, 0.0, 0.0, 0.0]}