{"B": [2.581961264765727, 2.706851722112686, 1.9315043475309213, 1.1827410559818934, 0.5861935510747249, 0.7883691819863765, 0.8101125800255354, 0.3803549473521018, 0.2411077241786882, 0.0, 0.002789597572635408, 0.0, 0.0, 0.0, 0.0, 0.1728778133264794, 0.28745583837490724, 1.2266927339720217, 1.7594728911553335, 3.153856122952764, 3.744915314758414, 5.434299212138923, 7.41112487857104, 9.152260123888086, 10.86497192651473, 13.478386190793161, 15.469146766243027, 17.340466441760814, 17.727371562664107, 18.492187523964944, 18.825082694527207, 18.297012142887105, 17.284666498750557, 14.726101612057615, 13.731665408319005, 14.038305132114784, 11.811741642174244, 11.971053507063493, 10.859457066169165, 8.99224875596721, 8.331787415161921, 8.172990303387115, 7.388293022775589, 7.39340889342549, 5.641902054942858, 5.823444241139767, 4.940496903112811, 4.828606993161091, 3.679367755199068, 4.216496561865468, 3.467985836330212, 3.207957980429043, 2.9614779934278603, 2.222862130379677, 1.5560640969781434, 1.9691196595153144, 1.3886946556185298, 1.091015495737863, 0.9949076497576007, 0.7413563140501318, 0.75827586796988, 0.6495403839304178, 0.48201248218855336, 0.19217854391853262, 0.4342709433576378, 0.14362312813339928, 0.4896122387408661, 0.48930440281582155, 1.1688921793049916, 1.4349061635870721, 0.8871837484750291, 1.4789511506461004, 1.5676500817628352, 1.1947730277871125, 1.8872005685303685, 1.7674436739444634, 1.7349445490168112, 2.0424675986707705, 1.9245203054632527, 1.9512291224304463, 2.047254342507842, 1.8422682666773806, 2.5101812628906655, 1.6604800652139406, 1.4212145767213542, 1.5077733167119296, 1.2288080099502114, 1.2253547835349774, 0.7501026379123314, 0.8859416343443592, 0.6590828799641568, 0.4485947922255294, 0.49564539164961496, 0.25023529093729097, 0.22451470298956316, 0.3325044003759339], "G": [8.469376979745848, 8.996134410223375, 8.409782084727555, 8.385236816726268, 8.649257036748148, 7.973202007631731, 7.999504398333844, 7.780077475761534, 7.395166346619642, 7.24807070871894, 6.789600253234136, 6.25019162060804, 6.578332354484411, 6.207526295269839, 6.242884369707009, 6.3163928515464836, 5.587046223375073, 5.478221949945135, 4.836099848081533, 3.675836448129256, 3.4524520906950733, 3.039595012999149, 2.624004147442589, 1.1764735282423362, 0.4096559187304425, 0.0, 0.0, 0.0, 0.9285709496066288, 1.3569958138971736, 2.789648191930807, 4.419411793061536, 5.358414631605954, 6.623372030432502, 7.8301653468459715, 7.502928888178536, 8.058733172305873, 8.975180353261404, 7.630072547470555, 8.175690107577497, 8.20844993628334, 8.146696358895307, 8.551430031546179, 8.6230002607465, 7.221624932240207, 6.9249380241385525, 6.906827410446504, 6.350908716350264, 6.534841921151769, 5.3639886529648315, 4.798037727249353, 4.442824375611735, 4.2886107983659185, 2.8111218460862557, 3.8672529072813635, 2.6749354099600193, 2.578628440060641, 2.973121327679022, 3.4191318176340544, 2.8123040272671687, 2.5433568752879454, 2.6349830316503104, 2.811828127547881, 2.6029786927008707, 2.2693971036332474, 2.2554759463368903, 2.49348573958853, 2.655065036345656, 1.4686098871786315, 1.5467270203535461, 2.631924778789539, 2.2806948014684423, 2.5090507089653027, 2.9949871636618983, 2.4260363269217735, 2.1338165737190127, 2.7032188276725377, 2.2536211564164867, 1.4933147075915945, 1.9401029224966326, 1.4743621614224873, 1.853150105316282, 0.7519362557756112, 0.823330062556711, 1.3543461797006826, 0.7293392478342637, 0.8902513386440989, 0.5498116433149254, 0.2773898472322125, 0.37442153478766993, 0.48968092771984684, 0.11818307942915234, 0.15611496018657772, 0.3233277459414411, 0.12835092757921393, 0.7375201237235511], "R": [9.295293195454363, 9.088551980313172, 9.653862510058142, 9.405539782790811, 9.298221824216972, 8.746903769724552, 8.547807885319514, 9.015122442119164, 8.742960224045477, 8.73299545045513, 8.987563270409531, 9.290947446600097, 9.03838518572456, 9.579821638877535, 9.780844214779544, 9.637280208486942, 9.741781227909353, 9.57579371082701, 10.473248775005402, 10.562626472236024, 11.205243197744771, 11.308269069949365, 12.553564477710184, 13.667441186837785, 14.68466710217661, 16.109703773056168, 16.85905786375622, 17.528097330145467, 18.27207965384077, 18.777907604539422, 18.589150932299557, 18.639361390149787, 18.743933378509176, 18.23176779995378, 17.708554053590337, 17.311589292099214, 16.74968689852766, 15.845932729423645, 15.997804054305155, 16.5398688416143, 16.954140586603817, 16.815216350753033, 16.85938820344117, 16.689569937988846, 16.94755897500922, 16.766095665775804, 16.736097490825568, 17.363580549879497, 17.758378658186412, 17.448279223890957, 17.604518963180112, 16.780516755968065, 16.609581065658116, 17.26178178275305, 16.94830291213051, 17.116911223356478, 17.295284031202332, 17.568971732334884, 18.12208653880854, 19.045405602023138, 17.16502491624999, 17.845968542660803, 17.653416558436245, 17.48257993629368, 15.569815595025418, 13.445416464937335, 15.31914075722291, 13.985067019738088, 9.897710939402609, 13.171525333044817, 14.479263980693096, 14.647690264775541, 14.087677574002758, 14.058056668655267, 14.116139176597803, 13.917096199061127, 13.68649069448158, 12.946736803910172, 12.457519798467768, 11.644774563353142, 11.26201073077992, 10.767123958687518, 9.975464070452281, 9.440043668862883, 8.289631697074649, 7.635346421049094, 6.44407452462925, 5.457865202865713, 4.316860354523014, 3.7787039334660655, 3.0088780977315914, 2.772971707567634, 2.232420772290458, 1.7553560621677753, 1.4557840762250378, 3.372613765814299]}