{"R": [9.173422766483462, 8.88293583325846, 8.869598338271341, 9.433125885865508, 9.206111662693706, 9.246065503089905, 8.706173126036154, 8.519805293488162, 8.909826946121532, 8.719926129150126, 8.77041135782782, 9.120486362142872, 9.368948712114534, 9.033452857373437, 9.69478608647046, 9.805393718553812, 9.665472185110076, 9.738630986826399, 9.58735590997212, 10.889266931860165, 10.925733633834323, 11.865372741175415, 11.879375889013856, 13.666267637533092, 14.653371228672428, 15.368765880956737, 17.12915979244424, 17.40724502731026, 17.660633305518754, 18.30292466417472, 18.502559968022844, 18.194637208661945, 17.917020882154265, 18.03437453971414, 17.777561823387387, 16.961811645176972, 16.909222437506106, 16.28129665088623, 15.525423319862083, 15.620735028807912, 16.209901682269532, 16.538304940417365, 16.445064466073596, 16.783765501304842, 16.591823189517754, 16.685278208423423, 16.748949411830488, 16.641308675773836, 17.424578047104585, 17.705466027008438, 17.440480654087477, 17.577364606528352, 16.93868438387862, 16.462420284618045, 17.131856062121862, 16.758129326445893, 17.234693217030657, 17.213531795787777, 17.503398492114922, 18.070670869514263, 18.776304552373652, 16.94277183160483, 17.641252984414063, 17.249364107422622, 17.195365507332554, 15.169454775364336, 13.185392211313793, 15.04413449632915, 13.585162978469418, 9.54979391409402, 12.599708313794636, 13.86783681326057, 14.070660844779693, 13.459501649801382, 13.440263855837287, 13.502732594952288, 13.283912143330436, 12.863543479142793, 12.319772704794056, 11.609336481182261, 10.789597378413267, 10.576030110954358, 9.999826907043518, 9.244056994800806, 8.754983345650592, 7.497473856396286, 6.882055313117691, 5.802329392465504, 4.867068996947265, 3.6872477005887525, 3.2212336193973528, 2.523212143665137, 2.3156179136640787, 1.8276792177531724, 1.4571598362295792, 3.488015178954855], "B": [3.263908533309554, 2.227451212711269, 2.0032922600370275, 1.5279774061314846, 0.978320745405999, 0.2582361527815606, 0.5435699370627131, 0.49724504652228096, 0.2898944157248692, 0.2389157559237112, 0.01216028728904403, 0.0, 0.0, 0.18610413151197433, 0.0, 0.16139273964792267, 0.5593641234319581, 0.8610434694052664, 2.083420905989704, 2.2252694736014615, 3.8745908825461237, 4.539845924380886, 6.4527628115224775, 8.355699650742471, 10.87797028071667, 12.997242258777613, 15.702644890795998, 17.56057266122754, 19.152240901411957, 19.21868471537108, 19.62133856980332, 19.54500875384361, 19.01095087314724, 17.410197643540705, 14.85689801474851, 13.372564005343635, 13.368963716475388, 11.570160903854646, 11.288499142783536, 10.345979770034234, 8.687022882579727, 7.991466956582849, 8.102354685217977, 7.105613205666767, 6.977588315971384, 5.623220859595183, 5.684963841752456, 4.735793416974022, 4.5977855130221, 3.5834007863703627, 4.245693804859323, 3.307387039672514, 2.9805912531506165, 3.0576103844677234, 2.5300808723322095, 1.7334689924905697, 1.8149992352540798, 1.3620298619707, 1.0680425166969794, 0.7611710034043102, 0.6976270086878843, 0.48623587588977724, 0.27203184034150113, 0.417262992635753, 0.0, 0.3410793577289438, 0.08764444939662228, 0.48592794685729523, 0.3921275691661676, 1.0579992342402742, 1.334808501535157, 0.8704039827920815, 1.4685324961988035, 1.627576740617159, 1.2887910068963297, 1.8544226410399267, 1.9959287182137635, 1.9105885377133662, 2.2269972864808394, 2.2081878058295525, 2.3945322174062893, 2.262964831853801, 2.065025995383451, 2.7043738437022813, 1.8425923913658138, 1.548155701787518, 1.6913409446619376, 1.3328522573613943, 1.1354188511280932, 0.856375981318961, 0.8808189212904202, 0.7236165403522068, 0.43562486693638985, 0.50187312807519, 0.28952208214492164, 0.7432070022590196], "G": [8.385963228430741, 8.908258731851573, 9.424173206669629, 8.605698781145577, 8.301881343824933, 8.609531836978645, 7.899930435084848, 8.012024362448132, 7.83718617712661, 7.3579167575011555, 7.022674885931537, 6.5764044918419025, 6.2167716960490305, 6.447356511767921, 6.229816442893479, 6.310533383367837, 6.147590397251544, 5.559699334725192, 5.624377476497369, 4.823412344626439, 3.695478092687973, 3.340500846518477, 3.3027435650678374, 2.781022183784576, 1.0977652473638952, 0.5365445001829281, 0.0, 0.0, 1.0808475202494718, 1.1393405792749638, 2.4593081902042937, 3.7583822639589606, 5.090386747137922, 6.663711252280599, 7.515937985823756, 9.459838328968111, 8.84100182184792, 8.878247067744265, 9.898470434563627, 8.586144822570388, 8.994319563887066, 8.88732535889165, 8.581572960771311, 8.854496850093858, 8.796597516182597, 7.396987596103692, 6.877388303018324, 6.969119273656308, 6.033004689056331, 6.471073349309297, 5.025162547123494, 4.682038817624383, 4.3258418686778235, 4.1169730611353135, 2.4729150054494444, 3.7264264150767508, 2.5157596506298203, 2.6898467136373494, 2.971188468929974, 3.571873743835426, 3.253132746440006, 3.0904765376072465, 3.411799970114441, 3.4347575549419007, 3.298898209273686, 2.913174587967724, 2.6947846779397198, 2.802169791136469, 3.1831413266177964, 2.1649535303700604, 2.478514673400025, 3.4148874604445476, 2.931491133965101, 3.0968690447310907, 3.5341059283809546, 2.9358459051076555, 2.3046454240306016, 3.085596316297167, 2.318665647348103, 1.6391863331914607, 1.8915106060755194, 1.4084424736576906, 1.5830442659751969, 0.5580843137742286, 0.4983562821011259, 1.2185157733654401, 0.40762532532718815, 0.4290848895990945, 0.35724195491829247, 0.0711844274770085, 0.15493492964490482, 0.2782485400138487, 0.0, 0.01556582594455587, 0.0994958824950789, 0.3057876132163194]}