{"R": [9.084871302710182, 8.976958260815119, 9.381556633571877, 8.93789588251539, 8.921251267492913, 9.38379296794513, 9.28328869492661, 9.355059440020163, 8.799080045515087, 8.870768340351297, 9.00065670730497, 9.012251283645213, 8.828335981096707, 9.192528958384818, 9.623218676022105, 9.032161792328852, 9.723037688198957, 9.827510779509641, 9.809828864237808, 9.92482398823356, 9.826062724445238, 11.009265873225406, 11.66188725240465, 12.765371072557981, 12.833725700124328, 14.402527446604589, 15.441030334018103, 15.949028839808033, 16.889103018595616, 17.52893728423215, 16.89060213967803, 17.179996872599688, 17.86338470365999, 17.698706048939634, 17.962298884435054, 17.94890405161977, 17.16361533368465, 16.769046085751683, 16.741962455165858, 16.165846473265972, 15.559162141855055, 15.488704267324819, 16.217951473529123, 16.46387918261535, 16.57944629980204, 16.986953721136196, 16.737454363278513, 17.22954279210353, 16.61199253829561, 16.535441110021722, 17.535198611578032, 18.00475772865825, 17.36181900710962, 17.696646105683836, 17.00057294606105, 16.65626260086937, 17.132664396305067, 16.769256709668923, 17.169267980185108, 17.172670870419033, 17.539062762953375, 18.163641382565082, 18.652532819918893, 16.732291306397002, 17.355601241663514, 17.142710683885262, 16.70465715430282, 14.84643501129104, 12.898856220255498, 14.638093294456038, 13.252358827595765, 9.222546408019834, 12.298423569541077, 13.401812184326475, 13.455677626691081, 12.88211309544486, 12.897895208740172, 12.829408357485622, 12.545405257287074, 12.112736628725674, 11.525771838350815, 10.612484106540409, 9.811465688086354, 9.48148562966648, 8.925558817275677, 8.167922107001752, 7.3191341881901195, 6.297352092291387, 5.673148893784685, 4.6462345276579144, 3.856386866246075, 2.76958830052488, 2.3375780270967135, 1.8130716838429872, 1.556545343123765, 4.012616195064688], "B": [3.8913990913579113, 3.902016549907283, 2.7859215520356853, 1.8354495013423155, 2.040893213390281, 1.9069798385214225, 1.2111594151074585, 0.7197982572759696, 0.7292900631321105, 0.6491232431046162, 0.8235838024640275, 0.5424743530755982, 0.45703324281896546, 0.5183573728062684, 0.257482893528724, 1.0217973283277626, 0.6037603566925586, 1.2389660630956543, 1.5467115751343057, 2.254409464192144, 3.474625099616556, 4.148020451797153, 5.453212562663621, 6.2619839526970855, 9.23781539264967, 11.923521771888979, 13.669813319281024, 16.239477388670036, 18.434641982046134, 18.97167390788241, 20.428549551274333, 19.78407591323142, 18.88555814076921, 18.45729353930519, 17.421942954481903, 15.995960118433976, 14.321500029013661, 12.707154558687165, 12.274512455041739, 10.431108985077717, 10.290945520540026, 9.683787438207796, 8.18213772785634, 7.821511099478678, 7.696933162399338, 6.558207167154971, 6.588434006927024, 5.0402955433811165, 5.581583354664132, 4.771602543025381, 4.163211523553174, 3.5717025717811746, 4.375783765722904, 3.0834912781809676, 2.879658165222608, 2.8742608995284757, 2.4194675631750555, 1.7665915797597584, 1.6630612378286527, 1.2282212500458116, 0.9749180356565615, 0.501227627474869, 0.3473620048226988, 0.3929965203816025, 0.09773576914843392, 0.03402735672883522, 0.0, 0.02645383344306571, 0.0932262706338813, 0.42566313803303957, 0.21783115919450452, 0.6919746740813155, 0.976103847986052, 0.7661132381922852, 1.3452478134901187, 1.4357159878593613, 1.3331121853978651, 1.8905390718748212, 2.0105769604854253, 2.023500237247101, 2.283612628532862, 2.253174672646943, 2.6260958984215086, 2.2708356716501106, 1.9722383706204873, 2.412046885037528, 1.8755128556703577, 1.3814387347097374, 1.345602658406932, 1.2058179150474313, 0.8467485394691615, 0.6156661285648489, 0.6382969935960685, 0.5288569765458504, 0.25138148152618245, 0.762941636746626], "G": [6.586642902668115, 7.020589353155762, 7.838439207522282, 8.504937168710097, 8.059719860106537, 7.309410326828075, 7.111677611797802, 7.218196126824899, 6.980871394847236, 6.795050432244999, 6.7198876867118, 6.233790575138305, 6.253030116280399, 5.783747333865693, 5.529190600554125, 5.658695804524556, 5.715739701934608, 5.487783160740648, 5.540823778462542, 4.870209921154595, 5.0474329064153824, 4.252527431856758, 3.3310523397104523, 2.9191644443707068, 2.684745346210663, 1.9631236684897155, 1.043216860374467, 0.0, 0.264503879280793, 0.6067550892240251, 1.907583382289346, 2.522699728063204, 4.033324719162424, 5.241917288983757, 5.471662518615613, 6.838473026459505, 7.510950725392918, 8.691457065053225, 8.150656429179051, 8.54289258286107, 9.1252514827065, 7.759400618509202, 8.18367578675236, 7.84869773890501, 7.572912983184446, 7.444615364793958, 7.678320889503791, 6.292265246848759, 6.098709430966103, 5.986031154629073, 5.347285377800327, 5.027268293807688, 4.195155850381025, 3.8978772631726906, 3.641889633412849, 3.3294870366392257, 2.0901085717967396, 3.091703232327122, 2.1963638827835377, 2.4322604321815398, 2.55414887864293, 3.1411214995423498, 3.1788286131027896, 2.8751839235671683, 3.232487686792883, 3.207499104355052, 3.265955987750521, 2.901214539769149, 2.493179223872181, 2.7222628066950203, 3.096681592378668, 2.403807322391852, 2.528404635851241, 3.1345278602246416, 2.7705136537899695, 2.840536521789649, 2.9426399345196397, 2.485999710509394, 2.0266042543357896, 2.3256417051805878, 1.5201026530482353, 1.153289347765542, 1.0522831591698147, 0.6922306525247583, 0.8767976735956515, 0.06959514667031683, 0.04277515958235923, 0.5498133051086034, 0.05778866646293697, 0.0, 0.0018966798349082633, 0.0, 0.0, 0.0, 0.0, 0.0]}