{"R": [9.407557127050824, 8.97829281674074, 9.170672936829307, 9.001667821774605, 8.815613040711574, 8.99553774558967, 9.449051458633106, 9.597510694445589, 9.10182473920027, 9.267055313105171, 9.328776044994974, 9.440741489013217, 9.789900924634116, 9.420520468333189, 9.387760879432976, 9.668134665486987, 9.460592330810133, 9.499386322922627, 9.730226113732185, 10.124363395660321, 9.919570255235886, 10.817398272931028, 10.833051777601904, 10.713934186969551, 11.16656568469281, 11.009529527369446, 12.402710778334919, 12.991195112881789, 12.992474723714896, 13.387265534487689, 14.020801224862886, 14.5012703088188, 14.373169911314692, 15.060997785452592, 15.196399015078157, 15.660611428332663, 16.10496568029735, 16.62012599385745, 16.776830838753458, 17.363660427882774, 17.644623167867202, 16.80917735883451, 16.467343264519297, 16.480837657934007, 16.47462144224935, 15.818396442955818, 15.586981468201436, 16.234774417403283, 16.729469571771997, 16.61385162467834, 17.403352001612653, 17.41189062083032, 17.525687807436466, 16.926908041839102, 17.114382268187104, 17.913177280128338, 18.608179804627962, 17.541172637270467, 17.538202292785524, 17.374602542647107, 17.01187242615223, 17.199831723061937, 16.984813488342656, 17.342759404302416, 17.173337204884398, 17.522646488643073, 18.115318133493346, 18.846928808116612, 16.533377741902417, 17.283220186830093, 16.87962432712037, 16.335065156345816, 14.47967975851586, 12.592604231462548, 14.146078821519868, 12.895626362530326, 8.82822637661689, 11.527051057082176, 12.626860805432491, 12.528488931072722, 11.825174374821348, 11.737904747232164, 11.26886672856418, 10.783008454026074, 10.020964372165858, 9.202522738034974, 8.036185079316125, 7.119901081646813, 6.544831912199647, 5.913735400843041, 4.877872138710071, 4.160121748172767, 3.1967932613192027, 2.7951802661563896, 2.001526952824244, 4.738946042642949], "B": [4.512526531380173, 3.656646916587181, 2.856110220762354, 3.0201467050573583, 2.6715876997983314, 1.8022625308901612, 1.6660925656084684, 1.1605562882512421, 0.6332763109996963, 0.7323862778533217, 1.3729197642461783, 0.6041251179965571, 0.0, 0.22620319202488157, 0.10111850804154066, 0.684780575632902, 0.7678826882719086, 0.6022904460507302, 1.1528378603489913, 1.5279606464181799, 2.5530804981044097, 2.9578639010372147, 4.9966544710446765, 6.954420386981664, 9.119214789789075, 11.72004728453792, 13.394497116789937, 14.813707875004708, 16.42987175648393, 16.960106648157048, 18.260229974594903, 18.146681094470612, 19.402300021960848, 19.20613408706997, 19.29558274584146, 17.743034448108336, 17.282606076110792, 16.872312790723825, 14.45445781743936, 13.496344934827771, 11.796696832751469, 10.52569889476217, 9.57764241223531, 8.920715253704934, 7.0328722232292815, 7.493072401138059, 7.372231559151993, 6.550204055012859, 6.075476362166973, 6.336068157957032, 5.553323025109011, 5.265193715725103, 4.878418812788933, 4.635926479555235, 4.293670360620981, 3.9555029820685914, 3.4216430217070566, 4.121861585969099, 3.7912371913774265, 2.7040424187311918, 3.1035003866845257, 2.758026686945523, 2.121309032429202, 1.796384844861257, 1.7414895493043543, 1.4510936686616756, 1.0140730140014014, 0.08829223826668434, 0.42656659743936165, 0.01997183103362219, 0.10437308040954062, 0.0, 0.07682585544079995, 0.13288281393809045, 0.3560284646553494, 0.09711502043089201, 0.5463664562736508, 0.7238390760684361, 0.2927188722859979, 0.8279582856803607, 1.0077309815830902, 0.8324931275906667, 1.2729704048658903, 1.444975107781159, 1.4377649613288839, 1.5718487635958467, 1.3957315940225314, 1.7281057767090409, 1.8025655163720662, 1.2351182142528012, 1.5210924398470507, 0.9493042492726912, 0.6002060227831731, 0.48637925173968977, 0.4995323463099052, 1.3443061113856891], "G": [4.795864733423705, 6.319730648399939, 6.67644962794815, 7.546018267277819, 8.147809699898193, 8.267423455571107, 8.120288567809208, 8.402058535174632, 8.880187467095267, 8.616338738432333, 7.774339270147132, 7.733169290965983, 7.855671413908432, 7.142538107759109, 7.3011634936520045, 6.704603791164012, 6.416426175596448, 6.094396194263007, 5.875733100587599, 5.5073291814421275, 5.4676619015480785, 4.979948111020725, 4.719338965544487, 3.9651783965955443, 2.893033433686009, 2.4940295317739927, 0.9919079477701711, 0.0, 0.2233203031566138, 0.024879883617463353, 0.4898739121165528, 0.7472938434838627, 0.7353801186308934, 2.245856962269901, 2.8564556644903987, 4.714280296727466, 4.344051833210176, 5.817746157407938, 8.307245003676309, 8.062283906682568, 8.93149129686833, 9.720063552189114, 10.286208460642454, 10.10342568490992, 9.594182076276073, 9.57472111148889, 8.437461302406842, 8.552393714406929, 8.069715916402386, 7.828109820405726, 7.033855470435441, 7.010100868063082, 5.380271521520257, 5.6087320801226594, 4.807863279898334, 4.153798023341569, 3.132116649785615, 3.307756452385309, 2.0480943998222836, 2.1836390849595815, 1.5243122108518206, 0.5594310203032455, 1.227980433377074, 0.5702610233414204, 0.6549057022514307, 0.5348219889809619, 1.1578998881330969, 1.2859789056408903, 1.4044574127790757, 1.5748232575309535, 1.5584429378738858, 1.7153516823476447, 1.549664753913599, 1.3729264971534156, 1.453789977949383, 1.7057352043930445, 1.6359746413338554, 1.750482636767091, 2.098219259424681, 1.9779464521154266, 1.9554513114767595, 1.8474004191177835, 1.3861577890171053, 0.9819906512589873, 1.2935671908056605, 0.857741021306728, 0.6227625982856396, 0.34748857869886435, 0.0, 0.23841018118456855, 0.0, 0.0, 0.28599354588083237, 0.0, 0.0, 0.0]}