{"R": [8.911704352939068, 9.365288201060695, 9.03459942386937, 9.046626986753129, 9.368865521233028, 9.328187523100208, 9.27760494424444, 8.81825300303348, 8.686430811424138, 9.047182272157807, 8.904062692952515, 8.839198421036505, 9.133034848729798, 9.493061232819475, 9.011050920649474, 9.706244009749616, 9.74763094390649, 9.592024672691885, 9.774380688881905, 9.820175038276654, 10.881640367085328, 11.314998388935054, 12.464427104431865, 12.701795357313761, 14.497168943230125, 15.529917703466838, 16.22181161235629, 17.844910346504786, 18.00110581630183, 17.671692734168413, 18.150025674125285, 18.61839578159091, 18.4096757718556, 18.30146202059719, 18.301476952838726, 17.52313096125648, 17.142367812138204, 17.070751782564052, 16.345195113620715, 15.912077162481548, 15.615324217420175, 16.37656066530842, 16.720342387225067, 16.705332214831422, 17.05107070399353, 16.84092508787003, 17.090750117828836, 16.824847506463623, 16.723827022455662, 17.57540939632741, 18.02172993816809, 17.466722265132695, 17.669040508746125, 16.941151902757515, 16.5832176044054, 17.142241352383305, 16.736816218540522, 17.15856742932867, 17.160055819031744, 17.49330386119274, 18.10532162952085, 18.689557236349824, 16.801567257577673, 17.500473356080633, 17.084530534059414, 16.86309619719499, 14.969908574049342, 12.999156271365889, 14.754875633825206, 13.38480581208502, 9.345858520301224, 12.386389350710202, 13.555760093983915, 13.731350696876346, 13.181327807433753, 13.15733389888012, 13.11349670995986, 12.958520091468367, 12.511575447504123, 11.854413437942814, 11.136129432517484, 10.282379972526815, 10.101890885079886, 9.466431239014595, 8.700294292815768, 8.000507389773507, 6.874497215380321, 6.380673250628048, 5.177972588925438, 4.369497061184195, 3.218239443270627, 2.782523441468683, 2.0810641338054565, 1.9106193803832594, 1.4920863844690837, 3.7952363928550685], "B": [3.91353109020407, 2.9525855709824405, 1.776796143044088, 1.7850549239170355, 1.5526434486213003, 0.9350763262778606, 0.35342029633913075, 0.5220094432263874, 0.4181393297728312, 0.33190421889938465, 0.41911093639908803, 0.1280303580368663, 0.13314423148204266, 0.09826832272884732, 0.5246691208272923, 0.2809637389360111, 0.6528746191091902, 1.0637530033997749, 1.54876375390355, 2.6060040162274594, 3.1912978219979817, 4.4140029612962755, 4.977356372356138, 7.315936429253394, 9.710989549726609, 11.779215148943862, 14.127411248576768, 16.302842834566796, 18.166546461789693, 19.9577119447343, 19.49538123265034, 19.40318401997454, 18.597568491623544, 17.832093847245982, 16.716553931209504, 14.604546977075083, 12.567446682438659, 12.829829942075156, 11.027014869689028, 10.405137710528166, 10.07731654729348, 8.252083837987263, 7.963104645487489, 7.674131781230421, 6.709800033640103, 6.5924871484992735, 5.199846450435612, 5.436031842099027, 4.4487247695670975, 4.130162848586111, 3.3722396915436, 4.2655062729361894, 3.187322789138494, 2.8871125423733552, 2.9005610348258783, 2.3123517918527163, 1.64510257678844, 1.6237637420620759, 1.1327576768393486, 0.9069717844049212, 0.5027527966195869, 0.4704527779902361, 0.4010977068885134, 0.15939844025712188, 0.18754854379110414, 0.0, 0.09134362217819743, 0.0, 0.44473117818601077, 0.2767975314224124, 0.8446880925171562, 1.2636154846671177, 0.8081758442021899, 1.4657726051435565, 1.5008150260094144, 1.3188379333034885, 1.958561972103149, 1.9734535801788167, 1.9798978212417644, 2.3566576824369245, 2.240336842772858, 2.516502414972142, 2.160925166073673, 2.1132933556082807, 2.5995936724251947, 1.8708715173215795, 1.5056944456190284, 1.4988565524687871, 1.3872873815328808, 1.063758912602465, 0.7379870470102423, 0.7543191766385257, 0.6543236722663456, 0.31486516305443113, 0.3456273770973289, 0.7001284098910842], "G": [7.179243067340716, 7.845152391181338, 8.554088194704907, 8.508358269094659, 7.915377027155324, 7.330524759862919, 7.782079259230103, 7.141083365291208, 7.225526707010713, 7.1956726278903265, 6.420963690777904, 6.460523560049543, 6.208941785990203, 5.602846556229098, 5.945425042386514, 5.748732510887133, 5.865450658522234, 5.773767712908598, 5.060247378628803, 5.188806327076833, 4.556086269485587, 3.7196574598296532, 3.2941706660302827, 2.855128092532153, 2.3820760643002106, 1.1445956343725738, 0.2950264952893372, 0.0, 0.338513170350483, 1.1511729312566212, 1.3141456921231507, 2.7938339322234653, 4.1690842356307565, 5.134117756541996, 6.360054355427173, 7.366918069536637, 8.832040898353794, 8.007645407732552, 8.267716654926526, 9.166390003325812, 7.763560938203464, 8.352800584922651, 7.71223456053005, 7.78554538618431, 7.6787835518392455, 7.817885583938716, 6.38762237784512, 6.256717096099245, 6.216251770156828, 5.576279435828448, 5.498329895650148, 4.249341954352451, 3.903898215760189, 3.803280716939892, 3.386836881739171, 2.2476261874720738, 3.2620787531930615, 2.3252464643193607, 2.506192611125477, 2.6149829047589703, 3.266151817606879, 3.0236577138208096, 2.764168386887364, 3.0923029790989855, 3.241353960666816, 3.133365170274766, 2.8484617971049624, 2.539352767725941, 2.6332767030250404, 2.98455519932803, 2.171221820006449, 2.249943057167551, 3.1097318724772802, 2.625164151663895, 2.6575447477068788, 2.875563581855419, 2.36143884942914, 1.9227271579495775, 2.30823504663203, 1.6024677965951861, 1.0708103569443475, 1.2495750445928444, 0.7586438836169717, 0.8779192412655611, 0.09844629432965518, 0.12005589279523445, 0.6611936745779469, 0.0, 0.0, 0.0, 0.0, 0.0, 0.12644797850433628, 0.0, 0.0, 0.14214512301964957]}