{"B": [3.211701676959062, 2.1918925633439597, 1.971406780800827, 1.5036374233994512, 0.9627680604969161, 0.2543248761555436, 0.5350901695304199, 0.4895166512302558, 0.2854427676067182, 0.23534973615836527, 0.012132191627167402, 0.0, 0.0, 0.18334606358142067, 0.0, 0.1589370970858874, 0.5504329908036757, 0.8473412726997052, 2.0500555418846407, 2.189492966510443, 3.8122093680437596, 4.466721208977616, 6.348868712851426, 8.221110999540898, 10.702656770781385, 12.787887454368773, 15.450442757946561, 17.27745344568261, 18.843799436879305, 18.909279723179043, 19.30546217302924, 19.230497899277697, 18.70510266014042, 17.13011865628398, 14.61799850199389, 13.157684321863375, 13.15414609733207, 11.384227708420413, 11.107242559865291, 10.179806395434978, 8.547439014901697, 7.863088704530779, 7.972161603657585, 6.9915068997113226, 6.865477965867532, 5.532912045611651, 5.593618248200515, 4.6597252888056895, 4.523801346828494, 3.525779751968268, 4.177361004690185, 3.254112439395672, 2.9325590080565713, 3.0083467504832306, 2.489247520183949, 1.7055099984449886, 1.7856155409611787, 1.339910126366608, 1.0507446986960656, 0.7488549707270498, 0.6862188309026906, 0.47827373504322224, 0.2675533051005705, 0.41044666935702245, 0.0, 0.3355272733901331, 0.08615906557291322, 0.478059924868234, 0.38585706162131034, 1.0409724790132187, 1.313265489158046, 0.8564352708068815, 1.4448985138274058, 1.6013654017265935, 1.2681305038715343, 1.8246161583810063, 1.963878102558382, 1.8799881518530572, 2.191248988535857, 2.17265883491244, 2.3560710702178547, 2.226582051763474, 2.0318232300374532, 2.6608618068217647, 1.812934384398428, 1.523322647680203, 1.664133458173435, 1.3113945927607218, 1.1171382037936954, 0.8425785805754635, 0.8666436261651516, 0.7119671185273548, 0.4297109140287096, 0.4937704951334383, 0.28484824393540475, 0.7312127840618827], "G": [8.08217010159741, 8.586440005272761, 9.08346163768698, 8.298094346047298, 8.006398512476306, 8.304057676642394, 7.619518217638815, 7.727147511247323, 7.5600683884249404, 7.098587706683492, 6.776661984305632, 6.347994475014038, 6.002545070295407, 6.223225118779426, 6.01575479964747, 6.093227911500362, 5.935261594959778, 5.369099462098978, 5.428580650871285, 4.6602888852814, 3.5715571513713, 3.230645981803917, 3.190294697334331, 2.6882838446894124, 1.0652054858167759, 0.5221364768457877, 0.0, 0.0, 1.0376562671427576, 1.0949733051627466, 2.3646709017292884, 3.6140778687714454, 4.896503450144928, 6.414012770326704, 7.238956762906042, 9.110935409591214, 8.515352880360343, 8.553760540636375, 9.534422808434886, 8.27366382314529, 8.671249834744044, 8.570313050143167, 8.275754517595946, 8.54106944655388, 8.485426590440914, 7.1416405674272925, 6.641599130595095, 6.731589244891761, 5.832798929278382, 6.256950376689291, 4.863697772159128, 4.535748296320806, 4.192339776693511, 3.990340893615084, 2.4106936107615615, 3.6178244962211608, 2.4538357524012464, 2.6223026122435087, 2.8940175120255893, 3.474088066262723, 3.1689285807968166, 3.0088094861772836, 3.3200519997943103, 3.340937379384547, 3.2110057330857207, 2.834669733284405, 2.620779293373982, 2.7272214495822773, 3.090987136742883, 2.1012428430890187, 2.408748451121613, 3.3133779875707874, 2.847431863159615, 3.00481621634683, 3.4262614747327693, 2.849456669198995, 2.2412155680770853, 2.99193736962396, 2.2522286563116167, 1.5967315186668842, 1.837530443761924, 1.372413732953524, 1.5397743731489175, 0.550504981065309, 0.4937499549612141, 1.1848265664681945, 0.4028411646803836, 0.4221275849909513, 0.35139022485495963, 0.07431067141099933, 0.15383837884192686, 0.2714084846200153, 0.0, 0.017674028829403145, 0.09809501837669884, 0.2998587522413121], "R": [9.1606496214612, 8.868728892073309, 8.854966867758456, 9.416027284589747, 9.188348702206456, 9.226706503511767, 8.688488416134906, 8.502453351219179, 8.891163510927374, 8.701443114132754, 8.75128580631771, 9.100508528244154, 9.348266853054097, 9.013909516021267, 9.673359582211237, 9.78403305542933, 9.645310274565029, 9.718735538045001, 9.570366188777143, 10.869433613426628, 10.909085210577834, 11.847848104448985, 11.865880923578557, 13.65246095940005, 14.642367673835814, 15.360460734991943, 17.123502689718013, 17.40423446407857, 17.66028299917672, 18.301240808448547, 18.501588558683586, 18.194507895768208, 17.91660954793352, 18.030675445256886, 17.769151525338287, 16.952506921803074, 16.899881652012358, 16.2695973029213, 15.515062758588916, 15.607951671517432, 16.192344312139216, 16.518526624706556, 16.425649920104895, 16.761526191174806, 16.56969787720509, 16.6597340082438, 16.723316912943478, 16.61394920369966, 17.394939469689728, 17.67314042492859, 17.409855417445314, 17.544385048453787, 16.906424584552415, 16.431314224436434, 17.097780031302705, 16.723476747725716, 17.19881967886149, 17.176784033244868, 17.465459833412368, 18.03077698461554, 18.73465764763548, 16.904966021389566, 17.60136033941426, 17.210733485898068, 17.155860855552536, 15.135430731978515, 13.155456201414482, 15.010702528966888, 13.55494834339054, 9.530232198451861, 12.573761640355722, 13.838122857893882, 14.041640629673235, 13.432354011944039, 13.412463370881357, 13.475903917476654, 13.257768133211636, 12.838356431232418, 12.296342832562372, 11.587506053649253, 10.77004226021351, 10.556650052519894, 9.981351882280865, 9.228498743592429, 8.738755439227933, 7.483614175282489, 6.869832763540156, 5.791812867214926, 4.858320074438917, 3.680559689198108, 3.215707513855561, 2.5189905837239674, 2.3120135714520758, 1.8245459364133343, 1.4544551943074733, 3.4816274116167842]}