{"B": [3.8700974738325873, 3.0240824099515073, 3.197560279218402, 2.4489784389988407, 1.8694610439214967, 1.7169798660058853, 1.3272347878568809, 0.5808920396196262, 0.7952976804279092, 1.3401800416495777, 0.5582755437086795, 0.015783791693340155, 0.0, 0.0, 0.3531338938595066, 0.5849231928012545, 0.27174531370263083, 0.5297097161463301, 0.6565220388933852, 1.6427398440878664, 1.7413024281392262, 3.399682165013934, 4.880344410932325, 7.053691133785198, 9.182657053220018, 11.414722184858238, 13.561206154448426, 15.006232456060204, 16.468427156329287, 18.338696789142272, 18.64324667703302, 20.392822992229114, 20.355370232977286, 20.05698470373551, 19.089998540394657, 18.703523164400455, 17.701540399050884, 15.76831950297948, 14.551725811838262, 12.714620645205022, 11.268861185982624, 10.104422781516112, 9.492778067339078, 7.2776076960210325, 7.667349251611264, 7.69816763094547, 6.945714342930688, 6.386081474124985, 6.528705384085126, 5.739585185918842, 5.295837407267704, 4.821333558258008, 4.916265571331922, 4.279324132466493, 4.051831594042216, 3.3943903118935146, 4.230367345241829, 3.7585220460783764, 2.7390360962545195, 3.061384827040434, 2.7539469459222405, 2.123808881241607, 1.8930162575704335, 1.735052090197676, 1.468143351618057, 0.9345386745765712, 0.0, 0.39343091102950667, 0.08701004245663924, 0.15478761069515642, 0.0, 0.047764133342148796, 0.04500012275825476, 0.4147460046540944, 0.020188204108382266, 0.5158194712920336, 0.7890900916863762, 0.28811349136591824, 0.7776856207148974, 1.0035350854812646, 0.8102181325859681, 1.4129904671128242, 1.5540955945301114, 1.4844739734902173, 1.6315907809705879, 1.7150370842286005, 1.8252175562311852, 1.887735070001279, 1.442466008182207, 1.7378837040293413, 1.1931119414077422, 0.7341746922327231, 0.6631022361018005, 0.6604788279151019, 0.34764326168464804, 1.3544770885563902], "G": [6.275887784936798, 6.592540672493992, 7.683885656692867, 8.259700870598948, 8.38726564473936, 8.485290140131623, 8.396351501441035, 9.22425711755723, 8.856453989826568, 7.802279770465876, 7.672564964957783, 8.01158217040367, 7.339611663599663, 7.35867507746482, 7.037334225567705, 6.62233294309837, 6.422740213657768, 5.990000310149998, 5.796946877965348, 5.62438257563828, 5.496920828643885, 5.529171952292413, 4.986814299209241, 3.9195746893205583, 3.4690152454762737, 1.6565637405448757, 0.6141344950916293, 0.509436647869817, 0.0, 0.24103084019379478, 0.24993078253717219, 0.3900978330211901, 2.0885863991321325, 2.519021408348724, 4.605865152535583, 4.001606349773634, 6.0045811054168095, 7.549593486040626, 7.808957734276904, 8.94112886128868, 9.806227997976215, 10.700506230676286, 10.060095408440313, 10.232794805828197, 10.123193719087364, 8.696303952429062, 9.12959492292321, 8.441892478234546, 7.9234904299195525, 7.568948203012494, 7.1583970610467595, 5.800646163855753, 5.901183648769115, 5.283135177701335, 4.383009289632544, 3.5081862738323, 3.2982597798071525, 2.2977745473055675, 2.2781661938982487, 1.7875706033922774, 0.8125767935575474, 1.4385675088563081, 0.6152621427135984, 0.8716252667827669, 0.789312325235305, 1.3760047856710476, 1.5973407002038174, 1.7280948816668522, 1.7249825575687887, 1.8567729062368978, 2.057453448279924, 1.7979521160641674, 1.7284770855791285, 1.589406537808939, 2.072963694555798, 1.8938568484342728, 1.994715105104176, 2.358956944630001, 2.2089582437374955, 2.174437632617078, 2.2184085561273292, 1.684335353301163, 1.267049584272371, 1.592858403513159, 1.1420725479699845, 0.6983726759601212, 0.4853845014744994, 0.015793621319877424, 0.27783799181594687, 0.0, 0.0, 0.2980959040634558, 0.0, 0.0, 0.0, 0.0], "R": [8.91266716368329, 9.286893695921094, 9.22171443023829, 9.160236419424587, 9.209773908933819, 9.46907186399369, 9.671661588494947, 9.144162133709019, 9.290322607971905, 9.410898729327366, 9.50244331070018, 9.680560585072824, 9.52469239799238, 9.375305293614549, 9.672377188636831, 9.404821350352137, 9.54594729961499, 9.790141415552991, 10.080509048821957, 9.858938236956536, 10.691674565381108, 10.5600327943001, 10.341680378793777, 10.592763175299847, 10.736023665013615, 11.951862266724866, 12.463838892247084, 12.91216689060321, 13.368714185831456, 13.954088182396404, 14.574158305443701, 14.297095738989121, 15.076560785392623, 15.46609471737851, 15.616399590678453, 16.092334605235667, 16.70738505619032, 17.219914574799102, 17.48774716706458, 17.71908329627017, 16.8963780843826, 16.57794566269338, 16.690021972311005, 16.450563559786143, 15.83695373044555, 15.57791115681345, 16.076055503207645, 16.692412454653493, 16.77328504855041, 17.29253494118665, 17.566902707475798, 17.547508919259297, 16.801597751628325, 17.141549841562504, 17.937548408141314, 18.618872982249158, 17.606655191979666, 17.710945844984096, 17.465188516501623, 16.989193424285702, 17.250855561375257, 17.050074020046974, 17.411961351214853, 17.205764377185258, 17.651739162256842, 18.3073999154344, 19.05346475244426, 16.632463818143517, 17.420777507717663, 16.964040326268787, 16.459470269523834, 14.598022833093736, 12.6866200338343, 14.352298845601144, 13.068753125576519, 9.007263738164289, 11.684135879577632, 12.880250238501986, 12.87671374305228, 12.169299789102427, 12.125192926138098, 11.608490233685838, 11.247956654018388, 10.52957830984134, 9.737386469913922, 8.574041402951408, 7.760306564688051, 7.252358375837748, 6.54617115474319, 5.524013672045787, 4.7586801031375865, 3.7445579292205333, 3.3323127561872843, 2.4190685404696826, 1.8592124713347735, 4.26737079511613]}