{"B": [4.415905132619064, 3.616156064031297, 2.533767240368548, 2.4963483499468135, 1.6247580581457817, 1.0568715243515647, 1.2709652118646553, 1.450238860459799, 0.6772274010414343, 0.3018559598060041, 0.4803018838338157, 0.2286561129090642, 0.6413726281504047, 0.4874838893473963, 0.49076893139573685, 0.4319516340608474, 0.3293799498483154, 1.1147342953780413, 0.8813710583435458, 2.021017896462774, 2.65176632015591, 4.003616423062043, 5.621922268514888, 7.057360941632836, 9.21673977259407, 10.821835376851825, 13.498306218917127, 15.589133357385546, 17.116634009609573, 18.875188036468565, 20.462466229866116, 19.736765832654925, 20.044865850227904, 19.11439756627475, 17.9934319260067, 17.213706952127367, 15.677106923943724, 14.136211025726361, 12.36507403822399, 11.35668267638156, 10.796231291505661, 8.820617214140123, 8.740330905269909, 8.446763367045325, 7.93958036163333, 6.7144837495251535, 6.846738600765592, 5.831346901508893, 5.579802913467261, 4.730859935878098, 5.150298445826819, 4.452398544608685, 3.6564567333952156, 3.43315562784962, 4.140389270489596, 3.2453545963726587, 2.5865086250723897, 2.9099854988460176, 2.348223612550847, 1.8063808633700569, 1.6517515745062326, 1.3597832622435175, 1.2326425821981424, 0.6602213804435736, 0.17399081925319512, 0.27968509626793064, 0.1193408806290994, 0.012916231237484269, 0.0, 0.08598765519355774, 0.13297092250274214, 0.27262033568532834, 0.0, 0.5879503219548361, 0.7825313964756742, 0.4430131432331597, 0.7975558262264807, 0.9960703163175235, 0.9269019298002549, 1.4331270747160063, 1.5785117759439249, 1.6178353629710085, 1.7819478179040766, 1.928337459503293, 2.104204972217996, 1.819452725739627, 1.5020814455262264, 1.823606619790271, 1.351569488417411, 0.9823556012096213, 0.8046874630477298, 0.8173287637710956, 0.5592143395465522, 0.5010452080131084, 0.4572183489426666, 0.7455290604203898], "G": [5.768868346415768, 6.924392183630701, 7.405654782479681, 7.882364188400016, 7.889394385753979, 8.828703714326526, 8.16414204427746, 7.321012766409123, 7.257297513343548, 7.286385461819421, 6.984397533895932, 7.031941429974787, 6.802156561277459, 6.246122722217601, 6.121942228941531, 5.898163130008858, 5.594448827787691, 5.37084966261936, 5.403010857163861, 5.526371190161671, 5.396865336238207, 4.83419895728826, 4.802269334615436, 3.5943313236473777, 2.4201118143891476, 1.796127198942475, 1.1806673478222025, 0.49862083357693154, 0.653911826804696, 0.0, 1.2152475470870068, 1.983175513711567, 2.9366089971005107, 3.1312616710987435, 5.129135752213097, 6.283859806143266, 6.913527842072814, 8.064670914381955, 8.530085380130737, 9.5468313934281, 9.057546209913388, 9.565388595553873, 9.428650909413909, 8.346899733150384, 8.549629670174168, 7.934855236150952, 7.50543066186768, 7.293513371416144, 7.245944360460038, 6.0656734891982245, 6.059578082620432, 5.590811908936794, 4.765716153856629, 4.477935118984507, 3.9571656425591737, 2.942588291818495, 2.936870473854432, 2.5509691070936866, 1.5417122704900785, 2.324087700648907, 1.493240113223684, 1.572937500968716, 1.6786298581414432, 2.3585592046208457, 2.321833097295831, 2.1560164155295363, 2.488544308798773, 2.5603338676665723, 2.7323951667959827, 2.4327295319089792, 2.0243667293342464, 2.241331529516662, 2.64381907465959, 2.205817047060722, 2.3571906411703636, 2.8811690296711885, 2.550024727222477, 2.4324121335535893, 2.7658559988220994, 2.130851165063982, 1.628734003258086, 1.9207829323807923, 1.2562929568445291, 0.808213930519122, 0.8137688793553837, 0.35928695563943963, 0.5309373757338803, 0.0, 0.0, 0.3666024627919075, 0.0, 0.0, 0.0, 0.0, 0.0, 0.0], "R": [8.166746763925074, 8.996788227944531, 9.268555340546277, 9.130660684966607, 9.530649261245083, 8.870135070267988, 9.02521294078127, 9.265600952001908, 9.368341981588582, 9.536923339724417, 8.910119345840029, 9.030052371862887, 9.206275833960005, 9.162409500767582, 9.018284216921296, 9.418860431097931, 9.858123656016524, 9.345284598464655, 10.14554752236489, 10.113462013060685, 10.145822283879985, 10.08010195525281, 10.035196141476078, 11.303973442548568, 12.03403952983064, 12.908674724520582, 13.091688967938012, 14.684542684768278, 14.79741321794792, 14.954764163732532, 15.2047490144807, 16.06623620899387, 15.885756532321453, 16.393868805477247, 17.018742433590244, 16.84692816428664, 17.37227611478069, 17.41121188930852, 16.755827229462128, 16.27956905275204, 16.411559199996923, 15.790803421844947, 15.459937072882282, 15.296851290980067, 15.50974593006898, 16.514495211045872, 16.549546132000597, 17.267308080609013, 17.114513808271518, 17.263458990262812, 16.524623810159323, 16.65833570470606, 17.90595832304687, 18.060292351018102, 17.325626024795568, 17.72665532915312, 17.317509060434322, 16.78455333574425, 17.262291141850362, 16.86600619748831, 17.33471730671261, 17.357970958460857, 17.590004464325897, 18.199305465898615, 18.936774263462244, 16.833920528019725, 17.390955038596225, 17.10755575596728, 16.516048204638423, 14.63406003060513, 12.79174249733688, 14.611310615099196, 13.135233870814258, 9.074918945279835, 12.015900899267455, 13.104693258586993, 13.320846767567039, 12.670994891003717, 12.520996870430382, 12.416568946656588, 12.032378580764071, 11.47131444725552, 10.834382011841523, 9.673598750830429, 8.818519873056378, 8.5646858027573, 7.821856692242425, 7.006869622087797, 6.1260525188709956, 5.070687622614588, 4.534565251811207, 3.4843851206201726, 2.7737133272226226, 1.90100596911188, 1.517311427697969, 4.209045854619862]}