{"R": [8.89623209830812, 9.269421293326536, 9.204454637079815, 9.142883682985229, 9.19212406267656, 9.450855494317263, 9.652900803973962, 9.12624754933363, 9.272164778303713, 9.39264194492923, 9.483751527289865, 9.661330478948768, 9.505639490889235, 9.356557139022316, 9.653247966360716, 9.386300034806343, 9.527024487381679, 9.770802133569749, 10.06061171873067, 9.839819851153075, 10.670908331283227, 10.540079744301257, 10.322636609214975, 10.57388397820622, 10.717531233442092, 11.931626434758327, 12.443239902769358, 12.891142964482006, 13.347072854978386, 13.932076183902112, 14.551006381426811, 14.275077125558408, 15.053014433283689, 15.441682493902036, 15.591411009890978, 16.06624339731792, 16.679798687778035, 17.19071396208087, 17.457610016085244, 17.68789655776189, 16.86640348844198, 16.548260307727855, 16.659864552933747, 16.42017455896905, 15.807903789931768, 15.54935397028453, 16.04628312006511, 16.661193451547216, 16.741918995528895, 17.25987187750295, 17.533541599620186, 17.51397923134635, 16.76958841840602, 17.108652719992328, 17.902947852385257, 18.582659766832805, 17.572739606983504, 17.676625822567633, 17.431029641881885, 16.95606922936792, 17.217074795854508, 17.016507287286146, 17.377563104024023, 17.17172958878059, 17.616727600905314, 18.270876777852898, 19.015084084182977, 16.59915932472961, 17.38577148751333, 16.92997591296419, 16.426334047178393, 14.568683449297977, 12.661163910725039, 14.323592870672783, 13.042498386742379, 8.98934097857894, 11.660914785037193, 12.854487330587572, 12.85110193629955, 12.145203163949619, 12.101117682391894, 11.585649140633233, 11.225886079301558, 10.508941720370297, 9.718378326743732, 8.557389697416273, 7.745325557732751, 7.238402475476128, 6.533510043412071, 5.51388930009836, 4.749895122899367, 3.737288544651646, 3.326096902279034, 2.4145680499182265, 1.8557170844147488, 4.259655941510657], "B": [3.8301012812543345, 2.992778275758362, 3.1644398361793944, 2.423505786935476, 1.8499410706845363, 1.6990069352211339, 1.3132797656216502, 0.5745655094747005, 0.7867919580876224, 1.3261311800426474, 0.5522290550059844, 0.015315385379258006, 0.0, 0.0, 0.3492204656671864, 0.5786534019757511, 0.2686883973546973, 0.5240086700112353, 0.6495513268278, 1.6256346055195459, 1.7231754021264907, 3.364542557480788, 4.830039083379532, 6.981139428439344, 9.088293006152622, 11.297481158455156, 13.4219884037314, 14.852212930415309, 16.299109241808306, 18.150479975704926, 18.451893436999924, 20.183540342420386, 20.146400951098578, 19.8510541540523, 18.893925957608193, 18.51144970276191, 17.519652846954077, 15.606204363155596, 14.402073796350514, 12.583794033911056, 11.152824462227231, 10.00029420806358, 9.394999810487777, 7.202524025010687, 7.5882980635679775, 7.618833218549716, 6.874053254109966, 6.320208179118052, 6.461396545844393, 5.68036467304294, 5.241148299110433, 4.771578517135235, 4.865543576444094, 4.23512213146922, 4.009980161389834, 3.359309680797802, 4.1867378456371265, 3.719767712784892, 2.710735402604038, 3.0298329637956014, 2.7255735120272644, 2.101861465214728, 1.873459626222754, 1.7171200374579234, 1.452944334635164, 0.9248308633360239, 0.0, 0.38925376408125517, 0.08599181651501268, 0.15308109244081022, 0.0, 0.04717370976031337, 0.04441026554504768, 0.41038459354131845, 0.019871885900744467, 0.5104455959819746, 0.7808908629857775, 0.2850366276989696, 0.7696123339590406, 0.9931253989235477, 0.8017990800065201, 1.3984037989415148, 1.5380718706337315, 1.469148932607881, 1.614785414894306, 1.6973992192571994, 1.8064499239867764, 1.8683500649916025, 1.4276216357746896, 1.7203003397104448, 1.181095797603232, 0.726619422434785, 0.6565030998549622, 0.6538787869319113, 0.3442226176382284, 1.3406260964525707], "G": [5.965488313913348, 6.266789043101647, 7.3037959940757196, 7.851185341672016, 7.972614672328678, 8.065912256864644, 7.981579294656406, 8.76836472248947, 8.418840389759174, 7.416952610880221, 7.293981354632419, 7.6163627158926515, 6.9776546969989495, 6.995712970043365, 6.69047453197671, 6.2959283281514615, 6.106436121034502, 5.6952262021860145, 5.51181601172347, 5.347445583028096, 5.226588022101742, 5.256651815900173, 4.740713036330297, 3.725943828381543, 3.297161010489943, 1.5745391016230568, 0.5834369635407327, 0.48359324885578026, 0.0, 0.22779121491657217, 0.23635586782836573, 0.36887279507674525, 1.9831711512705261, 2.3924273154232494, 4.375870731075742, 3.801926669248106, 5.705820041980609, 7.174780815868216, 7.4217486853812735, 8.498285251597014, 9.320557016202647, 10.170628864829327, 9.562284188844378, 9.72704100737195, 9.622568775556735, 8.266561016808545, 8.678706654792474, 8.025562713574683, 7.532942583058343, 7.196447387302595, 6.8065695780225965, 5.516487075450568, 5.611764040354632, 5.024768399762709, 4.169763985020558, 3.338889308206277, 3.13878900198698, 2.1882669564415607, 2.169883412098784, 1.7034035726689538, 0.7770965631441514, 1.3721167957343678, 0.5899637561472714, 0.8335572896951707, 0.7555595025721586, 1.313482621436391, 1.5243204400331818, 1.6476619770201988, 1.6450724550636338, 1.770127854772736, 1.9606466674619887, 1.7134618166188902, 1.6467697806947243, 1.5150562828203282, 1.974282069294325, 1.8025504406110615, 1.8992232435763734, 2.2458736690164325, 2.1031740276478534, 2.070053674893008, 2.111883925968698, 1.6039854466337469, 1.2072705585451564, 1.5166634751163768, 1.0879708890286361, 0.665912736327304, 0.4632150343750021, 0.01678646867969871, 0.26570857708261436, 0.0, 0.0, 0.2842576602699041, 0.0, 0.0, 0.0, 0.0]}