{"R": [8.88998003845527, 9.16467679108616, 9.10810439571273, 9.393155531266641, 9.380404058867386, 9.630452475944274, 9.056416111829051, 9.209629859462476, 9.397242165279044, 9.502029757655572, 9.63960829948942, 9.274825479248694, 9.28215219116523, 9.491660905890345, 9.284510673385071, 9.30599971640133, 9.656394293092548, 9.993122976411087, 9.59514745530884, 10.529894641639487, 10.441654499738481, 10.26418408051941, 10.271124779435272, 10.340189655444451, 11.639876704803651, 12.073245670782274, 13.071822566549267, 12.89474791841062, 14.370368877182228, 14.580471828366054, 14.327605692632552, 15.041798059398554, 15.63717832427288, 15.53455712485596, 16.182649165986465, 16.729532347404437, 16.805016237657668, 17.30733706912674, 17.532233954482848, 16.596787095570562, 16.44679242571406, 16.394957888492748, 16.15150980155905, 15.750059171085665, 15.372547337160755, 15.931917718579149, 16.53273268738165, 16.490641427427896, 17.1699304315264, 17.252499260615885, 17.32805030621511, 16.516438260831322, 17.003305944204218, 18.009334274331323, 18.197938311807526, 17.51357238512454, 17.712684493712704, 17.326433322139156, 16.931160139233057, 17.235680584600072, 17.097054024641945, 17.319128892891726, 17.23719126100399, 17.686677225507488, 18.25716978939152, 19.038015277278202, 16.766174772416885, 17.486050427778935, 17.08459590645701, 16.57151048165703, 14.554434318065505, 12.781533208693954, 14.548790560226607, 13.122432728961643, 9.019089688847648, 11.903211900549218, 13.089863261143785, 13.146418117012402, 12.410637100302486, 12.312714203878238, 12.059565904071102, 11.618517355064114, 11.042985807499198, 10.222065886214311, 9.142367753622313, 8.2431383011231, 7.8702482413599375, 7.112575279945507, 6.223518031053773, 5.412503387997297, 4.367267582754473, 3.932337470317155, 2.9366215253084818, 2.228513108959052, 1.5166333054744843, 4.151657596486582], "B": [3.264604092967437, 3.7440616126187876, 2.9737749877541266, 1.8253862654774584, 2.078895669304251, 1.4408509196752937, 0.7428991379200683, 1.03434991879944, 1.3176241306486445, 0.5758503593680202, 0.08062866170022448, 0.12124285440705693, 0.06511004699135338, 0.4304029629653587, 0.48590457905985796, 0.32659815906040984, 0.4592926510501694, 0.40563607321646944, 1.3252260317019586, 1.1431968692692955, 2.3555106403307424, 3.5251072468389353, 5.20213924392095, 7.094725335182164, 8.803813463553642, 11.530378739805283, 12.85502616584506, 15.178552287328175, 16.822602869116913, 17.978148557892165, 20.039139439002895, 20.466551057068628, 20.13967091818303, 19.421290811880727, 18.815823933917255, 18.081666131461922, 16.491408378481694, 15.174243531336392, 13.511872493638279, 11.994191766355387, 10.747522516322359, 10.217156924329853, 8.189314886215204, 8.233455524160822, 8.221837509783304, 7.267853382691878, 6.654374539893146, 6.706865659454972, 5.699923284894816, 5.392786090667119, 4.864999698660953, 5.1835799539898435, 4.2308469292707125, 3.689307732557109, 3.485024428574203, 4.094419001479174, 3.5358721380917855, 2.6996073122056554, 2.963983614030223, 2.6318640757063676, 1.8507127662705323, 1.9143478921346702, 1.6150070278156, 1.412687273756423, 0.8240701883110497, 0.09378436904927336, 0.3467269951197605, 0.09606700393482168, 0.007545019176445714, 0.0, 0.17898312755679324, 0.09357631204637996, 0.3679331448462731, 0.013689619700015976, 0.6597614698012356, 0.7704053987020673, 0.33347980424072493, 0.7674472230803246, 1.092823993040724, 0.9481899759617505, 1.4940519409299888, 1.6806388390829763, 1.5648713956885183, 1.7376436712605738, 1.8922073473495846, 2.001854804366225, 1.9882647255003258, 1.5304776040820955, 1.8303582439847415, 1.3238759847131782, 0.9155259233722359, 0.7552344751757954, 0.7303461073844553, 0.5178578907589939, 0.478027575847968, 1.1733195683836162], "G": [5.885064033348104, 7.066561234347187, 7.52301359239037, 8.088929351199468, 8.007375628556828, 8.085061797475372, 8.949201684647734, 8.325458795632608, 7.445695008414082, 7.338270791708431, 7.584036765224454, 7.083178636304927, 7.109449120824159, 6.808207178193698, 6.28882424479372, 6.130980592116911, 5.898784900280593, 5.481824149446218, 5.387023579913097, 5.267085928208307, 5.320982160534386, 5.103183715044678, 4.422770572041625, 4.19967217783488, 2.676854020544285, 1.3655158054878767, 1.0204251327764435, 0.7466938126248414, 0.35148978200433134, 0.24338379705966787, 0.0, 1.39204238378038, 1.813752197507642, 3.9636362555051647, 3.43184678245247, 5.433335319716021, 7.1097173544143955, 7.259763672718002, 8.405324697219209, 9.189604383578828, 9.802861851689801, 9.508386303680691, 9.49822049874886, 9.364750767705768, 8.385679695428136, 8.479073102357818, 7.988828131699799, 7.7421804268496395, 7.479914668225082, 7.200293185831043, 5.821144457503245, 5.868271210581766, 5.350810990731496, 4.403128689086819, 4.09046879969483, 3.4826968406168444, 2.496504617695119, 2.51117377727243, 1.9657267171956283, 1.0420396466362072, 1.6967950272808927, 0.9840711641138513, 1.1555235278608662, 0.954765371222861, 1.7583584154418415, 1.8265045499537254, 1.8062822867572934, 1.9073938024298387, 2.1335498816053913, 2.2718429702005274, 1.9490271747080288, 1.7608431482317661, 1.7790667974241283, 2.3017172410307905, 1.9412053938335152, 2.006887706351513, 2.5074548252183257, 2.2860351103394096, 2.1927618448165593, 2.413038284211552, 1.80347319074439, 1.3621038229338733, 1.6627322444126051, 1.1605439449165833, 0.6005117663596935, 0.631394110576471, 0.12767884810323019, 0.3769423506385476, 0.0, 0.0, 0.2569877345281083, 0.0, 0.0, 0.0, 0.0, 0.0]}