{"B": [0.0, 7.438372318637669, 19.69468157744115, 26.54798871291685, 23.348808095926437, 10.402944287967259, 1.071101852627157, 4.509339203857722, 16.867300958491406, 27.566694649097258, 29.807018353530907, 23.278951579327064, 15.9780135771712, 3.947547306608367, 0.7915962660167688, 0.0, 0.0], "R": [1.0309667728336271, 0.0, 0.2755831377591278, 2.3847647471001023, 8.636692496085127, 14.15090377348368, 12.464672258341375, 11.749304594333761, 8.446829081218564, 6.888389942609916, 9.90675130090679, 19.07779287342683, 38.63237528786519, 34.202183489578054, 32.39192742605742, 27.872317324047117, 34.110219537613574], "G": [33.233847947993425, 26.62888663228106, 13.803803136525701, 3.521255324783472, 4.230606692725603, 16.390110939456882, 34.07317067179273, 42.451275513375855, 28.386009883171525, 10.56833464132049, 0.5086986424870678, 0.0, 0.2486947248839266, 1.3776694108036047, 1.5773922965018703, 1.966193680259319, 2.4880518866076398]}