{"B": [0.8054483368704495, 9.564867402782763, 20.569654583289232, 25.729687272489326, 21.989638162665315, 7.873469070756754, 0.0, 5.8317888086581595, 17.66168278169814, 28.358031781224536, 27.00797947592577, 21.501334892534516, 10.466365321089357, 3.2012541763755373, 0.3116899223365071, 0.21766003824746494, 0.0], "R": [1.4265363020724788, 0.0, 0.3131199122439217, 4.153668063890891, 11.749950466871363, 16.569810628065397, 15.077460766739389, 11.624794911998677, 6.918130076930941, 6.57455629148437, 12.44969652659454, 27.830638801856214, 35.583485415871145, 36.15836118711135, 31.350951944411605, 25.087240034633023, 29.532074407640177], "G": [31.35620529377975, 25.03076355407203, 12.699574562878382, 2.6414576300320225, 4.967878534023178, 17.89771704757114, 37.67534471659405, 41.25593345151728, 25.09463619410802, 7.927599544784717, 0.5613856499509007, 0.0, 0.7494329203317144, 1.2201044135980037, 1.6769131790052825, 2.0121926864359843, 1.8713790438102307]}