{"B": [0.0, 0.0, 0.018932668746752666, 0.20235800951984667, 0.4125233124173427, 0.8827016317811404, 1.4299407821350085, 1.9794484843759337, 2.443912104608852, 3.20563538725356, 3.7927496911110845, 4.700200075434659, 5.277017249091515, 5.838051999799604, 6.479525213512734, 6.66046933360865, 7.013515124250343, 7.45916222603706, 7.282365155933779, 8.119223563319785, 7.5248024332452355, 7.033249988300843, 6.416903850840044, 4.977194061972804, 4.809306590215608, 4.529735242310509, 3.281642336342636, 3.0734107188108046, 2.391797798647397, 1.634080214582713, 0.8385216143953379, 0.8309477412457632, 0.2983516010498616, 0.11820050827868799, 0.3474932685458169, 0.17813191178460752, 0.29439668766028293, 0.779845283069661, 1.031651926066267, 2.2046120974873573, 3.1364315819753497, 3.9514074469950504, 4.978822322075091, 5.636216234348579, 6.42788698687334, 7.050944527838042, 7.961618854948893, 8.496102667954252, 5.784819547813962, 8.487962324084839, 8.387456307028316, 8.799600507131352, 8.54070595983649, 8.073665331014176, 7.646056874435651, 7.06347411145002, 6.819960381141968, 6.063760879908727, 5.883914006327645, 5.132803384433529, 5.047356275438876, 4.783243753666602, 4.3187839617052095, 3.3560067618315665, 3.1398702287409743, 2.5222022263183304, 2.087731006707982, 2.0044398220647754, 0.9827743278327011, 0.4292458980844613, 0.46018193691085824, 0.25144141854279956, 0.2773863485665269, 0.0, 0.0, 0.0, 0.0027105990644633628, 0.0, 0.11577818609573812, 0.0, 0.326876549538897, 0.41202757567804194, 0.28181220147556996, 0.47620941852761134, 0.3764350207410175, 0.31032528359247663, 0.37977586321351786, 0.19978569353947967, 0.24782952065692354, 0.19740039303762374, 0.23428338575581234, 0.09752395095019145, 0.2210133813331498, 0.12707271032092587, 0.0, 0.0, 0.0, 0.0, 0.0, 0.0, 0.007449370683687823], "G": [8.305955421900418, 9.327017886527738, 9.832872950487879, 10.240697023182134, 9.964088598058389, 10.12028442346884, 9.119862260611745, 8.504536781087669, 8.218091578040811, 6.743964178871319, 6.032991211523025, 5.431504991291157, 4.446875284921982, 3.421104616089403, 2.7267483705181608, 2.0733235582049905, 1.6857038308454968, 0.7790538583204092, 0.609724508532543, 0.3074502555422618, 0.25477194161197736, 0.1389636345542626, 0.590121523638247, 1.480970014131567, 1.6364581789298853, 2.080853789972595, 3.2728999682125557, 3.8305428368726124, 4.835258557210977, 5.941325347341758, 7.353139944021449, 8.039465157537997, 9.352370189213202, 10.121605509563947, 10.464415747983676, 10.968594738919355, 12.161566112359354, 11.743775069309839, 11.852612947954572, 11.751217950137093, 11.2489796354137, 10.835770245281443, 9.259675951736305, 8.266033176982198, 7.260461375561401, 5.659796668822876, 4.598839893886923, 3.982862498006108, 2.6036529295533475, 2.4557569232149956, 1.6398024253353793, 0.7688875825666881, 0.3349335870185161, 0.09516815276918861, 0.0, 0.0, 0.0, 0.0, 0.0, 0.0, 0.0, 0.0, 0.0, 0.2687252522298875, 0.17841968971362943, 0.43379863345867276, 0.8110564344057992, 0.5184563624781144, 0.2365034771921852, 0.29304150329401335, 0.3379369241407202, 0.2115177897156132, 0.40453965134650127, 0.3767778258002743, 0.2986559267303356, 0.21268976457969918, 0.014934651948618203, 0.19271395505758723, 0.232953448083084, 0.20873192117343511, 0.31978365539093273, 0.17961549221193235, 0.08772350991426522, 0.24284233806121677, 0.15232230347219847, 0.12382394810590115, 0.1260813588581864, 0.23083352117545075, 0.0, 0.0580691969659017, 0.0, 0.018144290445350496, 0.00427881598819258, 0.06658552421993999, 0.012532447909421715, 0.05099100255075206, 0.01839631877030402, 0.04249529303939974, 0.0, 0.0, 0.05290078853491539], "R": [1.1585837660280924, 0.8125169331909265, 0.7562241618247265, 0.34696907707012675, 0.3481719529290532, 0.03752530880679115, 0.3051650641967321, 0.0, 0.0, 0.15695646865171314, 0.2652439987506823, 0.15947024134799256, 0.2683475586208302, 0.7084786655450948, 0.7308445449388058, 0.9013939908926927, 1.193919132802498, 1.2730069670594708, 1.779629407082708, 1.1969250000053167, 2.104302346461583, 2.6631409950342584, 3.1778099071955204, 3.5126831965971004, 3.8747693215897097, 3.9709331154702805, 4.221044079387072, 4.336837702857119, 4.4109296982463455, 4.567126024895331, 4.5780825084637655, 4.364697868087258, 3.957534236445977, 3.6003634074675666, 3.1883997186741806, 3.514985774518795, 3.237386959873436, 3.4216663573300052, 3.311014306392486, 3.249152908358573, 3.65435357368674, 3.855330481831848, 3.4654819953454137, 3.626015632215996, 3.188306870552963, 3.2949799545227987, 3.1939829240321638, 3.025081924323496, 2.852382965755459, 3.5206065286074226, 3.5942026555476914, 3.51506676846459, 3.6634876034469177, 3.7913836668572336, 4.276466744265202, 4.791864851883375, 5.131457769134231, 5.135934920782828, 5.793789060259995, 6.301660859666764, 6.908780923170991, 7.839353952132989, 8.84965763397887, 10.047688731644966, 11.193722230365, 14.051472235583066, 14.423147805754548, 14.209220145218001, 9.515583165453835, 8.756129873509042, 11.035523234860817, 11.360203943596492, 11.070701108169828, 11.842421595316567, 10.30791806379525, 8.704296793655747, 8.32451393312905, 9.124234103082822, 8.247652562768087, 8.533638497072007, 7.094131701901423, 6.965497111511917, 6.679478628599858, 5.322367424341141, 5.000321778803965, 4.511365337544616, 3.9711592627696293, 3.2722868204379267, 2.9672841121781874, 2.538609892389961, 1.9538925437297636, 1.6785341267906997, 1.3074656798836675, 1.017134998713025, 0.8970877164219213, 0.6332593524546218, 0.5145284586049713, 0.3348481305618497, 0.2484007514539536, 0.19286424999318688, 0.3269232226467067]}