{"B": [0.0, 0.0, 0.019723673164264995, 0.20907371592255936, 0.42600014556289795, 0.9113272968003363, 1.4761600782628463, 2.04337987986887, 2.5228091064524127, 3.308975280960875, 3.914970611286789, 4.851616526472034, 5.44697700428469, 6.026039302043839, 6.6881395716136876, 6.874884064447476, 7.239280023664753, 7.699243349505001, 7.516739764104638, 8.380529584248423, 7.76695744019889, 7.259566966766373, 6.623385631244806, 5.137345839644753, 4.964051800372466, 4.675483782867532, 3.387246935581998, 3.172322249933723, 2.468794250090094, 1.6867139581427837, 0.8655802869892064, 0.8577790128114756, 0.3080796899802285, 0.12214966108644866, 0.35883813605979664, 0.18404472922032408, 0.30408439448456237, 0.8051582803971602, 1.0650790412586868, 2.2758019476839317, 3.2376028042920835, 4.0788011646300815, 5.13925970675068, 5.817789032796483, 6.634920068325727, 7.277998939804979, 8.217952531448164, 8.76962276392201, 5.971037677795214, 8.761165569332325, 8.657401006585319, 9.08278904914194, 8.815546191177125, 8.333464322589247, 7.892065726707188, 7.290728822127089, 7.039376018362358, 6.258842974951373, 6.073205684769294, 5.297924792323002, 5.209725772079765, 4.937108254790542, 4.457697472083801, 3.463935152239846, 3.2408317275618144, 2.6032728030460732, 2.154852485703798, 2.068869812304774, 1.0143458760382138, 0.4430214624706909, 0.4749445212076475, 0.2594850469409881, 0.2862762775631341, 0.0, 0.0, 0.0, 0.0027713008841388524, 0.0, 0.11948099042923564, 0.0, 0.33738014721314546, 0.4252666465238736, 0.2908625937324194, 0.49152460979016316, 0.3885365744070523, 0.32029937395709496, 0.39198683827654984, 0.2062095819456171, 0.2557961112865585, 0.2037485874023874, 0.24181798408696784, 0.10065927502846607, 0.2281233198726941, 0.13116188688151856, 0.0, 0.0, 0.0, 0.0, 0.0, 0.0, 0.0076917278858441036], "R": [1.141901637594417, 0.8007735541267113, 0.7452009306439565, 0.34180327715445, 0.3430152603566512, 0.03685159996135296, 0.30074181531712035, 0.0, 0.0, 0.1548794232591996, 0.2616945824933294, 0.1575389432790309, 0.2649404655873143, 0.6988608468994791, 0.7209895765182348, 0.8891375217513963, 1.1775258410045335, 1.2555519689808345, 1.7549202409678377, 1.180639696431597, 2.074987737556589, 2.6257946964125076, 3.133032721353407, 3.46295487623117, 3.819844921177394, 3.9145978877854053, 4.160976293476034, 4.275081299157472, 4.348019836764106, 4.501878943186568, 4.512565186694719, 4.302215522138784, 3.9007859377714857, 3.5486866106602446, 3.142626601484206, 3.464510461714191, 3.190863551289527, 3.372562606317737, 3.263513414692264, 3.202653777305354, 3.602165291323481, 3.8003601910376306, 3.416223598236342, 3.5745518677135624, 3.1432060146587437, 3.2484514782879703, 3.1490205842037344, 2.9826049666051144, 2.8121332688608405, 3.4710858321102522, 3.5436410784517927, 3.46569921169829, 3.6119834699776887, 3.7380107257491515, 4.216115177141119, 4.7240886210648805, 5.0588022913357085, 5.063137731908569, 5.711567154195432, 6.212098255311788, 6.810528243118569, 7.727769966921904, 8.723580606975244, 9.904367863055082, 11.033994594547321, 13.850812216636319, 14.217105903424143, 14.006238504232869, 9.37961752700259, 8.63095854357123, 10.877759148538644, 11.197776740818126, 10.912409201921898, 11.673044404252655, 10.160490661604676, 8.579804215443968, 8.205469071586073, 8.99373735489597, 8.129714747723817, 8.411585645211215, 6.992708434852164, 6.86592648634314, 6.583985607090358, 5.246297656559334, 4.928849626286423, 4.4468800618646105, 3.9144063887404834, 3.2255068699737866, 2.924876389252685, 2.502324161087293, 1.9259742467398278, 1.6545388063237576, 1.2887902852530084, 1.0026000917114024, 0.8842571302302425, 0.6242016616607982, 0.5071688054484389, 0.3300578916535903, 0.24484779535754927, 0.19010576330309878, 0.3222462650584409], "G": [8.275643112121386, 9.292974261188018, 9.796872377078248, 10.203191889163964, 9.92759294496962, 10.083202066464798, 9.086437347388136, 8.473329202732769, 8.18795023005884, 6.719212055383454, 6.010838047331481, 5.411546124958958, 4.43051874461657, 3.4085057946794084, 2.7166908056055337, 2.0656644633028303, 1.6794643936953302, 0.7761374976837528, 0.6074385082037679, 0.3062637718773813, 0.2537969234794831, 0.13842492974139076, 0.5879410561076853, 1.4755465275990276, 1.6304704377122428, 2.0732472077039645, 3.2609374424343116, 3.8165413512438273, 4.817582472175335, 5.91960363027272, 7.326253704807349, 8.010063567697626, 9.31815698852052, 10.084573833318235, 10.426120604950594, 10.928446591679625, 12.117041462210581, 11.70076837183657, 11.809199563565869, 11.708155496382515, 11.2077472563074, 10.796042785092997, 9.22570642271394, 8.235698667042595, 7.233803086208712, 5.638995847880288, 4.581922694631653, 3.968199550229733, 2.594074396399525, 2.4467046405560358, 1.6337437349994741, 0.7660185959884728, 0.33366147315182243, 0.09478030600392669, 0.0, 0.0, 0.0, 0.0, 0.0, 0.0, 0.0, 0.0, 0.0, 0.26776083329229766, 0.17779278751236932, 0.4322489723503651, 0.8081108369363372, 0.5165857846059791, 0.23565983444852787, 0.29198522297247115, 0.33671882045150475, 0.21076285448675924, 0.4030727867157364, 0.3753963645219426, 0.2975564945323826, 0.2119071930367839, 0.014887784158729375, 0.1920024176449851, 0.23210777971503546, 0.20796566438836886, 0.31861696226673364, 0.1789631902217472, 0.08740592765495107, 0.24195373169483553, 0.1517674535141666, 0.12337356709274928, 0.12562169189764513, 0.2299897715559395, 0.0, 0.05785641847287071, 0.0, 0.018077896282375487, 0.004262109936815682, 0.06634099295763313, 0.012486078378698582, 0.05080460819589274, 0.018329434066773644, 0.04234093107432798, 0.0, 0.0, 0.052705719850867215]}