{"B": [0.0, 0.15594676930269166, 0.056348043052588455, 0.3958934933560195, 0.26422921945521793, 0.9370016278506449, 1.4044532142614912, 1.9429770924950625, 2.395346088667741, 3.001510720465457, 3.794077238901219, 4.369526884116639, 5.261065581052126, 5.689038743724769, 6.167271815096348, 6.644381926059707, 6.849540688348849, 7.237411309083408, 7.003866489257843, 7.834956518675766, 7.539142820415308, 6.812068619904009, 5.787159001707805, 5.166578034555327, 4.58933565056647, 4.279632455083877, 3.4127162181809636, 3.182579071046869, 2.6837260114065766, 1.7748632565420037, 1.0183638136054818, 1.033490440895028, 0.3297290312088225, 0.2220922256112209, 0.3673769397445274, 0.5608940328310937, 0.314449058399893, 0.8252442351656769, 1.0943659955438156, 2.108281159043839, 3.0469024644131864, 3.896439290374721, 4.79587128712658, 5.594087768382667, 6.51198069963498, 6.714921339175351, 8.126045878356646, 8.033673074048195, 6.502267736796706, 7.7060455278818765, 8.580996915664835, 8.220550123455642, 8.379030199907124, 8.358408943001152, 7.506137915017097, 7.178279454464293, 6.734999120842573, 5.932172383107777, 6.016166976269532, 5.136813014987795, 4.93985562576941, 4.663389907758015, 4.343364640039399, 3.349636762248108, 3.2332248253414844, 2.6045154342446426, 2.2394470729203, 1.9839889503029058, 1.1887949701220077, 0.5180539379766438, 0.31475657487588177, 0.4089058422610409, 0.2606394065051851, 0.0, 0.12003601210294283, 0.0, 0.0, 0.0, 0.08236136437591664, 0.0, 0.14213127486519003, 0.3274023120280694, 0.5314216436501228, 0.3289800928477326, 0.3975314619517322, 0.268322573644016, 0.42966677503298917, 0.17815252015258723, 0.24203715562388597, 0.18921642064835628, 0.22066742541892284, 0.151216958270707, 0.12058325620298073, 0.14286787910619958, 0.021848784192258112, 0.0105669201263522, 0.0, 0.0, 0.0, 0.0, 0.002141671530661239], "R": [0.9819831510776291, 0.7063464353259904, 0.5963951578923906, 0.2997031978867023, 0.2931713533288462, 0.0, 0.10331023676463093, 0.0, 0.0, 0.0, 0.12290638874932318, 0.3057894509179345, 0.13051829122202027, 0.5366476841416297, 0.6950604286998878, 0.764260807649657, 1.0130856823578867, 1.2958366265584997, 1.4652617795376528, 1.2700113658855008, 1.846897240685735, 2.3512942756397694, 2.9131989764129664, 3.2509796616057502, 3.347261310631329, 3.59655769615466, 3.770181333901225, 3.8300859103181235, 3.7550528560728043, 4.044303266707564, 4.003363770516113, 3.8283431178513285, 3.678417978605719, 3.1906243765739304, 2.9464184099099877, 3.0116023418052698, 2.9524214959806767, 2.8453730795945558, 2.9018762198339583, 2.872056786733338, 3.122612202029684, 3.39635768384334, 3.2229272676900256, 3.294086637661705, 2.7092578997201606, 3.163893963402081, 2.7139284762819273, 2.6527315098506627, 2.701623287818538, 3.175272822996542, 3.137211966967841, 3.244237777539107, 3.3432309631553316, 3.348280441927225, 3.797205031237196, 4.200494189413557, 4.6841903428440546, 4.861008447274315, 4.903463257542452, 5.637329876452236, 6.0864889668731985, 7.106447816558886, 7.650071849818379, 8.98863413346746, 9.973501291083155, 12.008966155588839, 13.00144169761185, 13.326707769995055, 10.05564641854732, 7.4847304738404095, 9.320081284108657, 10.375750703645041, 10.053053231082085, 10.725347007477012, 9.696225447724812, 8.198122303554488, 7.496478612828884, 8.17123698332829, 7.698146751912429, 7.702393448475099, 6.832128736235056, 6.245530024150198, 6.068288406170773, 5.09876577204493, 4.730464548124384, 4.071614789708646, 3.709286672883294, 3.164943035279373, 2.6981429275019027, 2.309975748870137, 1.9078828551534692, 1.48297054684038, 1.250893915891044, 1.0578284859778135, 0.7735870900831934, 0.6290713359404477, 0.45838362014703377, 0.3350716471812835, 0.22612465879662433, 0.17100479645242425, 0.3189569476639448], "G": [6.812932507863239, 7.314714464549181, 7.8551267472867945, 8.061697369819345, 8.219272078085721, 8.010564267475596, 7.569158569083532, 6.9095082175708, 6.58473983579189, 5.739036932980463, 4.91007887850941, 4.312611210824799, 3.736778253780342, 2.9792279418219745, 2.2519126674265153, 1.673126657741267, 1.568615434953219, 0.5723262206932233, 0.5273373107051682, 0.30475429137140253, 0.3192649354863057, 0.17221380677481885, 0.657252231073408, 0.7503522893718881, 1.4270770168407974, 1.6149130604454371, 2.473926543865323, 2.8697568985611026, 3.767233526994478, 4.473380902137517, 5.7631973961247684, 6.391019117490261, 7.456468467264127, 8.075207900673279, 8.282178509602824, 8.593856166870236, 9.594866305856959, 9.6412863764979, 9.329957019654408, 9.369369318448658, 9.099234404993169, 8.693277937137271, 7.545350165321051, 6.744205220542327, 5.920896345597783, 4.617299604781357, 3.871450478556311, 3.130788728740229, 2.5395264941801194, 1.7385611887585417, 1.3377169496084576, 0.7652305781448926, 0.3601243862879529, 0.0, 0.0, 0.0, 0.0, 0.0, 0.0, 0.0, 0.0, 0.0, 0.0, 0.15934397146309243, 0.16803802314793648, 0.2691328175897163, 0.41169015158210925, 0.5788638422648368, 0.455223048617924, 0.24664327701361405, 0.3218835604559839, 0.16691922786622237, 0.25445172147202083, 0.3108957912453632, 0.25512763902957836, 0.230266943000375, 0.0, 0.17048935397448453, 0.17668328267891495, 0.19586451996436693, 0.2725061007363621, 0.08514593920515384, 0.07690123168472143, 0.12640903777270787, 0.207746884514124, 0.12024208842444868, 0.12490572322377437, 0.11496668606293348, 0.05906432675690107, 0.06582771692927125, 0.0, 0.08355192408517233, 0.0, 0.02519077339273297, 0.021732402542223722, 0.024434632033888154, 0.01997601091638228, 0.04376645907270364, 0.009864303233680035, 0.0, 0.03490346760938324]}