{"B": [0.0, 0.026195859384806192, 0.04667703375342147, 0.3193775223917526, 0.7242005179444682, 0.7997608544491308, 1.447952534399426, 2.0372395398714, 2.5612664549108017, 3.0760685521808973, 3.753972739615641, 4.340972879919184, 5.199413921183375, 5.615809428363448, 6.07231557278612, 6.736694660902666, 6.705265288770444, 7.1234727735163235, 7.345280834994735, 7.4584572760981205, 7.7191889858841725, 6.880453845393225, 6.427790050453155, 5.356270074565826, 4.40499431536878, 4.01635746328408, 3.793980431566634, 2.8317449008035283, 2.478903996631184, 1.9753305373881385, 1.255030139314748, 0.6826419821949914, 0.8791185412304288, 0.4553260707354881, 0.250633995700017, 0.7108936854446583, 0.629306684738209, 0.8292650024733292, 1.3804855928270976, 1.803749336845872, 3.05796965023693, 3.912206900608769, 4.777243305289918, 5.714358895836313, 6.21959995027768, 7.067539273475702, 7.435724927182316, 8.229048045131949, 8.838326225270531, 5.941680071746839, 8.492249631509772, 8.350039449328015, 8.514775091211245, 8.243081422822499, 7.749591624367598, 7.247298233537826, 6.58359870046353, 6.41396594228639, 5.617039198684368, 5.5164962104542745, 4.715949827890736, 4.620350994046406, 4.349550035376738, 3.938094920717346, 3.118797398542517, 2.7477113614847295, 2.2328585301262596, 1.8531973396696606, 1.8489717828251546, 0.7948685900139247, 0.3322196743433051, 0.4199223064119512, 0.18092200805695502, 0.2436789402694743, 0.0, 0.0, 0.0, 0.0, 0.0, 0.0675759124688841, 0.0, 0.37658702852320775, 0.4738102906089473, 0.23038135358044348, 0.3789272568407507, 0.3423269885133325, 0.28141185585835315, 0.3031611616202013, 0.21519759037274525, 0.23242416953412973, 0.1542561787447671, 0.209282573421344, 0.07242696291257504, 0.1813810809820143, 0.12103915293140104, 0.018692630718344386, 0.004255247938023088, 0.0, 0.0, 0.0], "G": [6.637952656047293, 6.981712584632366, 7.355534688092337, 7.680267038014076, 7.7618148813747725, 7.572799322025574, 7.534963915868097, 6.837541388797308, 6.177883783891234, 5.9833124419439265, 4.776743606263022, 4.254958886848285, 3.72789621844142, 2.9870827471255326, 2.251739673491108, 1.6609477334522729, 1.2772429262576925, 0.958276592768105, 0.41339375487196783, 0.4976028016256191, 0.1886906965827818, 0.36754278623119735, 0.3089290856042809, 0.7946899601626211, 1.3748211852185659, 1.6666570832022556, 2.045951039422266, 3.057805839483186, 3.463822916458866, 4.25997173271564, 5.21273061490279, 6.133447042911992, 6.535102341424512, 7.481542962609214, 8.045472538323425, 8.208398932792782, 8.425936837127658, 9.379005526495419, 8.883737372426905, 8.869675210761764, 8.71296094662762, 8.294075733661378, 7.764416075500021, 6.509891870369581, 5.8506856842720065, 5.085895423263185, 3.8838547527070597, 3.0568157886802827, 2.511838521602285, 1.721557745678311, 1.575680018640496, 0.9491108878695116, 0.3689590584281587, 0.12064663851424108, 0.018193386840592737, 0.0, 0.0, 0.0, 0.014476592396969228, 0.0, 0.0, 0.0, 0.0, 0.0, 0.13392092234037623, 0.16381654540854923, 0.28747137637731635, 0.5903221669223739, 0.2792447290056647, 0.15716915658384642, 0.20771218320553206, 0.17369385482344724, 0.07389501792541595, 0.259788455168947, 0.21894767135836574, 0.13627916087077804, 0.12934178953384637, 0.0, 0.12297689823824595, 0.13102222384003856, 0.15607269053835673, 0.17870223891095, 0.0901633674646881, 0.09116987271181402, 0.2038188922124997, 0.0946312860424973, 0.1019939041712292, 0.08958717601103011, 0.1346085960578768, 0.0, 0.050803018610384776, 0.0, 0.020260756568817272, 0.0, 0.019545682328570756, 0.006894043598585513, 0.03413937432125972, 0.0134122174425833, 0.028689925605170294, 0.0020243733690528893], "R": [0.9518148521504237, 1.0626640676596977, 0.831438364467226, 0.562957970807225, 0.21793747782920503, 0.31937427436729837, 0.0, 0.18425382202831095, 0.0, 0.0, 0.15040846506886393, 0.2875650713363123, 0.1971074539290806, 0.40602092780192156, 0.7908130329249078, 0.8531953787931028, 1.066915033768427, 1.253981311654569, 1.4320324658334562, 1.7246499383301235, 1.5018861643440031, 2.4056730557973576, 2.7499162221700137, 3.2844407589810305, 3.392817191013333, 3.6443912790207835, 3.6924565941378367, 3.7094625957200513, 3.985800988722386, 3.9687464307380753, 4.03118840127302, 4.0360390681843965, 3.8729630291925496, 3.491486234222273, 3.240267015076392, 2.7464531135168935, 3.096734619367828, 2.799141237673512, 3.0272758891137443, 2.934667949990667, 2.8865108932700787, 3.2907477602097903, 3.534069233448739, 3.228719761452454, 3.3415241850215427, 2.970475762693133, 3.157379624059493, 3.050134010699584, 2.970928098221153, 2.6879805906149117, 3.3866060029182887, 3.514282772744636, 3.5224783048871946, 3.5525780356339585, 3.712648701808182, 4.1531036378834925, 4.691619647994371, 4.9277579965247575, 4.980312227261249, 5.499769749685545, 5.978585466606567, 6.582944563350967, 7.421735685741755, 8.287288025858109, 9.317253018035354, 10.342132693928372, 12.878695424026297, 13.223223627408077, 13.003979655896845, 8.716137644552914, 7.952355046510435, 9.953892020089405, 10.290185664365696, 9.935132023606347, 10.633205646270776, 9.276979092352088, 7.773754978106013, 7.377298828030202, 8.101798712922061, 7.348503710895559, 7.470383279627943, 6.221323723258408, 6.045876025877329, 5.779670597643051, 4.628122984385585, 4.239939019596973, 3.7720720578035483, 3.33192096743644, 2.7418057845201322, 2.42571290338759, 2.0462211041545535, 1.5765237136056565, 1.2730059926568629, 1.0025322498867422, 0.7882120286439191, 0.6267882081628217, 0.4339910995156665, 0.3708281704487164, 0.2369301723191084, 0.15281688851365507]}