{"B": [0.0, 7.422701801959286, 19.85501231359571, 26.611984447375093, 23.816929414053416, 10.65119221280833, 1.2428278427484611, 4.449075959594333, 17.354685968023322, 27.460874831415516, 30.235609680361062, 23.84991642927256, 16.225742899792447, 4.0746584613203405, 0.8114527611587671, 0.0, 0.0], "G": [33.2060613142736, 26.82240299172475, 13.985956341227853, 3.723560612380732, 4.037618936342822, 16.210410402691185, 33.64805179219414, 42.456273592671046, 28.954870732369162, 10.643067226703469, 0.5874698880649399, 0.0, 0.452418545942726, 1.2251487981091296, 1.552789463753344, 1.7728632779895304, 2.431867902251788], "R": [1.1590583743400291, 0.0, 0.21735962343427914, 2.4517804114863964, 8.350680879684656, 14.047323248494628, 12.426367872782206, 11.578253563369106, 8.736963002831706, 6.934283130816022, 9.814186527416064, 18.524391944476555, 38.40158494206687, 33.960152746006386, 32.86063831667679, 28.134992740197706, 34.506448588582096]}