{"B": [0.0, 0.0, 0.0, 0.3075263793069287, 0.47253139865627675, 0.9960648414518131, 1.4887922215483338, 1.874477487574809, 2.658609221010898, 3.2376997341377467, 4.108515520703692, 4.604969042404375, 5.384292999867482, 6.0609344444173825, 6.3717445562103565, 6.833955018727546, 7.2895885795751605, 7.0582908648527285, 7.684771889617431, 7.529221776289439, 7.278260529208397, 6.8453158236337135, 6.051882537589712, 5.413467618467682, 5.158052865790124, 3.9756238366790067, 3.8361914917627566, 2.9336084788326944, 2.1467306032653504, 1.2259380848385344, 1.1544579765559917, 0.7653139283175106, 0.2727801032471299, 0.27028888826523917, 0.14552637540453162, 0.17768511678862398, 0.42660814206164827, 0.6180326639115621, 1.716471559942334, 2.459969042361719, 3.1796061283615624, 4.261675896736925, 4.895238936715329, 5.8562252546456, 6.4597414488154525, 7.427279707101348, 7.965615353472481, 5.540532166047605, 8.338447003734098, 8.236197546012088, 8.79827028308155, 8.534994351942757, 8.24638249832043, 7.961690148922548, 7.3607721092565255, 7.188841630467269, 6.399542328972716, 6.170101743554504, 5.441306520945534, 5.314205225485939, 5.080942146350553, 4.683450611994395, 3.7836599122073302, 3.59029595022545, 2.926244162355968, 2.431748273728873, 2.3452952040236057, 1.1148053503381699, 0.5016111072305969, 0.49768594549110123, 0.38730721322495554, 0.31299567527225447, 0.0, 0.03988977996747393, 0.0, 0.00021260740716229628, 0.05704633271646179, 0.0673004991633536, 0.0, 0.2993167322760213, 0.36517581619014994, 0.24070358325358582, 0.4756126417387162, 0.40000347827229626, 0.28586453583182186, 0.39412151830924835, 0.16543454558631326, 0.2469119507688842, 0.13038766350891506, 0.2556423228824456, 0.11990107531785023, 0.2217668204740246, 0.12151784857758516, 0.0016397441268589405, 0.0, 0.0, 0.0, 0.0, 0.0, 0.0], "G": [8.787633596177892, 9.65066995339331, 10.363416847978007, 9.93140575183867, 10.42200229460563, 9.451667777775379, 8.962745862288626, 8.736433487786742, 7.254736126173983, 6.698945337499526, 6.080584827984734, 5.189783468367927, 4.069138906498137, 3.350109680029235, 2.582391326035858, 2.157415087428932, 1.2137812628572713, 0.841320295309424, 0.40235899229974087, 0.406902844147106, 0.14699830262994265, 0.36848298571705124, 0.7224834380726721, 1.2897617843936702, 1.541239111338384, 2.4975526436826634, 3.0323743076242833, 4.229680219075089, 5.244050279462626, 6.628417006199025, 7.37723513875762, 8.545876574972791, 9.56940103726051, 10.075029482324796, 10.761609861251834, 12.094302337907141, 11.9164181575314, 12.035535888799492, 12.104911816399333, 11.76845872546298, 11.602312898838436, 10.049182451733598, 9.082421548007934, 7.927011349003974, 6.308286690058436, 5.352140098050082, 4.716848491526614, 2.9826039469338093, 2.8737829801411583, 2.134948850080139, 1.0720641076478683, 0.6450865689029059, 0.22392900258209678, 0.0, 0.0, 0.0, 0.0, 0.0, 0.0, 0.0, 0.0, 0.0, 0.24912863265642443, 0.055432617935967175, 0.4418145491172356, 0.716945958515004, 0.5467828444072471, 0.2527136175043069, 0.3700351764927846, 0.5030216294637092, 0.2628126943902115, 0.5099921876604215, 0.5140960357427478, 0.39259493438795173, 0.2884365278450259, 0.07841337104543712, 0.2604140783224911, 0.31119883079898036, 0.28725297855183163, 0.4099159893618575, 0.30335144523045937, 0.2363230062409075, 0.3299571614919025, 0.17003718770476586, 0.23244711775793145, 0.21239559458160617, 0.29778089138590635, 0.04272446871945355, 0.16722826483164108, 0.030915675605823593, 0.06904742283504688, 0.044033518893137696, 0.09467658964487786, 0.03759189162078604, 0.015836670323685274, 0.018780312467953007, 0.05700808322642598, 0.013919822114091818, 0.0, 0.032195197864168926], "R": [0.9020455985976278, 0.8305772716388237, 0.4064161401888575, 0.3381129981917446, 0.1233023317375984, 0.330764548090385, 0.0, 0.0, 0.1047868278849018, 0.15491872107024152, 0.041183095207880396, 0.17575741987274157, 0.4632504736023292, 0.4563551234403312, 0.612444761658557, 0.8202104336428908, 0.9048778735665453, 1.5261349781408788, 1.093736902577605, 1.6230407408279315, 2.052978262007885, 2.6253956507392884, 2.8468467773140804, 3.5587133262414867, 3.6676898414343535, 4.129290428709574, 4.081286936709015, 4.281420020770111, 4.553265338881485, 4.656062121861582, 4.31803527343155, 3.993763367325648, 3.672158169655041, 3.3321105126841255, 3.466505044958035, 3.1615152092947856, 3.483449797161216, 3.3897768776849113, 3.301258789182747, 3.58847910601355, 3.76090901147001, 3.2926823436402795, 3.3817228972754023, 2.9711739821015843, 3.078848147183526, 2.8951667793743256, 2.7168790618235734, 2.5542724550966582, 3.0709346556452823, 3.059649676973595, 3.0248911426739813, 3.166242827268353, 3.2785338911846447, 3.7284254388445404, 4.2658221516905686, 4.525885539180996, 4.599919601686754, 5.241305212203664, 5.833711979304363, 6.411322521921115, 7.308032948035525, 8.310693847320353, 9.474978522267337, 10.611939333223614, 13.501693734582702, 13.88377404915403, 13.712687886360728, 9.24585116923931, 8.54685359661186, 10.773328247346019, 11.098968790493348, 10.86867990067143, 11.65266229498911, 10.153142643300054, 8.602798222919128, 8.255475362014266, 9.077729327169637, 8.265135322525053, 8.569758641968091, 7.1474552285498145, 7.008191751999329, 6.801229819162476, 5.458754235194694, 5.174193283119137, 4.704020157561204, 4.140647531542322, 3.5086391182911596, 3.197527447722361, 2.7025823889107383, 2.184255108284457, 1.8299457164722162, 1.4587981375235988, 1.1946920806729588, 1.061155104865352, 0.758972078679469, 0.6068586997214518, 0.4281754006170723, 0.32550456438375697, 0.2488753571330287, 0.16470443895506157]}