{"B": [0.017756626849661814, 8.271866458090214, 20.653029130097615, 26.262017394096574, 21.618000561441885, 8.419708070525589, 0.0, 4.101689278669668, 19.103571144545594, 27.180374612619712, 29.203204374642404, 21.330200892480033, 12.56800411912563, 2.511862719101503, 0.0, 0.24096498796698587], "G": [33.392355215224065, 26.535299913734043, 13.077137757548067, 2.6958415811931022, 3.4051678590179923, 16.45351785540415, 33.8973681994091, 41.5514213648913, 28.231547311374023, 10.174567211699461, 0.0, 0.0, 0.9121719805660458, 1.9081963092389735, 1.857773842696307, 2.0261869882635497], "R": [1.0303432866304534, 0.0, 1.4300114840955418, 5.171026057150804, 11.824218371707607, 16.358621270607216, 13.194376641892228, 12.123292390627832, 9.534919367664864, 9.523172678221618, 13.273052620011494, 21.406180322598555, 41.58021542246642, 35.38212690512432, 33.851493863687395, 27.573216970013352]}