{"B": [0.7784383605757058, 9.307310034462667, 20.728595392734924, 25.69365294528405, 21.912368207601677, 8.350558017641276, 0.0, 5.634023998779293, 17.461547176331614, 28.456451614903763, 27.30931853332702, 21.731083594867005, 11.1561489897059, 3.5775025201813944, 0.2388938125630596, 0.1954371401841741, 0.0], "R": [1.4027561902983512, 0.0, 0.18132770970137746, 4.045291516251676, 11.478603457182725, 16.153421703826243, 14.864734992667486, 11.789697400471285, 7.070476273405873, 6.303035886559358, 11.98800185764198, 26.528776049996804, 35.50264570280097, 36.201131778066106, 31.37074575035947, 25.091029812735506, 30.154157739081203], "G": [31.443215433488255, 25.32783232400305, 12.939105893465442, 2.8794539768008107, 4.853664505585421, 17.64474717289319, 37.0584993979933, 41.217821462198216, 25.610721728413438, 8.414690859420853, 0.8190018100401664, 0.0, 0.728872498266191, 1.2243852411758174, 1.5955837877432009, 2.068828468330617, 1.967558971907679]}