{"B": [0.0, 0.037871207583748144, 0.0, 0.2619121288414303, 0.6236079058129488, 1.1591614998687123, 1.3202277418232504, 2.139964902451111, 2.700868119813375, 3.3729080819391988, 4.225903955258325, 4.914622992996384, 5.44910325618811, 6.167519573498354, 6.688826339023773, 7.132009905442043, 7.187635100702982, 7.529376745650755, 7.602289487525427, 7.407247954915287, 7.017374770587096, 6.869735844157524, 5.908666291993811, 5.712444175820821, 4.532842846366583, 4.468205540164873, 3.7831715257680716, 2.661867647467315, 2.0998918515075893, 1.6100055730868603, 1.1082143516672518, 0.6509863678946389, 0.48468096304504193, 0.33770979874850987, 0.0, 0.19502426764602643, 0.3693199004380866, 1.114855033030036, 1.7117505155850417, 2.492872699572374, 3.3205473880209215, 4.454179625922102, 5.348703791929211, 5.688829685311588, 7.134110014813667, 7.2924605938865, 5.921566680955814, 7.485311183851671, 8.474578124840988, 8.364118782260668, 8.742531988263044, 8.894170537858175, 8.241342390285574, 8.092460364566234, 7.702646147208864, 6.951008323544177, 6.861212588928379, 5.967121170622784, 5.828464911491482, 5.45356654371028, 5.231882470580645, 4.152977715942005, 4.12716301817726, 3.5836053197207374, 3.058548263298318, 2.5963382900341054, 1.6485137359162862, 0.6523136262800356, 0.45559635039103563, 0.6410205480258594, 0.36174100431384215, 0.0, 0.23678597633487097, 0.0, 0.0, 0.0029813823616256455, 0.011661533822598612, 0.0, 0.015089976922173742, 0.15800253767346062, 0.37953071300911795, 0.3374509910850941, 0.46923591548000826, 0.22920816887912537, 0.42399800079420985, 0.13415853129672126, 0.25163024784620913, 0.05950651235407298, 0.28567302771749664, 0.13211159984864707, 0.1618039074675682, 0.14482077072487504, 0.06360883082424904, 0.0, 0.0, 0.0, 0.0, 0.0, 0.0, 0.0, 0.0], "R": [0.8173512631086901, 0.47670820960662313, 0.2803040096342339, 0.16433243769509118, 0.17241325437835897, 0.0, 0.0, 0.0, 0.09043825770538394, 0.1743139555171249, 0.03581450153775443, 0.26485239167540725, 0.39108454803516635, 0.39160907946970674, 0.550172810732783, 0.7880259702126287, 1.0419268360230571, 1.065351887384567, 1.375556079237707, 1.681020784618265, 2.243230943551326, 2.4389797177994237, 2.968754707527053, 3.2363772363293246, 3.9022343404652196, 3.6705046329642594, 3.829503304721749, 4.456619837896873, 4.231736725524928, 4.196765781737367, 3.995908646324659, 3.4690656723649065, 3.2237199757621093, 3.29747459714729, 3.147475352039966, 3.146428984339857, 3.204043375702937, 3.0936000206544083, 3.3462837419138087, 3.4088216748583577, 3.2273499552153635, 3.033106479038676, 2.6047937546303035, 3.0277501083539446, 2.505100384128011, 2.3084552116606103, 2.4780826523686237, 2.7474200522746415, 2.5950936700191334, 2.684244622821999, 2.7602447611370375, 2.7644910002604073, 3.2118889082109456, 3.6187188475738217, 4.041077152271202, 4.155322167527958, 4.3563570582239555, 5.158932970001413, 5.529259334772164, 6.617030412759307, 7.1185673588336424, 8.555602373078164, 9.584976359655814, 11.62599079722436, 12.67086273763377, 13.152947853109817, 9.976633692832602, 7.533871724557546, 9.404050059947119, 10.438926795200027, 10.217244322363314, 10.874589342839728, 9.824692008244057, 8.432108575668328, 7.7860053024352185, 8.55542947849789, 8.060444073187687, 8.152752179286665, 7.3013521782893624, 6.750131921256709, 6.670652255627505, 5.592427525061987, 5.261374222378066, 4.655319713203005, 4.275163341125435, 3.7576441283839594, 3.2834650641632392, 2.853500395931222, 2.397246419667217, 1.975798044682745, 1.5940649994195062, 1.4025699777134253, 1.1585975895398881, 0.940451801036011, 0.6799739758749408, 0.545695965358051, 0.36975842663590375, 0.32477009354425107, 0.24760545744717413, 0.14804587725267418, 0.29453935385566093], "G": [7.056493282846502, 7.85124715810471, 8.096942535758329, 8.085076122721754, 7.844238240554867, 7.384294147203887, 7.246197802900483, 6.369481528503664, 5.8011608811547415, 5.282769567728732, 4.744928374795604, 3.977564914374269, 3.2488234986998163, 2.593017915251993, 2.3545221841679513, 1.4038371702784367, 0.9965765631047842, 0.5954606685247622, 0.4868943906464676, 0.21909174039610058, 0.43768786526307984, 0.2076424220243509, 0.8571560296243845, 0.9666103688463817, 1.5259241738125675, 1.9614982362612583, 2.7208428780148686, 3.2333762508138566, 4.473109256087492, 5.11645204416926, 5.992193741389386, 7.060497389089541, 7.407208254573059, 8.058713412020147, 9.0528664188352, 9.551800270675598, 9.26090902217673, 9.723029609233174, 9.727920852373224, 9.648448016536216, 8.7026360002434, 7.991368217415084, 7.043545592111616, 5.759363602642846, 5.041046884482233, 4.423410548983867, 3.329321474156926, 2.5824403282221264, 2.2342382266620113, 1.4033226202237825, 0.9107263143954839, 0.3524457843917334, 0.21071851768998434, 0.0, 0.0, 0.0, 0.0, 0.0, 0.0, 0.0, 0.0, 0.1613318108985279, 0.07091113257225619, 0.17286490822898726, 0.3462662354768285, 0.5537707974502644, 0.4283852845278429, 0.37460731648456985, 0.4315787390342043, 0.24376167919398425, 0.40176378920236827, 0.501629791266516, 0.4204539944920274, 0.3859263191484676, 0.07701005688409457, 0.3409461133311519, 0.3560616114884788, 0.33389890935027544, 0.4612003283992219, 0.28821541502308506, 0.28609110137534316, 0.2949134483420543, 0.2838281110605967, 0.23239967576869458, 0.251058441656734, 0.21505537116576423, 0.14668431428598513, 0.21815938287990697, 0.019752088424409696, 0.1605671683297349, 0.051591606488260444, 0.06933579845329908, 0.02496099588946118, 0.03216065331004063, 0.027840821971099466, 0.028344391270995355, 0.043328462260915065, 0.0, 0.018752959600428686, 0.0037586133419924366, 0.03317999244792654]}