{"B": [0.0, 0.0, 0.07542268189641624, 0.3610311235434849, 0.4089398799851665, 1.009473976443633, 1.3449745791510526, 2.088129350996627, 2.664934608368294, 2.917110106989449, 3.7431763740007304, 4.427737892810105, 5.0055290670515715, 5.6552897367737085, 6.092081046950292, 6.756220768571701, 6.6950776251647035, 6.938577627791815, 7.1844840854312935, 7.473759526323038, 7.687759313037292, 6.803922595996368, 5.993056084844778, 5.214803209055348, 4.4450574814514905, 4.0228416942468375, 3.6673305336962088, 2.9288636260928165, 2.416560227572488, 1.878374644809666, 1.1517422003227618, 0.6984426760500034, 0.7257313123215139, 0.21622292192037113, 0.47828629446438037, 0.7313019809452487, 0.5911492939199512, 0.8515809732610942, 1.2006586185747836, 1.9295155267418742, 3.1342569482472964, 3.7225751307584583, 4.679019554843271, 5.849405007087263, 6.149028763557712, 6.914660980493586, 7.581517067397272, 8.057005823341768, 8.15395906024592, 6.450777940267947, 8.388003146122715, 8.291919006362296, 8.41158476292808, 8.172977261431232, 7.582946294828394, 7.020307623126623, 6.77896202780298, 6.081306060565162, 5.642853580470896, 5.251431188543909, 4.801231493476884, 4.489890036852794, 4.307562525689624, 3.84374657408586, 3.0658857262605452, 2.5596400929672205, 2.1354477319353786, 1.6166018434973486, 1.7554255655827187, 0.6150144022700125, 0.3051068885339224, 0.4521286810778225, 0.0527511744222741, 0.0, 0.0, 0.0, 0.0, 0.08606428425253684, 0.0, 0.0, 0.0578406988966236, 0.2979277397168889, 0.45491679949918806, 0.31275006839049335, 0.2931257391069869, 0.3925807326837934, 0.3120168643882563, 0.3016472800237505, 0.296717679460908, 0.19304653099838354, 0.1535850634042141, 0.20801038313902195, 0.05767527007441401, 0.18285466136648973, 0.08811282860264148, 0.0324674970197754, 0.0, 0.0, 0.0, 0.0, 0.0034662590416064897], "R": [1.0231287103446303, 1.0160553063191116, 0.761024259202466, 0.47205770183385654, 0.21710302627954228, 0.2559995394582483, 0.0, 0.25568433111775646, 0.0, 0.0, 0.2733179508921468, 0.2294587436085398, 0.2507686329011714, 0.4816227453029143, 0.6822399426820747, 0.7813207494225332, 1.06932403635417, 1.2773848556919254, 1.458905027796062, 1.4354826035123522, 1.6596076941542033, 2.3270564493026087, 2.835817507254477, 3.207281952333216, 3.3593644385685297, 3.6216779846286054, 3.562868431176049, 3.72939804249452, 3.9579620478843793, 4.050534391828551, 3.947280401345642, 4.01359366285187, 3.7516165518377997, 3.542608658359063, 2.959538010346233, 2.800507647548649, 3.089520916835381, 2.719179241881069, 3.1327816954560768, 2.947180489048687, 2.909940872975007, 3.516627365808481, 3.371092441063342, 3.142053876821392, 3.246702954603758, 3.0336305423140906, 3.076029507569587, 2.859668310918186, 2.927506173160957, 2.790201230343611, 3.2563501006003746, 3.4318797808807697, 3.498482978650112, 3.4658010990517045, 3.691488549281812, 4.23068433099744, 4.643344441512165, 4.949368003707201, 4.917945946715329, 5.59919890015211, 5.880150858379576, 6.665596893455536, 7.527094900099476, 8.382037577485702, 9.54587147001742, 10.645378699573554, 13.131596269717459, 12.98682300001064, 12.59843152878793, 7.6491199709082975, 8.416318072650508, 10.401488731840654, 9.935614828044827, 10.646287664889007, 10.286857194134749, 8.772866690963038, 7.554300803963492, 7.6734996971014215, 7.77779000267519, 7.5341907849286756, 7.213581859633357, 6.170839184541951, 6.0010513213050345, 5.498409314248973, 4.7534646997447405, 4.093750878215614, 3.7359940616333938, 3.217265166423225, 2.6937642034735405, 2.4417172329724943, 2.00085526603052, 1.4675187788677952, 1.2351184708324099, 1.034757465076982, 0.7407425946136074, 0.6452195716915345, 0.41680912998487807, 0.3487414453208925, 0.2375580141315102, 0.15078665089295565, 0.3247998132488107], "G": [6.573850419048742, 7.078585230005905, 7.471799331471764, 7.744188895090451, 8.013276250506609, 7.615166818989188, 7.562396014764113, 6.6156086187349965, 6.305511314641878, 5.930374886161068, 4.7005515924991546, 4.122705281996576, 3.74462734339471, 2.879642740104478, 2.3075710813785575, 1.543387178196849, 1.3911047243114927, 0.8561857319979224, 0.4933611274142592, 0.43804789229917124, 0.20531708917052618, 0.27712744790056587, 0.44302211915047723, 0.8219088595741234, 1.4023562682270034, 1.690603132507394, 2.2464963026995566, 2.89643340517683, 3.464842595574704, 4.294149438752291, 5.385227439018828, 6.232288888722464, 6.8291571226949905, 7.548868191265681, 8.117074095887563, 8.369341269914322, 8.531303243128775, 9.38624196889333, 8.989834683051274, 8.881966057598667, 8.783893345259404, 8.409122042900394, 7.801817639812385, 6.448146202534077, 5.68053906886618, 4.793051296534608, 3.887064224710188, 3.090501517801283, 2.56101853901182, 1.5079698927521692, 1.4868366479696555, 0.8641095046042087, 0.28751913650842226, 0.006423373058575235, 0.0, 0.0, 0.0, 0.0, 0.0, 0.0, 0.0, 0.0, 0.0, 0.0, 0.10316315200757334, 0.2601061709699307, 0.35744023146584775, 0.5898132489763297, 0.3856820208685995, 0.10586174707409678, 0.26902522719687294, 0.16092274174720242, 0.22294878865857956, 0.13604132427501436, 0.3890850241197119, 0.14999879100226673, 0.06195710809306679, 0.0, 0.09683654799853567, 0.23600544449951066, 0.09218253312446517, 0.19261811003048465, 0.08397344300246502, 0.07139795990617492, 0.16008231895252356, 0.06618394156427196, 0.14383311535014523, 0.05824752389390975, 0.10443417551895286, 0.0, 0.0, 0.017469464418308052, 0.0, 0.036750648958345775, 0.008523792338718668, 0.015109502945529646, 0.015640995887334558, 0.03819488925706836, 0.003844286284545235, 0.011927044261823151, 0.021028669487641632]}