{"B": [0.0, 0.0, 0.0, 0.3093001670962059, 0.47638096431728094, 1.0117426430557712, 1.5138589723922828, 1.9091781446591232, 2.708889945092387, 3.3005560030897634, 4.190144481074388, 4.6976373940925615, 5.495133344007411, 6.187650446285594, 6.506031217608023, 6.9784850634680975, 7.446138655724602, 7.210390570956457, 7.851373207578043, 7.693101125700795, 7.4373259593472545, 6.995662632778554, 6.1851543976954595, 5.532666263443738, 5.272011039599773, 4.063497658295049, 3.9208451918505176, 2.997708116719391, 2.1938655879733697, 1.251954669530336, 1.1791511936682013, 0.7803637281416598, 0.2765112274176174, 0.272662489128656, 0.14388535057241625, 0.17591788737220698, 0.4286462798434715, 0.6230622873840547, 1.7433901016870579, 2.502522949634058, 3.2376145040069875, 4.3433016036482694, 4.990893790636194, 5.973762962400538, 6.592187514942441, 7.580698993744031, 8.131552206271596, 5.656821312910278, 8.516141935783695, 8.41285593721152, 8.988846702920014, 8.721359742430693, 8.427191419300724, 8.148213198849025, 7.534329979823457, 7.358303658174284, 6.5499177572053515, 6.3154417127656215, 5.56898221143128, 5.439915882821918, 5.200491982122425, 4.793455445183781, 3.8690356555532195, 3.6720598064835945, 2.993038645824394, 2.4873720723264316, 2.3979573014323856, 1.139943500657505, 0.5133832028657873, 0.5089422395266068, 0.39637370363594115, 0.3193923873341612, 0.0, 0.04091942559705639, 0.0, 9.830531832495998e-05, 0.05773522290116862, 0.06849915862671825, 0.0, 0.30543323986980403, 0.3728397017484858, 0.24542444963467883, 0.4855982519561614, 0.408778237603699, 0.29196776709812916, 0.4025851896584189, 0.16880025800528087, 0.25229331313471265, 0.13317275531027742, 0.26135428954334244, 0.1226040994731382, 0.22641871925153628, 0.12405261393850492, 0.0017179493842267516, 0.0, 0.0, 0.0, 0.0, 0.0, 0.0, 0.0], "G": [6.855275118607946, 7.528843155036782, 8.085137835355196, 7.751254664212934, 8.135427548932832, 7.379498985677373, 6.99809268909424, 6.823050886799951, 5.670877350129492, 5.238765852548422, 4.758689078154841, 4.064844095665788, 3.191748567531796, 2.63174036183211, 2.0330487131740225, 1.7024876643636124, 0.9661520734842493, 0.6743955807892813, 0.33307068253119065, 0.3355876909960389, 0.13167620383698514, 0.30276617725347454, 0.576652666409849, 1.017624070032568, 1.212891651808347, 1.9560803356216354, 2.373111375444077, 3.305379915659973, 4.094607739240901, 5.172869823880393, 5.75684727101569, 6.668335749757681, 7.466088873130792, 7.861468647802985, 8.39750495668128, 9.437865477443085, 9.300605192032755, 9.39475916208812, 9.45301082364527, 9.192553228803817, 9.064902823174744, 7.856079109661475, 7.103432156933629, 6.203962888091024, 4.941573459700818, 4.198176343062056, 3.7033555002846614, 2.3424718521744055, 2.263996960660433, 1.6866132995457812, 0.8577493429679934, 0.5229022233168731, 0.19316822295521444, 0.0, 0.0, 0.0, 0.0, 0.0, 0.0, 0.0, 0.0, 0.0, 0.19904473442338735, 0.04678318638607168, 0.34605696391219976, 0.559741489167865, 0.4275687629676667, 0.1968464224671219, 0.28710232416549414, 0.3905222992840132, 0.2027232341944045, 0.396051138385296, 0.3977149840720084, 0.30358407092081585, 0.22256688407883765, 0.059038346451387086, 0.20128770337816038, 0.24087955414900403, 0.22156116781432242, 0.31888927900858977, 0.23585143935698136, 0.18343418378983328, 0.25731704326839816, 0.1321924926054286, 0.18076947731643606, 0.1656107317130285, 0.23185825670563903, 0.03304767519888882, 0.1300456701884862, 0.024021568901483045, 0.0536017435441709, 0.03458552927383549, 0.07389703821449181, 0.029004637839097597, 0.01209278770780268, 0.014423770834306847, 0.044304295943858645, 0.01075810453816719, 0.0, 0.025073817903271536, 0.01943541468775256], "R": [0.8274364685441062, 0.7593507572186573, 0.3630729460886157, 0.3036034193082561, 0.10410309745107844, 0.3014097598487422, 0.0, 0.0, 0.1034840056644224, 0.1540760976454086, 0.05370113586651277, 0.18294147601629893, 0.456135238633256, 0.4539959242570081, 0.6019372643082979, 0.7985415904790625, 0.8804656726532762, 1.4585165557303472, 1.0592955332191727, 1.5514608148026947, 1.9508778491052867, 2.4813522712031686, 2.6830146268072887, 3.3420305096059044, 3.441770466553122, 3.864308618435444, 3.8180793882589876, 3.9983722162957407, 4.245882604869771, 4.335168799189819, 4.018584301296564, 3.713105343536722, 3.4094942129323176, 3.092324041963554, 3.216374083258577, 2.930630250860854, 3.23279979933111, 3.14679937154521, 3.0706522338956765, 3.343005832584841, 3.507712892513341, 3.0794659684491426, 3.1670086202725045, 2.7909669347929102, 2.8962433752174412, 2.731658848889967, 2.5691536011940466, 2.4063247334088524, 2.902539267328668, 2.892153781974691, 2.863756344524677, 2.9942570558358885, 3.097695016637722, 3.5190093309524615, 4.015233648340897, 4.256559609908819, 4.321489571507913, 4.917338389697283, 5.465495527371803, 6.001983281171312, 6.836538192414401, 7.768457673418158, 8.846872069699268, 9.905260722164224, 12.593893519195221, 12.946933310913256, 12.787656964350788, 8.619903403969301, 7.965171145485222, 10.039600250705568, 10.342618417989701, 10.127721568703183, 10.856643184298408, 9.459591446006025, 8.01524117454644, 7.691858394139802, 8.458103840737515, 7.700949701097368, 7.984553433756937, 6.660651029890282, 6.53139677790935, 6.33810955588582, 5.088332391955001, 4.822859656521671, 4.384212245751164, 3.859842545584451, 3.269713435171027, 2.9805378368590483, 2.5186101161865633, 2.036462672317147, 1.705544899071292, 1.3604299377923044, 1.1136972066847046, 0.9886733156362714, 0.7071866010320986, 0.565454626594664, 0.39891351880417053, 0.30328103720710653, 0.23183916065288207, 0.15341572131641645, 0.29521759280008875]}