{"B": [0.5023199929697197, 9.073933041288784, 20.82197246354166, 26.45565345729277, 21.590781956760534, 8.019552294907747, 0.0, 4.914973871715083, 17.35943973785255, 28.658523040232087, 27.8985342998526, 20.355579065791648, 10.766805887351264, 2.0538792887286936, 0.0, 0.2769377485714912], "G": [32.2724166366981, 25.764637852677616, 12.735060121427587, 2.6907220108851355, 3.9283055143576484, 17.02923279120676, 35.05607446829927, 42.819668715686085, 26.167186602733647, 9.462984677544855, 0.0, 0.0, 1.030840077061057, 2.023499518939679, 1.9527081799489363, 2.4582720806751714], "R": [0.9832781375663588, 0.0, 1.3658753643906287, 5.37417122105146, 13.366208744963515, 17.113812823584908, 14.533018330530325, 11.777899505224765, 8.688296310538055, 8.522073391134862, 14.203812185066937, 25.930058869928192, 40.586130456011034, 38.059731696721705, 31.798907186639767, 25.7491836075981]}