{"B": [0.038475482810852994, 0.0, 0.10070946195313968, 0.0, 0.5253133417800682, 1.0088433191411414, 1.4792208627322065, 1.8383914369542398, 2.582962605221064, 3.304954682493301, 3.9520318676585324, 4.854432758233088, 5.44109808724991, 5.90088013210861, 6.563661212610402, 6.949527847561988, 7.342712235484629, 7.266520387972182, 7.5134827143375835, 8.020987880716662, 7.231190742047411, 6.7892204200795225, 5.9358808492108635, 5.111904218709214, 4.917192755010127, 3.8938620854865835, 3.8426695355670537, 3.0763966730781243, 2.0759972291929643, 1.3984391787828625, 1.174139108820745, 0.5405925711492104, 0.20314330950089532, 0.16988990894048914, 0.17991811704148664, 0.0317526805620653, 0.35616409077015004, 0.6862601492272963, 1.533704678944916, 2.418195387353161, 3.1408593852170514, 4.089507426575914, 4.984268611273066, 6.062735495470793, 6.365463106399163, 7.775840515704906, 7.8559507568093325, 6.285705371687365, 7.678165547197354, 8.669581369525412, 8.512877853439747, 8.624349344430891, 8.805822290261887, 8.046570881009321, 7.604447581621983, 7.235771867507505, 6.4877320492920205, 6.453103748611125, 5.533752548976204, 5.422103278902018, 5.062484853675501, 4.783884405462999, 3.7404284674359625, 3.6762210921437215, 3.0739784190557677, 2.625644254399235, 2.2404555760255107, 1.422934256300744, 0.563118447591054, 0.39237094796671335, 0.4850015296318189, 0.2550448435751401, 0.0, 0.17518395101067852, 0.0, 0.0, 0.029403145772554512, 0.061137104418903736, 0.0, 0.12891143737762867, 0.2074463760415962, 0.4875179384965803, 0.3555719666383497, 0.5087257917005154, 0.2510682236712591, 0.47055493196195836, 0.17082285420266613, 0.285912646120444, 0.10607329824738433, 0.2425653089390354, 0.1556244621431106, 0.16890123323530218, 0.13777416339579607, 0.013775954029604884, 0.0, 0.0, 0.0, 0.0, 0.0, 0.0024243183202761914], "G": [6.6990077146270535, 7.4563079777226005, 7.913297697263502, 8.042981222374058, 7.924291277114681, 7.478688078174718, 6.979429248706171, 6.704800588882881, 5.871212081778789, 5.189925819139453, 4.637605985460505, 4.056974565734652, 3.3224813119924743, 2.63662591263316, 1.9822521209304107, 1.8292651556471533, 0.9101579563499638, 0.6281720280702372, 0.27914116080367063, 0.37830902492845575, 0.06882540759807569, 0.34813611567678476, 0.3638578720599562, 1.1449976942826585, 1.2785074254172082, 1.9235217731206353, 2.259470055368387, 3.1818276141665605, 3.823265583270641, 5.113589035553568, 5.814759502471264, 6.734367408359708, 7.522143552509571, 7.787145105980752, 8.352516889379944, 9.242189316497797, 9.458935757610176, 9.201480459703243, 9.343759426395115, 9.152185622072448, 9.040936002694561, 7.80568729186414, 7.174877678641559, 6.151213247218732, 4.954961433067807, 4.238700081830537, 3.5542875653651262, 2.7994273805565446, 2.0179172542855786, 1.716232090100581, 0.9452602360173841, 0.581503846792852, 0.0744576827456119, 0.022028003429628632, 0.0, 0.0, 0.0, 0.0, 0.0, 0.0, 0.0, 0.0, 0.15740550738235423, 0.11857660088380066, 0.2627059428398619, 0.34710301780029046, 0.5287945394521963, 0.46049996515374453, 0.2772057667074894, 0.39951771352884546, 0.1972468190769568, 0.3372247633764849, 0.378459269739847, 0.3158519615990131, 0.25577198969964277, 0.0, 0.22199020156045168, 0.20954285577750914, 0.23003178366966212, 0.3542175200796135, 0.1687108685955705, 0.1270258811802561, 0.2299608017496547, 0.190449440972768, 0.1693131059338874, 0.1846347455775641, 0.17410988264037694, 0.08344063420078325, 0.11384875028870864, 0.0, 0.11522557340998925, 0.0, 0.05711087780904345, 0.03267030215706372, 0.017095779298003818, 0.006576227195519456, 0.0371536860558012, 0.002638837210145891, 0.0, 0.015330394955581833], "R": [0.7607656702954783, 0.6320520038103153, 0.32056159880990936, 0.2020637721414623, 0.05668645769026029, 0.14312328073705502, 0.0, 0.0, 0.0, 0.0649358416149087, 0.21144510739268121, 0.0977803389532391, 0.38493263029413005, 0.5703579555821093, 0.5527429468533832, 0.7667268715696282, 1.0127709914537364, 1.2706955955236834, 1.370302979321171, 1.3873971263090383, 2.0325596713120917, 2.60876251619454, 2.9124116769381874, 3.2730793345133598, 3.4955604445858746, 3.9057263226441377, 3.8253877602925304, 3.8928308944957144, 4.232325583296235, 4.130103700189108, 3.9152212334347816, 3.7640050428108793, 3.2518631794312904, 3.1102893533034512, 3.111525967306318, 2.985516483208541, 2.9573537627028954, 2.9465689954240855, 2.971023678286937, 3.174283307099246, 3.402038664178266, 3.2280619456459925, 3.180433094527471, 2.6876945609690663, 3.0992587425767475, 2.637729369341527, 2.4896679247214317, 2.647076736532855, 3.036008170796356, 2.8666206706773307, 3.002893922194581, 3.0895587748304663, 3.1234567363748376, 3.5170819887742617, 3.9750320543892013, 4.390741689758335, 4.58102596088048, 4.654745902026083, 5.454100036159458, 5.856577667090587, 6.873415691611969, 7.413358439300282, 8.804648757829026, 9.813210622560726, 11.837152194618396, 12.884381082101054, 13.343400062920688, 10.032268516858787, 7.537795636747727, 9.335596324336809, 10.473758389328667, 10.159335037647011, 10.833018177286101, 9.775868036375863, 8.315635414068687, 7.6649452785410475, 8.326247245200893, 7.895577180482987, 7.94995408145219, 7.049771287546955, 6.5276922782384235, 6.361117614197406, 5.340504923963734, 4.977866901386595, 4.349184024808563, 3.978372061405985, 3.44717411808924, 2.980660717009624, 2.5912172158112683, 2.166916896986916, 1.7432037334926909, 1.4157688227840808, 1.2219885931861358, 0.9917038181330358, 0.7798414280918224, 0.5842760566968032, 0.4341989521525036, 0.315304176229084, 0.23704320156868983, 0.17866875763449105]}