{"B": [0.0, 0.0, 0.06730477380865597, 0.3448723055170156, 0.3911102580252632, 0.9743399814902158, 1.303801602456533, 2.0217887704460473, 2.5821958663906783, 2.826580785615291, 3.629127056538983, 4.293422550927638, 4.854359225301607, 5.4849534259211925, 5.90842466580651, 6.552753170626489, 6.493199332717101, 6.729430860053376, 6.967678092392335, 7.248418919326431, 7.455526808560713, 6.597930743335398, 5.811074861957466, 5.055765006649697, 4.308969070502012, 3.8990187201174047, 3.5538259845102256, 2.8371726217586826, 2.339730211907977, 1.8172620088566294, 1.1118361519380462, 0.6714724764681492, 0.6976011452848672, 0.20312016900601393, 0.45710123580661566, 0.7028242798316879, 0.5670077740028991, 0.8196178474161901, 1.159099108628162, 1.8667531387955465, 3.036031431311565, 3.607085891848529, 4.535169084234717, 5.671182060246446, 5.962288439191494, 6.705227643554105, 7.352460074330402, 7.813963665106391, 7.908000344671404, 6.255918700801681, 8.134309244181626, 8.040888886078099, 8.156848190350363, 7.922083078259514, 7.346657210737851, 6.800852681995131, 6.566587629993579, 5.891002760675188, 5.466169730330557, 5.086830241485722, 4.650628574610689, 4.348935240268978, 4.172208072958552, 3.7230621002263624, 2.9706363028478417, 2.4792559720612712, 2.0676317053517663, 1.5648352569330035, 1.7000460321678819, 0.5952468026004637, 0.29451402956561223, 0.43705116798254084, 0.04998249984870221, 0.0, 0.0, 0.0, 0.0, 0.0835845395714661, 0.0, 0.0, 0.05561049892933031, 0.28855905275716165, 0.44071395096919186, 0.3030316610054358, 0.28394069198422467, 0.380303604007897, 0.302293844519626, 0.2922442940262269, 0.28765725449747065, 0.18699666698885883, 0.1487521920346229, 0.2015552089237936, 0.05578751061177339, 0.17726872327327112, 0.08537070847260067, 0.031424825437820304, 0.0, 0.0, 0.0, 0.0, 0.0033125283577576025], "R": [1.142484866954788, 1.1352078246900987, 0.8557112614128948, 0.5345128092567245, 0.2519449090411667, 0.29281807522869036, 0.0, 0.2881781758319454, 0.0, 0.0, 0.300524384548744, 0.24932524055262958, 0.27089329098206066, 0.5242390691740675, 0.7451448064428847, 0.8524384642935192, 1.172014403610245, 1.4015517427308315, 1.6020219591373552, 1.5752089774304143, 1.8232306041736013, 2.5661365572659047, 3.1328996552515886, 3.547603079716025, 3.7189890992383527, 4.011573349247049, 3.9480455654926954, 4.135566108866894, 4.391282923154175, 4.4964899803620595, 4.385325598295741, 4.461342088173611, 4.171428470076431, 3.9418181575689966, 3.2950605193419222, 3.1181886885557937, 3.4393314269467727, 3.028779043960851, 3.4859030350459452, 3.277842830576244, 3.2331480283073897, 3.9040758762618015, 3.739437855327947, 3.480554134469279, 3.5947904593255386, 3.35530814344935, 3.399411689164708, 3.1571111015556257, 3.2314960995784343, 3.0820216976339645, 3.5946519316961654, 3.7889734324998217, 3.8618762882979905, 3.8248336618121357, 4.075492046665958, 4.675894142929209, 5.134800213276369, 5.475866969556945, 5.44220949551548, 6.199215648042308, 6.512152758204656, 7.3844846798253725, 8.340874894101802, 9.290453428054242, 10.584276612962054, 11.805650543250547, 14.56513601410335, 14.405868037397637, 13.974192236145406, 8.485245090060062, 9.337426662396853, 11.539330928261933, 11.023386453140702, 11.811161022300292, 11.41267520275385, 9.73278748886925, 8.380837716850907, 8.513261827459536, 8.628819149877739, 8.35867470677032, 8.003035685078322, 6.8457026679648285, 6.656861795675881, 6.099468615429476, 5.273185987121795, 4.540981691269109, 4.1443297880472025, 3.568742654552687, 2.987957704130433, 2.70858323111353, 2.219571304932689, 1.6276763327117802, 1.3702892886187692, 1.1476173271876837, 0.8216272037876781, 0.715784073873731, 0.46242977305261024, 0.3869409055075505, 0.2635524441741166, 0.16729998646190875, 0.36037260456373804], "G": [8.364004087697957, 9.006244032905496, 9.51008795345393, 9.855485571599678, 10.197897852006967, 9.689534948847639, 9.623424462636669, 8.414509902932659, 8.020145366780287, 7.5417733237621745, 5.972971406745727, 5.236188636625342, 4.75352130220519, 3.6514409834203567, 2.9229620770362517, 1.949308043940557, 1.7559941904094774, 1.075009684397252, 0.6131795732897376, 0.5420308590001894, 0.24598956629327687, 0.339547648605039, 0.5527117744809594, 1.0367533292521305, 1.776970282148359, 2.144963250448203, 2.853177640231852, 3.6818763660834732, 4.406597713509034, 5.463147919163973, 6.8531894132028315, 7.932312117210419, 8.691905588396937, 9.608744979325998, 10.331143629044877, 10.651217080956485, 10.857445191851172, 11.944527191969645, 11.438778245542126, 11.299278618903795, 11.171274534694692, 10.693052229570641, 9.91801344596209, 8.192674716625934, 7.215114405689903, 6.084192701179136, 4.9299308170717095, 3.9153060778688866, 3.2415471207305115, 1.9057358773693613, 1.8753673664762318, 1.083616918806438, 0.35003962735445715, 0.0, 0.0, 0.0, 0.0, 0.0, 0.0, 0.0, 0.0, 0.0, 0.0, 0.0, 0.12878063890120892, 0.3299761076512065, 0.455173174975189, 0.7514491402460505, 0.49087551639665855, 0.13547252050610364, 0.34387890950943645, 0.20637032991339815, 0.28581465665477035, 0.17475607790355227, 0.4966466905187326, 0.19222135272630936, 0.07996492372960373, 0.0, 0.12434166002073566, 0.30147857293211133, 0.11849738345220681, 0.24555029664973033, 0.10710493747724162, 0.09114909265447825, 0.20397911285731313, 0.08431994373196433, 0.18308692080557643, 0.07418874341345075, 0.13269707774904876, 0.0, 0.0, 0.022161734473843137, 0.0, 0.0465664443041903, 0.01083211879440907, 0.019292776784236423, 0.019959117095497372, 0.04864358288042053, 0.0049287450357209895, 0.015188188750112233, 0.026833112096798003]}