{"B": [1.6760874702311026, 10.644184353880256, 19.745519311408902, 24.410603500880615, 19.168305770199982, 5.39213548802047, 0.0, 6.21373014035725, 19.540424344696223, 25.902286797917796, 23.222042878282213, 17.12571197052795, 5.839272755894758, 1.5792264360381256, 0.0, 0.22425113129626856, 0.0], "R": [1.973061690784577, 0.0, 0.2534548192071406, 5.925710862584134, 15.248433414263394, 19.831624644515806, 17.815718994720314, 9.225868837650129, 4.417255645987454, 7.309151256726607, 17.830184231449895, 35.26488649403451, 35.16953123476618, 32.400243232316775, 29.51378996643917, 21.581195515980447, 24.152939664699975], "G": [29.771416818862498, 23.65904377120898, 12.041283989609859, 2.877307687477204, 5.719521140344167, 19.659365722339803, 39.27668598555276, 36.76878363182072, 22.33385337925175, 6.505522079570813, 1.3882835793428343, 0.0, 0.0, 1.0344683297398771, 2.1727477646660285, 1.4201372822984697, 0.5272809632997748]}