{"B": [0.0, 0.0, 0.01917575894121818, 0.20236706469756308, 0.4121927323296289, 0.8816539266139704, 1.4279590130443967, 1.9766468108317847, 2.4403713077104907, 3.2007026534518426, 3.7868425095958367, 4.692741193016892, 5.268570454468873, 5.8286051689614595, 6.468942973234448, 6.649492767516928, 7.001924758966605, 7.446752555075523, 7.270165936935781, 8.105594248478662, 7.512072722672366, 7.021248388408608, 6.405868705442423, 4.968586953042457, 4.800951386349102, 4.521813635959815, 3.2758553918265334, 3.067963230110071, 2.3875504314663067, 1.631127988997243, 0.8369662835217669, 0.8294197492493081, 0.29783408319895205, 0.11807603033221314, 0.34699539134097396, 0.17803697022948586, 0.2941791850714358, 0.7788852959900943, 1.0303270659965904, 2.2013852802729867, 3.1316656630649375, 3.9452708065689706, 4.970953260185698, 5.627271397198481, 6.417534483323289, 7.03951068750479, 7.948596407825688, 8.482146357542579, 5.775241776431009, 8.47380174138806, 8.373402274495383, 8.784764459672164, 8.52622879955095, 8.0599678141003, 7.632940641791358, 7.05128602033261, 6.808174588607607, 6.053221587092055, 5.8736787847084, 5.123853123027848, 5.038516686579624, 4.774821797976982, 4.3111166425697265, 3.349958962839636, 3.134108336776772, 2.517437494731346, 2.0838225698392265, 2.000659119736093, 0.9808778611897898, 0.42832322284137553, 0.4592297045537314, 0.25081353713672605, 0.2767996393856998, 0.0, 0.0, 0.0, 0.002712151646989235, 0.0, 0.11560313464433247, 0.0, 0.3263613609838406, 0.41135764709316786, 0.28139745664173554, 0.4754845734537217, 0.3758531984887692, 0.3098822626066455, 0.3792154807508056, 0.19950409328064708, 0.24744111594107537, 0.19712580214642086, 0.23393457359876843, 0.09739894400809429, 0.22068472866753902, 0.1268855147018741, 0.0, 0.0, 0.0, 0.0, 0.0, 0.0], "G": [8.25293411994056, 9.267471332942495, 9.769926010969746, 10.17509368649379, 9.900241374348864, 10.055377373623646, 9.061337083017776, 8.449857556941446, 8.165270831672695, 6.700543901364803, 5.994100641637289, 5.3964348903403065, 4.418090804913494, 3.398897877370291, 2.708984512315556, 2.059770633191636, 1.6746334649621972, 0.7738061275942203, 0.6056050988569625, 0.30524596074085036, 0.2529811613363673, 0.13796878692893186, 0.5862921936615747, 1.4715085976746023, 1.6260234178749293, 2.0676118127500596, 3.25205977858837, 3.806144407491098, 4.804441396790773, 5.903442773981745, 7.306231706652447, 7.988159009154174, 9.292632445068987, 10.056928197774685, 10.397512476947863, 10.898426343209126, 12.08372824140059, 11.6685576309082, 11.77666173555296, 11.67583314013952, 11.176768883002916, 10.766167674605, 9.200117329950656, 8.212807659811407, 7.213663970111272, 5.62323202520372, 4.56906045679853, 3.9570212740050583, 2.586788552584208, 2.439783641737286, 1.6290774305036524, 0.7637483976435486, 0.33261496300958615, 0.0944045552976933, 0.0, 0.0, 0.0, 0.0, 0.0, 0.0, 0.0, 0.0, 0.0, 0.2670963307642206, 0.17739985057702215, 0.43118203746788436, 0.8059766280894634, 0.5152486600390863, 0.2350646714941142, 0.2912317246524916, 0.335837914486825, 0.2102302467274897, 0.4019860618915108, 0.37435675043077515, 0.29671972367902466, 0.2113211103937903, 0.014843457276381327, 0.19147651903303745, 0.23146528752721396, 0.2074333390924272, 0.3177294040772155, 0.17846333775423243, 0.08714852554526212, 0.24126659065587824, 0.15134349307044917, 0.12302498824748509, 0.1252662519783285, 0.2293516963549948, 0.0, 0.0576897133103412, 0.0, 0.018027833475877827, 0.004244874967117381, 0.06615589207261391, 0.012468686823027906, 0.05067739840354862, 0.018290868736713393, 0.04223393435411252, 0.0, 0.0], "R": [1.1322746273072393, 0.7940033864832803, 0.7388460490627936, 0.3388231854481818, 0.34003579377475657, 0.036463780012471234, 0.29819983964760705, 0.0, 0.0, 0.15372916052813648, 0.25968644882680414, 0.15653189037695328, 0.26309659968671806, 0.6934497594651451, 0.7155004757604352, 0.882311627506055, 1.168320246149134, 1.245769676874499, 1.740978972768833, 1.1716373455502782, 2.0584582972664927, 2.6046484172432085, 3.10761181323646, 3.4345751991748643, 3.788468365496065, 3.882416088180343, 4.126571405645241, 4.239713845451006, 4.311928943366976, 4.46441786680453, 4.474897278709267, 4.266317342716441, 3.8681391085317682, 3.5189072654195006, 3.116306744463702, 3.435382858403211, 3.1640213691611625, 3.3441954205838633, 3.236055878665035, 3.1758100258874093, 3.572043342795164, 3.7686719546842244, 3.3878670124222845, 3.544889884174208, 3.1173125634352457, 3.2217459401678106, 3.123273669033655, 2.9583331371498494, 2.7890887717683723, 3.442834036863626, 3.51479717986071, 3.437620782621683, 3.582689926187788, 3.7075955246785584, 4.181678586355345, 4.6853791838686325, 5.017261980772537, 5.021520145374619, 5.664482288102805, 6.160714917613349, 6.754144203883234, 7.663683615911341, 8.651111935474582, 9.821837978661945, 10.9420157301021, 13.735132272763094, 14.098232960407206, 13.889134264599281, 9.301123579239166, 8.558672587821711, 10.786576918011317, 11.103916876470597, 10.8208850011248, 11.575045866076938, 10.075202381262418, 8.507768940828255, 8.136534617412313, 8.918217592811946, 8.061415637676141, 8.340907415478823, 6.933973801672779, 6.808268447087529, 6.528650736851046, 5.202208156772101, 4.887427474979443, 4.409468102301449, 3.8814755055067973, 3.198374348141308, 2.9002955104226538, 2.4812638064595265, 1.9097628931888277, 1.640603961539234, 1.277938843919132, 0.9941630482112177, 0.8768105138159157, 0.6189453895762775, 0.5028956214695193, 0.32727534075453313, 0.24278628758864973, 0.1885072909045238]}