{"B": [0.0, 0.0, 0.03637162968907472, 0.27763197978753873, 0.5663467429269892, 1.2862138812059345, 1.348975946166257, 2.0878183184830226, 2.6392732897250615, 3.503613397226251, 4.182767890496292, 4.9158333150098725, 5.590453900666537, 6.2620254304232, 6.725612085424157, 7.192163926366432, 7.194500905056493, 7.63260190569874, 8.036858366725994, 7.63640205088985, 7.167650785727746, 7.029349490748653, 6.070083921126258, 5.739071974739819, 4.804721350463647, 4.553973242926498, 3.9023132898595674, 2.75776295310903, 2.0905394983417693, 1.646456323382301, 1.2164968441003494, 0.7489017037342636, 0.4004260123389456, 0.33376950664880256, 0.0, 0.2994976071136891, 0.34437572516576204, 1.0184877825434409, 1.919030886642354, 2.5087603709993638, 3.2683294949036372, 4.70098695029269, 5.159406418457721, 5.847340622003841, 7.226283849877877, 7.303222461641923, 6.9298071520562905, 6.887948828785069, 8.623657948898215, 8.287859354859473, 8.97480304413647, 8.879187620765912, 8.515524106532888, 7.99849286236476, 8.030105376316516, 7.038566629945975, 6.818198574472293, 6.102091397154237, 5.846923971865147, 5.305187815560173, 5.48452086684787, 4.519837315231724, 4.218853406370643, 3.492424730093732, 3.018713708031405, 2.6114625554512982, 1.9379736256559061, 0.7634063854176224, 0.4072596104423406, 0.7486481184190499, 0.3790145827209134, 0.010013755197509454, 0.19155938532083527, 0.0, 0.0, 0.21311315719471763, 0.0, 0.0, 0.0, 0.12643974223967497, 0.41087809803152786, 0.33931694374365406, 0.40685813337771315, 0.29776189220559485, 0.48435370808324546, 0.21047638988835127, 0.1960251727594966, 0.12504252475623445, 0.26097906045928326, 0.2046636049638888, 0.07658241953780513, 0.23074649235862352, 0.0921610407759408, 0.0, 0.0, 0.0, 0.0, 0.0, 0.0, 0.018440718015522706, 0.0], "R": [0.9220791798788087, 0.4978251058592396, 0.30535202941635176, 0.19488804647476735, 0.11737964877287485, 0.12605714104017612, 0.0, 0.0, 0.18964045871169816, 0.07601167537615366, 0.15551498244385226, 0.16127234150685263, 0.39638663676208996, 0.32591176398811994, 0.6306965991121268, 0.8102869107133874, 1.0374311800760008, 1.0651605946180924, 1.2886918671851975, 1.5447519601851905, 2.220448441098699, 2.389889474669892, 2.862636554592309, 3.2603867343071564, 3.7296808618046544, 3.5945694888988418, 3.8788964574243305, 4.381416216694141, 4.167355803305107, 4.1784209294247265, 4.013379726946314, 3.577617996584433, 3.2526054903137656, 3.331573583565956, 3.1332786978343328, 3.1455554555340512, 3.0862902894034487, 3.3367792780883208, 3.078290763749528, 3.5504365176171375, 3.269595302787691, 2.938704895427313, 2.7831903638142066, 2.990708200841103, 2.652454837168419, 2.466570124868026, 2.5307669228191205, 2.6153071211841294, 2.6514004755956093, 2.8059961724020694, 2.827214524324693, 2.868426914481027, 2.984774360237216, 3.705609237981285, 3.9771120295144216, 4.2242158386335085, 4.327219728229149, 5.073841094535442, 5.563323948991334, 6.411106996782982, 6.947673517631065, 8.110839417284065, 9.556028495082959, 10.989335138339964, 12.730406060575024, 13.104079261544, 11.4698819625235, 7.132131894620545, 8.97041551010311, 10.675685893286225, 9.94763340426666, 11.09004052292935, 9.969672503745759, 8.724594492960016, 7.740516249526647, 8.270830087865143, 8.096689811925938, 8.179296197166526, 7.411389625552293, 6.75355091830057, 6.581113548090839, 5.817240355507708, 5.248885404337028, 4.669025486334921, 4.308626365183602, 3.7647318331570774, 3.1802664229839914, 2.9584505138894417, 2.478029407313462, 1.913440773493564, 1.5877754482230302, 1.411370405057647, 1.1141399738860114, 0.9656287061476244, 0.6582011150130479, 0.5429207775569944, 0.3883097048229402, 0.31804142065647967, 0.2207450496898186, 0.14351296864132504, 0.29492454572518567], "G": [7.126282880843115, 7.77612327406257, 8.177820768751223, 8.119835118999045, 8.140727599067812, 7.229965441333134, 7.471830819274785, 6.531670743712277, 5.839954463983758, 5.273350183502835, 4.677623399853494, 4.203744787643451, 3.265889077063025, 2.595919557349597, 2.281174708815549, 1.343013977468157, 1.1262906339727818, 0.6098720425434736, 0.4682120361438596, 0.28702544553962167, 0.35994832268101146, 0.16800482012554727, 0.8829123517358811, 1.0175429682702872, 1.5788390805545724, 1.900106548763152, 2.5250488173735377, 3.3406699842245504, 4.382842018806056, 5.298534171304747, 5.957935169917206, 6.791466570225189, 7.653542541157392, 8.139998421840243, 8.769657368894347, 9.51170702011404, 9.556836087910407, 9.53158257277581, 9.806323610648185, 9.517283548643233, 9.010270009005419, 8.102337669435572, 7.108622296643642, 5.892623729871029, 5.059395922986165, 4.391170337181554, 3.4980636416556274, 2.47945603276927, 2.173790158779184, 1.5619389514079995, 0.8895679515050967, 0.329746614571601, 0.2318061398931183, 0.0, 0.0, 0.0, 0.0, 0.0, 0.0, 0.0, 0.0, 0.021068914939827293, 0.0, 0.23960319925068949, 0.3119418382580246, 0.45467598693234645, 0.49111489545318204, 0.27888611556981685, 0.446795444550703, 0.2690854103754303, 0.3781765121546089, 0.37663458641122, 0.542554915865888, 0.3489994693128173, 0.04110543718302639, 0.2103718090760278, 0.34524566340803503, 0.29340485520716736, 0.3912741484963318, 0.3715074717966147, 0.212332199188258, 0.32571214148361366, 0.18796683641671058, 0.2606684679829189, 0.19195686576590523, 0.17811004964239183, 0.2119258313806232, 0.16406326478306962, 0.021367391402652747, 0.11570492924859296, 0.08543482270102445, 0.04887799762501634, 0.025792622293300874, 0.027497617457229513, 0.032910420821289525, 0.025658088021725322, 0.03977526743742595, 0.0, 0.007021644867386893, 0.017933747740111, 0.020427208118231704]}