{"B": [1.0247703674354534, 9.988028459057052, 21.049256028761096, 25.54313925348378, 20.876411637859174, 7.721398524329713, 0.0, 5.814788487531968, 17.928068764838233, 28.42667677485887, 26.621904508414275, 19.369604497596058, 9.286069827417387, 1.6714668373481063, 0.0, 0.4966509532766373], "G": [31.694743567834568, 25.064838199005287, 12.065449246759501, 2.295995959244264, 4.437770632565532, 17.491785103990765, 36.106297867293904, 41.96682114409261, 25.439173827581005, 8.07758765066512, 0.05832951275758738, 0.0, 1.16573735847499, 2.027682290302192, 1.8699407073550758, 2.455226997293779], "R": [1.1722833174506273, 0.0, 1.5068245173119732, 6.223634931009793, 13.899376030950288, 17.585099795928393, 15.094179662789017, 11.893944575121894, 8.241206890030128, 8.716344588095696, 14.845352622365663, 28.194578571512594, 39.57242313418268, 38.7157161854371, 31.506030310689372, 24.697587556076947]}