{"B": [0.0, 0.0, 0.0, 0.31688134833333326, 0.8080885405502521, 0.9013014411179288, 1.758077457676547, 2.435292637707117, 3.0283138940651106, 3.636148568471031, 4.550477390729618, 5.3145950236274615, 6.268213448356787, 6.910309376807154, 7.490141333665427, 8.3246113328066, 8.296890711455948, 8.821917881954722, 9.108712245448272, 9.260204989173934, 9.58627405080068, 8.560746067365537, 8.009119938504426, 6.687068611320966, 5.50673046618932, 5.026140959013831, 4.747508396193759, 3.5405234962434435, 3.1007250538749855, 2.4666108209044735, 1.5586952302218275, 0.8359968772356077, 1.0723065977195232, 0.5273283885681534, 0.26163067352320507, 0.8255715932056026, 0.7180320997896901, 0.9446318355905893, 1.6310068910862245, 2.153340814232407, 3.705820038693191, 4.768105859627989, 5.844688734733652, 7.015232086637625, 7.652001412777749, 8.712159895679514, 9.181920919650924, 10.181673105762501, 10.943594650530645, 7.365918736432359, 10.539297711958264, 10.372774000221701, 10.58444637064496, 10.253082188541416, 9.644295223415702, 9.019785704913069, 8.200479695974833, 7.992113454588604, 7.014562322630909, 6.879671783406254, 5.887036089231932, 5.769690172836705, 5.439641664662018, 4.931785898139766, 3.9237676103229857, 3.4686909832320136, 2.840562605192696, 2.3507219908244585, 2.349861203690278, 1.0265715170645286, 0.4434215736488393, 0.5553721386628803, 0.25856126015986586, 0.32898063690819, 0.0, 0.0, 0.0, 0.0, 0.0, 0.10102139883502344, 0.0, 0.47854895419366555, 0.6036017066310562, 0.2992195287853722, 0.47800126181243435, 0.4345995724670812, 0.3575332171749371, 0.384341233379434, 0.27215377936206775, 0.29303978267946684, 0.19448362149202725, 0.2621165615448636, 0.09133469657760154, 0.22658743930070405, 0.15040406472220627, 0.023492990302074118, 0.0068702665630791734, 0.0, 0.0, 0.0, 0.021655770263888034], "R": [1.1607348079143067, 1.2951506393927827, 1.0721091382554615, 0.7842691922550883, 0.39356772369940823, 0.48764674408467423, 0.0008387484573337934, 0.2134699619795156, 0.0, 0.0, 0.0, 0.03475031727789897, 0.0, 0.0022474025082340546, 0.33727898350099056, 0.3210573924473263, 0.5323408026177222, 0.6776564797658138, 0.8240402435364906, 1.1149533621101428, 0.8493840245457482, 1.867471905912741, 2.2620935771897366, 2.9279595170330794, 3.143460911659912, 3.449004039140899, 3.53042187186923, 3.6690884485697763, 4.001284770841143, 4.0549067935412655, 4.217349540889202, 4.304090454199601, 4.128506135310015, 3.80229082801256, 3.5782542217346056, 3.028000385857133, 3.4084642358830006, 3.1127121483730344, 3.286430134962634, 3.1514661306512233, 2.9828283307397347, 3.3137783169263746, 3.4730207779879514, 3.0330062752298876, 3.083041281250168, 2.5943452067088826, 2.7193777479511048, 2.5059286021296163, 2.3502515499379397, 2.297410304796964, 2.7807773766474213, 2.906942029362178, 2.882472099507515, 2.930283519584183, 3.1383298542063187, 3.6382688469984297, 4.258819883613512, 4.519566031625967, 4.650471273968921, 5.199568473207815, 5.773618896867196, 6.412423447147728, 7.308645003040762, 8.24851511411262, 9.407017019610675, 10.509020543007262, 13.201617625532945, 13.612677080731423, 13.375012082393049, 9.004147658936454, 8.256302770747311, 10.333815943047972, 10.70466917929094, 10.336667595949839, 11.100154335244712, 9.681471483773834, 8.113524665646594, 7.701190822585896, 8.455964970389145, 7.655345097247852, 7.797849984123069, 6.4547158210623286, 6.258977826514943, 6.004668142447525, 4.79483245098099, 4.3897784261948285, 3.908098554775509, 3.4466373643340638, 2.8414614116113213, 2.5074009148831093, 2.1205328829188854, 1.6246637736564897, 1.3212768486832367, 1.0286701645334653, 0.8117774397704931, 0.6523770211513891, 0.45255279410982374, 0.38738212902387237, 0.2481135579278172, 0.15972479037293968, 0.34628228204882755], "G": [6.5209127905908675, 6.874257493766865, 7.252178031346501, 7.579682349082804, 7.664762494025061, 7.479792127921672, 7.466778292752832, 6.758635771528055, 6.123477052078376, 5.919146633690254, 4.722467091561356, 4.211188326707443, 3.671481137425362, 2.9590480397954018, 2.230770507805223, 1.6461408087461715, 1.2641172452100589, 0.9484732038873985, 0.40793823304706356, 0.4865330710407997, 0.1817872616358336, 0.35157036578521944, 0.2903151114991127, 0.7644606119920863, 1.334833654014028, 1.6204532430536838, 1.9943159236172616, 2.993912643607979, 3.393794083068162, 4.179423234794431, 5.1217334669882435, 6.031911052376339, 6.430311658204109, 7.368337241983638, 7.927638751970512, 8.090015928413138, 8.307794098408996, 9.253644193462218, 8.765968000784808, 8.75331832789387, 8.600431390408062, 8.18815569357984, 7.66623513060654, 6.429766646629393, 5.777620910792904, 5.02238450834922, 3.8360994049436226, 3.0167093044636824, 2.478762649596017, 1.6951562427807358, 1.5487298092316926, 0.9291225843978986, 0.3560358061543031, 0.10956695746802067, 0.008427369466681938, 0.0, 0.0, 0.0, 0.0, 0.0, 0.0, 0.0, 0.0, 0.0, 0.11778206436868366, 0.1458606122868845, 0.26490926572667434, 0.5714352223032284, 0.26333400312944166, 0.14565915364303939, 0.1981858235617452, 0.16585604953817715, 0.06823076077830531, 0.2536352994798243, 0.22234320246553835, 0.14233727871002527, 0.13389611974861607, 0.0, 0.12741243492970758, 0.12912845118362554, 0.15953087733024798, 0.17718557103098354, 0.08729660705854198, 0.08956561425063217, 0.20137773473777665, 0.09259219232258811, 0.10016016580047808, 0.08754287723261064, 0.13281846517140705, 0.0, 0.05041945196937963, 0.0, 0.020531237657950896, 0.0, 0.019604766065057268, 0.007157540374447054, 0.03319120838643393, 0.013375665984294877, 0.02814010901273029, 0.0019408867507080796, 0.009125789884452007]}