{"B": [0.0, 0.00142296433482488, 0.1916652621195697, 0.29395895159051105, 0.3379165258962429, 1.028472904383082, 1.4332404239548409, 2.2867109974279454, 2.5164582151089774, 3.116182397339921, 3.7705029709951443, 4.7242776240568425, 5.282262724079487, 6.066256855521721, 6.386780115404223, 7.062600699675229, 7.114376715153818, 7.46108036762734, 7.624983002464529, 8.161081525774422, 7.879132335010884, 7.236866355513873, 6.106932458474405, 5.586876012909482, 4.627777562400401, 4.432360956541924, 3.703773758587608, 3.348111731350255, 2.7903366662201994, 1.787085799002185, 1.1837564479873803, 0.8928152039684042, 0.4966951183671642, 0.3877034766615045, 0.3119910528972956, 0.6487292633788925, 0.46621722385231124, 0.7408477285999207, 1.296961226969101, 2.110578036979909, 3.243398855595083, 3.977175285442825, 4.748728783350527, 6.208894066803078, 6.568458081164764, 7.117398813811691, 8.356550749295918, 8.340567766426888, 7.703926770375196, 7.380309450358149, 9.046429887439142, 8.43939983569576, 8.88735196068367, 8.623456518562971, 8.039309100054616, 7.280901511815033, 7.316922052142381, 6.259035242993253, 6.1199803619712565, 5.4765782825927865, 5.138235153830663, 4.616580229745661, 4.740871524818021, 3.813328342899497, 3.42084767676343, 2.5714421368554574, 2.2304730517199114, 2.0729692061293705, 1.35525440764407, 0.6299909962131132, 0.2424666326724253, 0.5245168479376844, 0.26661646747380513, 0.0, 0.0829755885558986, 0.0, 0.0, 0.1430275869358242, 0.02087349669661146, 0.0, 0.06980360826845153, 0.30406525418081654, 0.5935747798239823, 0.3365328300365034, 0.2894885117684533, 0.3791369307741999, 0.4888274638190138, 0.20278792156115447, 0.28989012194635083, 0.21405198852715956, 0.22738737584073934, 0.14983868141370718, 0.08813285928289437, 0.20443573120203518, 0.04849034990270848, 0.021311372208977643, 0.0, 0.0, 0.0, 0.0, 0.012075464338925852], "G": [8.49347945158101, 9.088250110425612, 9.51516778573002, 10.019526220102307, 10.208718647555797, 9.880703572535483, 9.694657494154814, 8.175197022709371, 8.38270264409508, 7.260864463842466, 6.160894388465072, 5.278556299303055, 4.657537981219546, 3.77115758841052, 2.886731944230748, 1.9852334390975361, 1.8835493602436713, 0.762267415378796, 0.9097083895809686, 0.4216404010511322, 0.2221515685944329, 0.31275042119791774, 0.808324555043158, 1.0112912943402208, 1.8319987740955292, 2.0568125583645305, 3.0638282854837064, 3.485658195741048, 4.550963322066493, 5.6949217934238785, 6.889683212215765, 7.898496468978162, 9.134426546209566, 9.65112567901803, 10.411540015613113, 10.741833213649937, 11.341870217638201, 12.141512116607295, 11.671991279095423, 11.371206644140894, 11.47814782193177, 10.680175454818965, 9.730814799677, 8.379060682114646, 7.276500067078159, 5.881830409071891, 4.889311329143315, 3.933562848383083, 3.14651970976454, 2.1366784685080207, 1.5972688965081387, 1.1276028396303612, 0.5352805667797818, 0.023032805590994156, 0.0, 0.0, 0.0, 0.0, 0.0, 0.0, 0.0, 0.0, 0.0, 0.005272350427983008, 0.0017902768917656786, 0.4424731948777999, 0.4600105958696109, 0.5466948439515968, 0.672605806580844, 0.21037726619691247, 0.42597972491121905, 0.14564409045191426, 0.229300832545875, 0.2261472831213885, 0.417955268419491, 0.23442421631948948, 0.0, 0.025496330660309763, 0.24533512447813896, 0.2208600815491015, 0.26031468285907733, 0.20151743073387918, 0.0442644861852939, 0.16432270167996538, 0.19183440682995634, 0.18598655585665888, 0.08646629488893551, 0.10741889532307324, 0.13842659490909826, 0.03987216214503579, 0.0, 0.05145713802718768, 0.007367578080442126, 0.0, 0.02657425877346288, 0.015342769179006205, 0.027399062734769622, 0.05311222299124215, 0.014376931269070518, 0.0, 0.03069216441700806], "R": [1.2075469030745682, 0.8938243021501777, 0.7103244263539528, 0.3549211171479644, 0.34052740609755133, 0.005732528506233647, 0.0, 0.08994742724349329, 0.0, 0.0, 0.272118516333002, 0.15271323091775305, 0.2960683196356992, 0.42185863299851567, 0.7315038244606142, 0.7290755821893683, 1.136427259405224, 1.377692184846662, 1.3999049524077603, 1.3867682672340453, 2.0381308203626842, 2.4178315786363336, 3.1239769943321813, 3.3014581776790815, 3.6437514659949644, 3.8260702396877875, 3.911499388584312, 3.9670178780693113, 4.09459696752996, 4.372153838756731, 4.223441344901172, 4.144675388341605, 4.001031216677297, 3.527608084205699, 3.0956299831044047, 3.253257634140915, 3.1060326051513103, 3.0468079636129817, 2.949067881392911, 3.2444303798289393, 3.0424174364548273, 3.741025809846683, 3.5905554169877627, 3.3488963293208167, 3.1146057979986046, 3.3379873221631673, 3.057067347180968, 2.9116109215137604, 3.0277758673578243, 3.1569211177965566, 3.4027684430016043, 3.5932668589603907, 3.594411840499472, 3.6529764316513043, 3.8284955600072066, 4.62087585908005, 4.887289038504571, 5.232453490298561, 5.274177566257565, 5.921168675069659, 6.4992652131449535, 7.384690882723569, 8.008067419260367, 9.15426982544937, 10.668394231033421, 12.181249559276601, 13.976563764137259, 14.176500652231073, 12.39785674190095, 7.58829207235733, 9.533853601990327, 11.368440461350835, 10.515353122862066, 11.678081264760392, 10.521807305925511, 9.10479292069597, 7.968188259791617, 8.529765734383787, 8.270429736794693, 8.265507290404114, 7.403662046428842, 6.672467194054251, 6.421524889489482, 5.693739896925859, 5.070686455230535, 4.346383115205632, 3.9787609594054536, 3.4418175987883695, 2.7911240269235025, 2.565365945115863, 2.086233863594367, 1.61012195664118, 1.2701739586418186, 1.126443775736828, 0.7788821986609303, 0.6919487907167235, 0.47346150060987274, 0.36336114083970866, 0.238066612606892, 0.18496821151235776, 0.3302622977196844]}