{"B": [0.0, 7.443027166958709, 19.90914900111821, 26.684492386090735, 23.881754020217954, 10.680111932580385, 1.246148130215426, 4.461173185849734, 17.401993360977496, 27.535695789655477, 30.31792429065516, 23.914720411154597, 16.26968094480866, 4.085564674992797, 0.8135212744820691, 0.0, 0.0], "R": [1.1565176303022673, 0.0, 0.2191657100396462, 2.4520667602364945, 8.343366901009746, 14.030905055408661, 12.410134031949987, 11.563168210235359, 8.727467870830335, 6.92892844627862, 9.806013932034611, 18.504733817217943, 38.35652471921071, 33.91893201595884, 32.82031283550553, 28.100307065249805, 34.46388767364028], "G": [33.1743502911211, 26.796665667572466, 13.972407486072845, 3.7197921021881806, 4.033638105662001, 16.194957147686672, 33.61599194184254, 42.415738510711456, 28.927082976337896, 10.63269810151879, 0.5867332009154842, 0.0, 0.452146544928986, 1.2241754657500865, 1.551492739990791, 1.7712605867368942, 2.4296574043695887]}