{"B": [0.7696081307649867, 9.19924496730532, 20.48741032956625, 25.394466068213486, 21.65707404928671, 8.253202505360404, 0.0, 5.568668393059303, 17.258448417250865, 28.125152074272656, 26.991170512717137, 21.477648224551203, 11.025765813192274, 3.5354174598927437, 0.23580271797340366, 0.1929693765652571, 0.0], "G": [31.432848390451426, 25.319059779097056, 12.934115571019236, 2.8777756666122567, 4.851702688283054, 17.639140416584926, 37.04674056689374, 41.204290131834114, 25.60181270360741, 8.411127861323443, 0.8181821016134855, 0.0, 0.7292204721888736, 1.2247826503727617, 1.59580199122685, 2.068705392206724, 1.967449819876521], "R": [1.4056793379025962, 0.0, 0.18376612552890392, 4.060387194377572, 11.515487294487027, 16.202146800634157, 14.907759507799758, 11.823929492435386, 7.0926291702268465, 6.32497693595175, 12.027237927964627, 26.611082948451305, 35.61054796351693, 36.310176878618314, 31.46484691423782, 25.16623758043688, 30.244422229661065]}