{"B": [0.0, 8.495311852482185, 20.219684937742883, 26.054520980591423, 22.735120303347827, 9.403434960510074, 0.06615163959105418, 4.542079037202148, 16.540045536439514, 28.3530586614913, 28.105062363924453, 22.15810853940769, 12.329909814101589, 3.560959573800964, 0.23954009028916098, 0.2411115370746858, 0.0], "G": [31.810595681495208, 25.88438961520825, 13.317778513768095, 3.3807026138443708, 4.749447920588311, 17.05009577317422, 35.72967475479866, 42.244595687208054, 26.45226391463521, 9.336725400088953, 0.7997359059659616, 0.0, 0.4419606451008138, 1.1699688332503861, 1.3600942939877614, 1.9082663709343672, 1.9497097102412284], "R": [1.5707361455436695, 0.0, 0.1427991960552207, 3.5184953629642246, 10.587299703486181, 15.505077394439608, 14.70958247248141, 12.065135826408998, 7.657472911412209, 6.303608052399006, 11.409397067215771, 24.349113186596327, 36.58052829383514, 37.48479972698077, 31.845447970573673, 25.643018454633783, 31.16403547960536]}