{"B": [0.03901006987932531, 0.0, 0.10183142538778012, 0.0, 0.5303577821091574, 1.0183640825884595, 1.4932355654789105, 1.8556637379291683, 2.6069813790936696, 3.3358297166905078, 3.988989352415632, 4.899809889475194, 5.491932407587005, 5.956033351394459, 6.6250267762729385, 7.014533138281343, 7.411410511625261, 7.334553688428261, 7.583825822521288, 8.096155238002783, 7.298998795244737, 6.852987621739604, 5.991637798731401, 5.160025813228779, 4.963535624358034, 3.9306768896673168, 3.8789866697963085, 3.105587774302697, 2.095831436015242, 1.411958698548396, 1.1855474203168401, 0.5460872804633384, 0.20540588773075888, 0.17184956230974088, 0.18194891536293653, 0.032387213969475505, 0.35979616428025724, 0.692935189256603, 1.5483125073054043, 2.4410133403998744, 3.1704259455314787, 4.127912584540163, 5.031003858565147, 6.119498073808121, 6.425049651626214, 7.848627916454113, 7.929460973391905, 6.344579851987166, 7.750068648347464, 8.750829669129036, 8.592634876119742, 8.705156184047732, 8.888335615566147, 8.12204750722684, 7.6757872033040195, 7.303700123554113, 6.548685852164229, 6.513777435113007, 5.585812411601414, 5.473146065781188, 5.110206477085498, 4.829002370172109, 3.775927802841524, 3.7111337274870957, 3.103351256551015, 2.65078592628934, 2.2619561462514417, 1.4366702176597297, 0.5686477163949719, 0.3963386992223913, 0.4898716154389439, 0.2577211288091054, 0.0, 0.1770735727875562, 0.0, 0.0, 0.029822444421773286, 0.061813899569196785, 0.0, 0.13017032237417536, 0.20940911666414222, 0.49209856733038965, 0.3588656798823549, 0.5134623659647405, 0.2533774486495788, 0.474932765207128, 0.17239464685309178, 0.28854347058339924, 0.10701318556196972, 0.2447679636786806, 0.15704094272824803, 0.17044340108037215, 0.13903160935191333, 0.013883806625856929, 0.0, 0.0, 0.0, 0.0, 0.0, 0.0024427004362352948, 0.0], "R": [0.7617019300423791, 0.6331558667945801, 0.32155092234869315, 0.20316334724735227, 0.05748691877900477, 0.14371965750036947, 0.0, 0.0, 0.0, 0.06437830968030979, 0.21053880853557144, 0.09642484694328413, 0.38331838533094764, 0.5684771305153972, 0.5504949915258067, 0.7643087336865966, 1.010103068276895, 1.2680200075337675, 1.367494514406415, 1.3843344825281267, 2.029883972658198, 2.606316776562058, 2.9104159052229095, 3.2715292784867143, 3.494121187416596, 3.9048239530793185, 3.8245533418692714, 3.8924257637079513, 4.232451375139273, 4.130652665201056, 3.9159321282939534, 3.7650541599735896, 3.2531425822006046, 3.111574870810916, 3.1129057989858113, 2.987062969053023, 2.9588157760214613, 2.9478981943615903, 2.9720232562490616, 3.1749869177988264, 3.402481678497619, 3.2279434834165532, 3.179895418060828, 2.686541281361178, 3.097882081647903, 2.635608009598212, 2.4874119935914396, 2.6453364734616653, 3.0336559715755547, 2.863736686825788, 3.0000172890237886, 3.0865956025660726, 3.120348680934681, 3.514287689752712, 3.972454020096658, 4.388342567363197, 4.578933728454124, 4.6526321721675234, 5.452498900651763, 5.855056978463818, 6.8721613069518765, 7.412303006722718, 8.8042450292714, 9.812983773437706, 11.837460956672004, 12.885068574272493, 13.344372303659828, 10.03310718636429, 7.53866261150644, 9.336825028779579, 10.475066321032056, 10.160739707016473, 10.834771513474106, 9.777256687282646, 8.316987041459482, 7.666178294335232, 8.327547994855797, 7.89681976694802, 7.951310444645455, 7.050906796858806, 6.528715217405918, 6.36199607568977, 5.341328018512027, 4.978556484838956, 4.349880660720777, 3.9789202809703568, 3.447743794894835, 2.9811106820564413, 2.59167920520729, 2.1672472998550063, 1.7434986167074245, 1.415975466660902, 1.2221858094497313, 0.9918964796970543, 0.7799926617631898, 0.5843893828865295, 0.43428916803530876, 0.31536594029105364, 0.2370863851317385, 0.1787062962059731, 0.29900804564989814], "G": [6.862407234366104, 7.638276753281655, 8.106341909172368, 8.239281625962088, 8.117632342911174, 7.661168065890617, 7.14987033792989, 6.86849711493834, 6.0144613149695765, 5.316593894155454, 4.750801987235141, 4.156014947517355, 3.4036016018485915, 2.7010094000175324, 2.0306641020595166, 1.8739427060378648, 0.9323980633100515, 0.6435217513910299, 0.28597643572260767, 0.3875529832648022, 0.07048013349342037, 0.35658642042443056, 0.3726658930023783, 1.172840451443592, 1.3095869068990886, 1.9703209367993972, 2.314472248211041, 3.2593097432306255, 3.9164081119563265, 5.238203994152158, 5.9564884141291135, 6.898539530555571, 7.705549912881742, 7.9770282628120395, 8.556201350579562, 9.467590124742603, 9.689644049111125, 9.425917026895618, 9.571677414362776, 9.375446453775181, 9.261488738410165, 7.99611756603404, 7.3499240073410785, 6.3013069060047355, 5.075873581636684, 4.342136134743651, 3.6410335670639706, 2.867727722696101, 2.0671561425045604, 1.7581028623733994, 0.9683149102943523, 0.5956808863303742, 0.07626029336671172, 0.022528539530518595, 0.0, 0.0, 0.0, 0.0, 0.0, 0.0, 0.0, 0.0, 0.1610929981482875, 0.12130917643194945, 0.26891375983341975, 0.3553870760736855, 0.5415201247112834, 0.47159086421008783, 0.2838736857050118, 0.409150405958839, 0.20194515408000677, 0.34534694380373887, 0.3877169001259374, 0.3234741016051863, 0.26202892394001237, 0.0, 0.22733309509854202, 0.21459645781620268, 0.23561272662788219, 0.36281743430058017, 0.17278829948790286, 0.13008862491980547, 0.23554700167343295, 0.195069575536362, 0.1734253319316539, 0.1891082394312229, 0.17833796579204658, 0.08546009883068566, 0.1166186202062154, 0.0, 0.11802521343827611, 0.0, 0.05849523454088242, 0.033459538370695784, 0.017496909549678294, 0.006724250502247052, 0.03804967056827654, 0.0026959728238143297, 0.0, 0.015702224677402215, 0.021691941190425675]}