{"B": [0.0, 7.755153660245258, 20.068944528203087, 26.39973005905583, 23.708107312212665, 10.164512551148544, 0.76481431734949, 4.329678075772964, 16.481580681320523, 28.456320969406818, 29.36945632289018, 22.684211435352953, 14.911141264932201, 3.7998470629253074, 0.6876777843851564, 0.0, 0.0], "R": [0.957153529964094, 0.0, 0.25060485297722696, 2.5894801055677736, 9.252479197280802, 14.625455492075973, 12.954109217942728, 11.74357454776146, 7.968876892303198, 6.61991914765371, 10.605049707035992, 20.846065823209855, 38.13158953284925, 35.79939862368616, 32.078571912237095, 27.42191859833774, 33.27961634896965], "G": [32.80977911225156, 26.2378379493093, 13.485492415918616, 3.2959077191650286, 4.0052018681939225, 16.381761267880744, 34.42524227656642, 42.88245555883933, 27.239746333772366, 10.534795104028484, 0.20303621217708226, 0.0, 0.2362512722212637, 1.370969070912031, 1.5096674837646706, 2.0427203389702906, 2.3388731562773106]}