{"B": [0.0, 0.0, 0.07220368617841999, 0.3437697938173135, 0.3893675459476108, 0.9600784702385168, 1.2785023531481863, 1.9851206367632188, 2.53376498851281, 2.7735187225246793, 3.5577965203381368, 4.208225208456379, 4.7572526839390505, 5.374616421818856, 5.789567873681238, 6.420496756126713, 6.362327212847388, 6.59358417469909, 6.827137211829003, 7.10195941632727, 7.305163313103645, 6.46511728327893, 5.694465484862443, 4.95478078396868, 4.223374348943523, 3.8221021522695864, 3.484285184485517, 2.7826336821162916, 2.295822503410561, 1.7844654394899475, 1.0941654221112975, 0.6634868015791074, 0.6895570601853098, 0.20551587009421562, 0.4547154969791051, 0.6952122240229867, 0.5621756156004557, 0.8098338422052317, 1.1415698962266259, 1.8342693360793998, 2.9791721701270144, 3.5381568812882853, 4.447082209471129, 5.559147488850891, 5.843823259881396, 6.5712926136485965, 7.204831757362515, 7.656571885963265, 7.748577461460614, 6.129925810418018, 7.970719913815689, 7.879245265539375, 7.9929028770748864, 7.766132313675492, 7.2054169477547525, 6.670662335032625, 6.441269639485626, 5.778277613079767, 5.361607416604777, 4.989665004183295, 4.561853956960829, 4.265961913310521, 4.092645834485239, 3.651810626391884, 2.912545442189155, 2.4314872537659613, 2.028249093313096, 1.5354481068458044, 1.6673303991123396, 0.5839675537894692, 0.2895180962314671, 0.42923661303423155, 0.04977012981656348, 0.0, 0.0, 0.0, 0.0, 0.08161777234634669, 0.0, 0.0, 0.05489896417425641, 0.2830180382905552, 0.4322064324948866, 0.29717720110043616, 0.27848864898293024, 0.37303243378367595, 0.2964799206915435, 0.2866460383985659, 0.2819528431382849, 0.1834340560303111, 0.1459627304078995, 0.19769521653356903, 0.05482645668314174, 0.17377126364636372, 0.08375214803800504, 0.030871411490030184, 0.0, 0.0, 0.0, 0.0], "G": [6.650731171398641, 7.161340727943094, 7.558851995767738, 7.8343547300488865, 8.106529277441195, 7.70373866385509, 7.6499619934527185, 6.692460122160891, 6.378642495147207, 5.999251954444241, 4.755032073392246, 4.170471583423371, 3.7879818970962584, 2.9129278993682526, 2.334216684663073, 1.5611802355342732, 1.4071463686893027, 0.8660388170138308, 0.4990391035337853, 0.4431042555500616, 0.20772187795383795, 0.28046702999407586, 0.4483625810156792, 0.831756910172883, 1.418984755215652, 1.7106250835235364, 2.273027416177701, 2.9305183949735607, 3.5055706206575485, 4.3445516513760944, 5.448279825230297, 6.305209357010528, 6.908972751642071, 7.637034685764582, 8.211805902854637, 8.466980317206852, 8.63075051401058, 9.495586759150035, 9.094532099821077, 8.985346781961274, 8.886083106834255, 8.506941090638273, 7.892497765079343, 6.523060991973592, 5.7465179619293725, 4.848685274396424, 3.932181600283666, 3.126353170325188, 2.590742623899892, 1.5254932182335312, 1.5041351446479407, 0.8742002418833432, 0.290898600802497, 0.006547578181165095, 0.0, 0.0, 0.0, 0.0, 0.0, 0.0, 0.0, 0.0, 0.0, 0.0, 0.10459898312371618, 0.2633401381471382, 0.36183443801225906, 0.5968163779911854, 0.3903251396708454, 0.10718371746712643, 0.27223870261448757, 0.16282928375136296, 0.22555177083666042, 0.13745840684887842, 0.39345514154092026, 0.15161549791942977, 0.06258082998201898, 0.0, 0.09787016797103354, 0.23866920052410506, 0.09323032214154912, 0.19484999645863715, 0.0849243620564632, 0.0722011394666386, 0.16194267932152087, 0.06693878274480901, 0.14551734367120908, 0.05891747571379313, 0.10564175458923727, 0.0, 0.0, 0.017660801043753383, 0.0, 0.03717951895233321, 0.00861312282676607, 0.015281680450368703, 0.015831698158028488, 0.038644931489572626, 0.0038952453585853228, 0.012069472107115887], "R": [1.024147762988854, 1.0169374732230279, 0.7609672378782877, 0.4713319526186054, 0.21566183881420317, 0.25531319231195637, 0.0, 0.2562778612030455, 0.0, 0.0, 0.2760714031077541, 0.23295116977531763, 0.25498972220937316, 0.48734075551282036, 0.6891318607308025, 0.7894233552425209, 1.0782146026716812, 1.287274236068543, 1.4696731095745637, 1.4465301623537679, 1.6716149028256146, 2.3400517848135842, 2.849402291715265, 3.2210849367926735, 3.3726281536419833, 3.635197164958684, 3.5757266843660287, 3.7417740923725322, 3.9702963289974353, 4.062342248642179, 3.957737524984014, 4.0235289396087115, 3.7606640131112763, 3.5503557001384562, 2.9657408210630787, 2.806440979218688, 3.0959646477543927, 2.724578843726693, 3.139697848273127, 2.954286344127918, 2.9180871545643328, 3.527108190124519, 3.382241237912155, 3.1541211968632625, 3.2595384973064014, 3.046923603593631, 3.0903945496427103, 2.8741808313878607, 2.942499073287267, 2.80354254063471, 3.2728628375672235, 3.449037754543328, 3.5161085841451025, 3.4831821947423225, 3.708967511394619, 4.249147924520064, 4.662720312627819, 4.968912217207177, 4.937016663539484, 5.619677462808597, 5.900941149876151, 6.688204235555708, 7.551857876113115, 8.408711827647059, 9.574761184074962, 10.676675183823097, 13.169172010940299, 13.02329734993833, 12.634076239809337, 7.670334719126445, 8.439187302524019, 10.429804668213965, 9.96227582493964, 10.674612291316857, 10.314175056355916, 8.79618204146634, 7.574377065849392, 7.694054544985793, 7.7984383373510076, 7.55415174673447, 7.232778597118181, 6.187509071105461, 6.017454177804774, 5.513271469217516, 4.766343313504592, 4.104973796513686, 3.7461461196635066, 3.226047933945257, 2.701160709972492, 2.4483665813455806, 2.0062729342870256, 1.4715687202266998, 1.2384159900566882, 1.0376455552073822, 0.7427672280853349, 0.6469342807891538, 0.41789720397313856, 0.34964740540522066, 0.23817665786991488, 0.15117710168227236]}