{"B": [0.0, 0.014744850279746839, 0.19302341001387993, 0.28901285308294117, 0.33057964047321264, 0.9714806425578901, 1.3470502814273886, 2.1444406360319936, 2.3602321647595796, 2.919502179051573, 3.5246946043620713, 4.4127562971682455, 4.9319958902134475, 5.6619898583975425, 5.959954831809453, 6.58894938041563, 6.637413310566143, 6.959279884227302, 7.112308040006064, 7.61161639390183, 7.348380231840705, 6.749182375192131, 5.696021036240119, 5.211185268255185, 4.317553814795092, 4.135712613988464, 3.457574009993025, 3.126670530984319, 2.6080461269227975, 1.6739628848368568, 1.1133562771086452, 0.8436457835834666, 0.4761640003696697, 0.37538929987490205, 0.3059537655717755, 0.6202498702676349, 0.45134459497958945, 0.708061253493966, 1.2250793573008973, 1.983135283852045, 3.039395833261154, 3.7225059905440965, 4.440499104233048, 5.8004319616865345, 6.134360962402547, 6.644489806908528, 7.798814784850558, 7.782620670134426, 7.187665037754854, 6.885168346697766, 8.438444766793555, 7.872085189916533, 8.289485583038214, 8.042974155162288, 7.504643144009604, 6.797322589987493, 6.830698494055809, 5.842941297789432, 5.713024831595187, 5.112468515117012, 4.796583223120332, 4.309650053254479, 4.425367851746416, 3.5567389833881755, 3.1905520699022536, 2.398999464096196, 2.080906618644266, 1.9341587968897218, 1.264436843560361, 0.5876549000061493, 0.22620993254374722, 0.48946969865249196, 0.24853395051622398, 0.0, 0.07737918609137764, 0.0, 0.0, 0.1330572514113888, 0.019249352971373392, 0.0, 0.0652584849857852, 0.2834093845868893, 0.553416090341297, 0.31374814211322555, 0.27013465081031673, 0.3537019995405844, 0.45577883011091946, 0.18909686179313004, 0.27040359708354367, 0.1996553124330666, 0.21228917724910842, 0.1398477452186806, 0.08226780629604344, 0.1907635583662565, 0.04530348106888778, 0.019918549280352124, 0.0, 0.0, 0.0, 0.0], "G": [6.734025058107071, 7.198602329044462, 7.536967002358712, 7.936776230007867, 8.086483897749764, 7.8272310966054635, 7.6795745469758545, 6.479303616162749, 6.6424116947621386, 5.756333550848124, 4.886491628587256, 4.1891971665057355, 3.698311689067609, 2.997385509540813, 2.296999463954405, 1.5839145121567264, 1.5031579198853315, 0.6153596410193644, 0.7323959332266794, 0.3466234551295601, 0.18800847905003967, 0.25894830323956575, 0.6496487310027756, 0.8096787944277396, 1.458470386598236, 1.6361770034002543, 2.432796854741533, 2.766260068211909, 3.6091582308694843, 4.513758174585653, 5.4590917437990765, 6.257604833309724, 7.235875127053797, 7.645002413090736, 8.247196791151005, 8.50949529686177, 8.984364206188214, 9.61845633973656, 9.24806110230442, 9.011323901185516, 9.098098856932994, 8.467089033610346, 7.716465703843299, 6.647995205590593, 5.77516915772901, 4.67113803427617, 3.886780211404085, 3.1296159892403437, 2.5051841858756414, 1.7041431258184139, 1.27927198471409, 0.9059171443934706, 0.4370044106531242, 0.030587471100142878, 0.0, 0.0, 0.0, 0.0, 0.0, 0.0, 0.0, 0.0, 0.0, 0.008316231840063009, 0.004870914313288128, 0.35244275717543644, 0.3657187583952665, 0.43414383433070336, 0.5334205940742205, 0.16671891923559062, 0.3369029958779947, 0.11466218804033296, 0.18099169032673024, 0.17788561550991666, 0.33025788238402654, 0.1848304890005545, 0.0, 0.019673534161102974, 0.19374560976103908, 0.17407335387864595, 0.20562172554495967, 0.15964890302348725, 0.035376360631678476, 0.13029070988803204, 0.15188797343077384, 0.14754402191536994, 0.06897720792665041, 0.08513214017907057, 0.10990250476545874, 0.03165426478775151, 0.0, 0.040810285316125725, 0.005806841418542257, 0.0, 0.021032937925221946, 0.012111123299078382, 0.021714507412559144, 0.042096165709217634, 0.01138898072379996, 0.0], "R": [1.1215223520174735, 0.822101005520774, 0.6508066604686845, 0.3186242607479597, 0.30502133043053936, 0.0, 0.0, 0.0827683214394544, 0.0, 0.0, 0.26266907610709195, 0.1567358820901005, 0.29411638953570485, 0.41630167757310677, 0.7081776854755826, 0.7102510482902271, 1.091034846061928, 1.3195125017884344, 1.3408476965780778, 1.3316488498142067, 1.9391689202346791, 2.2909668876410993, 2.9448705090335148, 3.1080718366120856, 3.4224617172475162, 3.5915300517006807, 3.6666477483443725, 3.7162311082843025, 3.8314207671566436, 4.084597221192355, 3.9410725534868956, 3.864723603191839, 3.726980994171952, 3.28344474367997, 2.8785195914671338, 3.0268874596468316, 2.887395067067398, 2.8325145611637845, 2.744737750656566, 3.0247661983013643, 2.841142059017443, 3.498200759397316, 3.3625064133240197, 3.145160951974443, 2.9293451596066777, 3.142378339261489, 2.8869609516035437, 2.75236246552438, 2.8591849829865033, 2.9795630981103716, 3.217424496504171, 3.3931760473316923, 3.396993166720706, 3.451090472411743, 3.6149523160791976, 4.350842674847241, 4.6000745063243595, 4.917519467474282, 4.955916769247745, 5.557023177438255, 6.095375425764417, 6.9198139269539025, 7.5029382246411185, 8.56841109871674, 9.981032236262074, 11.389749246178964, 13.065191093076653, 13.251076695717568, 11.586380698089757, 7.090906191234209, 8.906317058811517, 10.62141042882126, 9.82346860002951, 10.908311765231486, 9.828459750913657, 8.504545739705433, 7.442400696638328, 7.968321316097044, 7.7253310452912185, 7.7206497747423555, 6.915688587377907, 6.233926858530537, 6.00099375732885, 5.319844000904327, 4.7375625467630895, 4.061380608138944, 3.7186546073543094, 3.2157810512723, 2.608303068122857, 2.397179351398222, 1.9496288741497734, 1.504558809881509, 1.186790713643862, 1.0531535392442095, 0.7276819484466494, 0.6463876427853036, 0.4421987716335801, 0.33934793386692486, 0.2223468331938052, 0.17275668251606147]}