{"B": [1.6732771015453232, 10.627135039860374, 19.71412891269881, 24.371942731278764, 19.138038182283548, 5.383654910653997, 0.0, 6.2036908254557455, 19.509299218780743, 25.861234180030664, 23.185370132947803, 17.098945635972175, 5.830150192914971, 1.5768756412289915, 0.0, 0.22395837958951312, 0.0], "R": [1.979600987867295, 0.0, 0.25356578963598503, 5.9424589527205915, 15.29354582372847, 19.89150413470343, 17.870203329084635, 9.254195649959389, 4.430157162922451, 7.3300842990380275, 17.882781313211066, 35.37026864960564, 35.275043842807534, 32.497729464888, 29.60274239537522, 21.646200457497354, 24.225721735288428], "G": [29.763015675766933, 23.65288946500392, 12.038765429924604, 2.8774795475367534, 5.718485238459586, 19.653697693707002, 39.26521479075443, 36.758540429707715, 22.328369957502158, 6.5047222731602465, 1.3886427300845028, 0.0, 0.0, 1.0338471950758181, 2.1718608835845115, 1.4195067928775396, 0.5269049847197325]}