{"B": [0.0, 0.0, 0.0, 0.03616871521516763, 0.49145885468990247, 0.982062760763129, 1.6738244587832354, 1.8442933997268334, 2.517658562792434, 3.131331916565488, 4.010919718024044, 4.750463186880613, 5.469271799456852, 5.889136791865443, 6.572312165556772, 6.834333222562193, 7.2814024092555485, 7.203407051870625, 7.964213152785473, 8.137013794719833, 7.457262380934883, 6.937050167479247, 6.104762803707202, 5.10551140592049, 4.967687420749427, 4.159262438186295, 3.9220812120660327, 3.086046723247666, 2.145069488820191, 1.5237931121650499, 1.0268930531208276, 0.6612442231414464, 0.38477309781756625, 0.17180791311885907, 0.20196905385215383, 0.06685444585716507, 0.4430510858331359, 0.7186930359902888, 1.290573099821513, 2.4470977182946356, 3.1260439473574757, 3.942110728231219, 5.372630454279759, 5.744349856963777, 6.428161232774074, 7.675960487704749, 7.747595707485517, 7.296779578773943, 7.051610766425737, 8.71056765229554, 8.336501366229601, 8.792415757015844, 8.609533821196827, 8.244791643273869, 7.43700595379907, 7.517883488224368, 6.5292816457169, 6.358583386537104, 5.654558981643187, 5.3985128447441575, 4.907044111882716, 4.99560254914955, 4.093784751334287, 3.7135105545167115, 2.9539482163731337, 2.5931482311032203, 2.27812545262501, 1.6342284895969108, 0.6483075230122002, 0.34264645178095143, 0.5852978158504288, 0.32054272936633804, 0.0, 0.1640454828719607, 0.0, 0.0, 0.17724140447301606, 0.04776259083843092, 0.0, 0.0698455676179, 0.19173657797600835, 0.5052529032139598, 0.34048702576435874, 0.41022579140014626, 0.38252123730914, 0.4893502680697599, 0.21509928758352906, 0.269592670381493, 0.1702854296318684, 0.24444423947136992, 0.16219749054506163, 0.10030102467562384, 0.1885839957107534, 0.04724160643854056, 0.0, 0.0, 0.0, 0.0, 0.0, 0.0, 0.016671189141799686], "R": [0.9304310287312932, 0.8069042929948911, 0.43706111867803454, 0.2728579042900562, 0.11785440923078762, 0.06276950371095352, 0.11107179135789154, 0.0, 0.0, 0.23865444269459113, 0.11332155175583168, 0.1988942421294233, 0.29509800382077683, 0.6058534300620544, 0.5693067764527154, 0.9036239375501085, 1.137079318391222, 1.3700398503963354, 1.172610143953296, 1.5418715189638272, 2.041355619008372, 2.7748022743362206, 3.117640255514712, 3.4704039148453343, 3.807778152551349, 4.13042313304366, 3.8988099649298804, 4.338139011348497, 4.5871088587455855, 4.423276041440125, 4.372211504230733, 4.231632064921083, 3.7212751386806833, 3.307626010591246, 3.5059561752223707, 3.279276656133394, 3.1748680498208413, 3.1410760436176814, 3.4861991853846908, 3.2546197729275184, 3.8218563363148434, 3.598730326141864, 3.2894782837482293, 3.147118618871476, 3.3596913755514253, 2.9858393799324334, 2.832066807729554, 2.9114246065846183, 3.025057521357938, 3.191776939898387, 3.401697505913999, 3.3997015171469416, 3.4593414775949904, 3.602389207108764, 4.439040914194781, 4.717064784665586, 4.993043819350639, 5.0530720898759025, 5.819245306670801, 6.364672695069893, 7.242213219764824, 7.893244971819811, 9.089355424491583, 10.683094323035652, 12.260361449418212, 14.068077960647166, 14.423109093458974, 12.57128708958882, 7.78529032429068, 9.73804533372023, 11.646392738828492, 10.798794547899645, 12.014832173553415, 10.800452876150372, 9.396880655278427, 8.314736686462316, 8.845410046365672, 8.612583354948699, 8.675481755973564, 7.833939889098051, 7.086824056315759, 6.8895237508807154, 6.077871555116394, 5.447718714223093, 4.71473280171856, 4.366516649584071, 3.7956605116731112, 3.1115315766322507, 2.9215527575555376, 2.4127732830357553, 1.8738076024863826, 1.5221335332334356, 1.3499511818104766, 1.0290931845228857, 0.8718328677236876, 0.6146782355272133, 0.4678619510469707, 0.3521047024487693, 0.26967298786455773, 0.18097541308616344, 0.3125670351510482], "G": [8.502626524140995, 9.437217059328024, 10.056025986814067, 10.3659830363695, 10.151610335937336, 9.921574114658135, 8.607371126619741, 8.858837032143676, 7.698387361541317, 6.725613270708799, 5.9090503829439776, 5.171242615421012, 4.402824039147788, 3.4305401507098385, 2.534699395393245, 2.3137055601269787, 1.1121714339771969, 0.9434238623623513, 0.5080411346299554, 0.26694147712249905, 0.18230855314859964, 0.31590691541559046, 0.598142463155474, 1.4625673569587712, 1.5990956128490228, 2.462640683881298, 2.9596759019460297, 3.7884075128101147, 4.979965482032637, 6.248658102874744, 7.441668387972675, 8.530238708647468, 9.256961654743092, 10.116645127215646, 10.725488528941588, 11.363085914921864, 12.153681517626067, 11.92465617305902, 11.82735267485897, 11.90261818137094, 11.305133797893225, 10.419143170620657, 9.166649704047312, 7.978415720550177, 6.42681189924309, 5.5234089049231905, 4.615325877768258, 3.6937347908485836, 2.5719350093864892, 2.143566463133509, 1.4310773863646438, 0.7868233427458216, 0.18199187710808928, 0.0, 0.0, 0.0, 0.0, 0.0, 0.0, 0.0, 0.0, 0.0, 0.012647990735839427, 0.0, 0.3658000196580255, 0.4142631670736614, 0.5133162169109048, 0.6782531679727701, 0.2833645112155373, 0.4849265668360015, 0.2655487019039926, 0.36674099039903846, 0.3825060761324456, 0.5271261077094002, 0.3167018544154483, 0.0, 0.11415610192344892, 0.29587959169971717, 0.26905501741944426, 0.35417505309870106, 0.34329995059699786, 0.08428584021373736, 0.2792351915347724, 0.15424682152999378, 0.25040069926355235, 0.16325285052579616, 0.1541676269172069, 0.19265112694305317, 0.11805021939811103, 0.0, 0.08583816262603305, 0.029395637091403904, 0.05247029025182767, 0.03544035139878401, 0.0372350574329083, 0.016593007706525383, 0.04818979051387863, 0.0, 0.0, 0.0, 0.03617064976495769]}