{"B": [0.0, 0.0, 0.29839099809989145, 0.30678582639810126, 0.9529756333962139, 1.3232730128018837, 1.5854623810582766, 2.2985126356738963, 3.056142464414853, 3.5720018592105784, 4.366569520028566, 5.225171835932551, 5.9817279828043635, 6.348982189590272, 6.732306494741562, 7.219605035413432, 7.146707954917405, 7.923813206358792, 7.5693982690033605, 7.455882016406248, 7.416039724746103, 7.015943937678401, 6.478735912791823, 5.7071293889025085, 4.991923519254507, 4.350218457950549, 3.459140702804858, 2.5086052919403383, 2.051807048849354, 1.6183368469653572, 0.8667470552965487, 0.7954804321065972, 0.5596305243136602, 0.05142496405162297, 0.15114375393620497, 0.20790324569910185, 0.8084079523402155, 1.3135859575371784, 1.9911585398056517, 2.659892645763293, 4.170322305086867, 4.441045394190542, 5.41519548732204, 6.412060413142209, 6.910932129195245, 7.178638103200151, 6.0645422620685165, 8.17637377488166, 8.499854907620135, 8.89552137646761, 8.934590102861138, 8.554795964764866, 8.420809509671239, 8.28001068237833, 7.605728065924429, 6.945540515882247, 6.587635641890133, 6.089202305414821, 5.733942254825202, 5.643735961236376, 5.1281901246847585, 4.277012157136838, 4.032981105710169, 3.495613520495756, 2.7003130696421502, 2.673122216776467, 1.079578432191108, 0.6600323012429224, 0.7700152161695807, 0.34635679174972134, 0.1367292550531952, 0.18603152221432812, 0.0, 0.0, 0.09223108399745346, 0.0, 0.0, 0.0, 0.11008048319247779, 0.27280365182368926, 0.2235614205995495, 0.3934558703510364, 0.38537641704320175, 0.2647018628686072, 0.3134370782206926, 0.20488205188084432, 0.11184459950185213, 0.10993141979300756, 0.26859146454610316, 0.08760057918489918, 0.15720286653427132, 0.07520985086694124, 0.003147219917584472, 0.0, 0.0, 0.0, 0.0, 0.0, 0.010554468611605038, 0.04086359816012458], "G": [7.355681480967199, 8.15534238105115, 8.035174199165498, 8.344004757727198, 7.622673757496079, 7.548665167825625, 7.214603944344092, 6.207513063975362, 5.742054437477206, 5.37468788044326, 4.671869832978349, 3.869591482078942, 3.0723817476670954, 2.7529716394708528, 2.0198830988693404, 1.377638060176392, 1.064810163197417, 0.6009831138282723, 0.4770417112863536, 0.23619007687927981, 0.2902353451174233, 0.4030796615062135, 0.7216493678897451, 1.183069875751073, 1.444850082903574, 2.066250472641961, 2.7629717479191576, 3.7730673533536834, 4.63367546680568, 5.128385180577995, 6.261172867627232, 7.355522390740286, 7.7534505488229835, 8.336950032577064, 9.262350715755687, 9.537514323723261, 9.741104183213755, 10.026111206791269, 9.962936843637662, 9.745558299585415, 8.584824970598198, 7.7942215691366865, 6.8855301033817895, 5.651798494412283, 5.119017586087037, 4.425765474651146, 2.7420291665311085, 2.886705082164819, 2.010226969879625, 1.1673206167951786, 0.6541092225820211, 0.45972534548133187, 0.03293414137929819, 0.0, 0.0, 0.0, 0.0, 0.0, 0.0, 0.0, 0.0, 0.12818152195853286, 0.11181536337151948, 0.25414291066541733, 0.5082204993029272, 0.4543181684265131, 0.23221750839511685, 0.4185717016280488, 0.3979647054124295, 0.41611588359695856, 0.3903262354808976, 0.659818057915415, 0.44900976303175316, 0.25761850384350393, 0.2415576672208569, 0.29211651766620134, 0.4433755086881116, 0.28469967695077136, 0.4828795990072143, 0.34276325014160364, 0.3399436124933376, 0.30213578689741594, 0.1948327851939969, 0.2637434452973075, 0.18807707083832587, 0.29450811371080776, 0.15885295796660684, 0.13800100154521613, 0.11985965171331664, 0.09096082290332619, 0.09344886605151163, 0.09492664058721152, 0.052789061974123544, 0.026669731307416424, 0.04717180326432276, 0.03349772208296471, 0.026232441727573063, 0.0, 0.0429216068532649, 0.0], "R": [0.6685083659303863, 0.4300968653595576, 0.36614597292370926, 0.14478498317978325, 0.28848239419580446, 0.0, 0.0, 0.19698628999956877, 0.047129692799258216, 0.1090450520794183, 0.17182969491142383, 0.26031001164049, 0.25300986692908467, 0.42534227909558425, 0.6640339786648739, 0.8119870695334238, 1.0393636082610638, 0.9642730467510962, 1.3969447235127717, 1.8194351017773327, 2.0262498699229696, 2.3804484693992127, 3.042438450069018, 3.4314723249054517, 3.7410078785816223, 3.9771553211114647, 4.285469229583979, 4.378004706964141, 4.436977179735489, 4.353825610007376, 4.094203540561875, 3.35956780806775, 3.3690428121968936, 3.594074987734478, 3.22357829192707, 3.4863296617275474, 3.1796352246131545, 3.3502107569508515, 3.6173340573487383, 3.434191830807615, 2.881850904551527, 3.0414535510350307, 2.7084814535030444, 2.823788797078475, 2.4338873164124832, 2.4232341816903182, 2.3272520476049636, 2.6053511398254012, 2.6298318810753116, 2.690348465263382, 2.6115165961361684, 2.8737571648306424, 3.3628676138930698, 3.7123614034252963, 4.034628660249825, 4.089534092845734, 4.849231804362707, 5.1926618995118075, 5.904231347924601, 6.810250223184391, 7.746080926412308, 9.031476927438488, 9.998164795657125, 12.69311532270332, 12.676786106206873, 12.414132404568585, 7.550783561618486, 8.481570884962519, 10.551882535686678, 10.121656711538968, 10.945417271914865, 10.543152809850467, 9.130547682722455, 7.962766339133218, 8.217037512164925, 8.43118586081445, 8.153620274394903, 8.020925446398062, 6.910493988290152, 6.8478081745154835, 6.332439340844195, 5.522260478755771, 4.989079858603847, 4.70507790749817, 4.097748357580302, 3.573470644410643, 3.3219795654375512, 2.8057062226124216, 2.194943765910297, 1.8501049438843982, 1.6479962025134551, 1.2444072895071014, 1.241582230637733, 0.7809989284019377, 0.6741846272609009, 0.5028364112041979, 0.370948548465727, 0.3106069422873479, 0.20987959070073398, 0.1297783891813751]}