{"B": [0.9712745095227832, 9.667165911721824, 20.889274571983414, 25.602895552323513, 21.494984923814158, 7.8644155144049375, 0.0, 5.528079056993837, 17.781422926633596, 28.38473492373896, 26.97144307672509, 19.740201190082377, 9.819219838645404, 1.6558803480392834, 0.0, 0.44737660085662334], "G": [31.736246816177605, 25.334630127247365, 12.329391639500928, 2.483215786251857, 4.193473686442305, 17.321282876587752, 35.799705761703876, 42.330597277807, 25.727127472176626, 8.65796040191491, 0.07915099872178458, 0.0, 1.225686755893391, 2.10090937895482, 1.9575640473677252, 2.5591164423906054], "R": [0.9714244424122368, 0.0, 1.3598477797073245, 5.9830532017972855, 13.52937189252431, 17.393790378570582, 14.834226427183726, 11.81902124857834, 8.190601768029442, 8.594427057046051, 14.496672339796843, 27.34700594838057, 39.93882202721207, 38.67817754571775, 31.600802233397964, 24.955930850743357]}