{"B": [3.1182350201010403, 13.184603322716173, 21.44285672933346, 23.976876004782834, 13.145984205397987, 0.8799742737265509, 0.0, 10.801047127601791, 22.669449260708607, 23.59869512584068, 20.276609344532783, 8.368576751279264, 2.4961244878900013, 0.0, 0.0, 0.0], "G": [29.961032619640797, 20.56492242376183, 8.04097365334742, 0.4347525194643613, 8.03074808884375, 25.163525838039476, 41.03391039566028, 31.7074161166038, 14.50022122142734, 3.678713647212876, 0.0, 0.0, 1.110350158538827, 2.1583818485447357, 2.223226133971839, 0.8981508657308951], "R": [1.51412071646846, 0.0, 2.66472223971216, 11.114916881246279, 20.140614258069924, 24.5720694313029, 15.114479109353086, 5.713614639161722, 4.713427899452256, 12.005027756033982, 30.16386131436811, 33.21964123275314, 33.919027529157205, 31.1502113695769, 24.88174414643615, 17.24071091975572]}