{"B": [2.5393559280483564, 12.400143758175389, 21.085941983640378, 24.431431102632796, 14.294289235400662, 1.9221042344038965, 0.0, 10.073754856064125, 22.122890266701315, 23.904059522423438, 21.969000363236987, 9.969200496703111, 3.95221600459885, 0.6289804010393778, 0.44396529953036806, 0.0, 0.0], "R": [2.1979776618762235, 0.0, 1.7077165723010128, 9.350619870585733, 18.75456465171292, 24.463478283568055, 16.048546933336073, 6.214564957792881, 4.026975939068926, 10.504231874744564, 28.24028712125875, 31.93671878152995, 33.40795502481398, 31.48552576343813, 25.41266649682228, 17.907617875458453, 19.39450201885926], "G": [30.143780423809012, 21.313710808623565, 8.980150219437075, 1.2808558552895015, 8.221917114083753, 24.76710925607744, 40.768058586406404, 32.1683208033682, 15.463785926548194, 4.499011881776599, 0.0, 0.0, 0.6480656911874594, 1.8195494867508992, 1.7827723431150342, 0.640260823435539, 0.0]}