{"B": [0.0, 0.0, 0.0, 0.31577145727435796, 0.8047193990209659, 0.8974944823018088, 1.7502687149055836, 2.424221233890249, 3.014425488838407, 3.619467010299113, 4.529566092797189, 5.289703915822962, 6.23947177306275, 6.878142226450168, 7.454684894858112, 8.285107702442145, 8.25743509440751, 8.779914070632381, 9.065246167328182, 9.215925173276613, 9.540413728605893, 8.519659264328507, 7.9705999688599505, 6.654777882667581, 5.4800650141525535, 5.0017532460232665, 4.724445621867472, 3.523295558005102, 3.085604355755171, 2.4545632983629733, 1.5510603402405112, 0.8318866187292573, 1.067120384568888, 0.5248699523012328, 0.26052350274910774, 0.8218284424952859, 0.7148629424508471, 0.9405173945903852, 1.6236398801162244, 2.143515681623189, 3.6886342935759693, 4.745834475206279, 5.817279357891607, 6.982191244855599, 7.615872062764121, 8.670914105630372, 9.138341105660631, 10.133235284706842, 10.891477105802098, 7.330775504075361, 10.488910717968304, 10.323125442789955, 10.53373401159297, 10.203892752511033, 9.597998642558029, 8.976425096062098, 8.160996863708556, 7.953608508723979, 6.980726641723068, 6.8464876277462965, 5.858587331037027, 5.741782144609574, 5.413279026319574, 4.907824997498566, 3.9046127345398713, 3.4516521290519364, 2.8264717279801754, 2.339052684087056, 2.33821168168321, 1.0213780316013088, 0.4410621790089112, 0.5524561720443357, 0.25706176113145723, 0.327200039365487, 0.0, 0.0, 0.0, 0.0, 0.0, 0.10038594181910651, 0.0, 0.47614442406530244, 0.6005905641119982, 0.2976786317229363, 0.4756326755476483, 0.43242930526237106, 0.3557477297489094, 0.38242633809075466, 0.27080405722991774, 0.2915808096547224, 0.19351195007258082, 0.26082193001449916, 0.09087071517895853, 0.2254816592511486, 0.14967301402057437, 0.023373265601882607, 0.006823035662004607, 0.0, 0.0, 0.0, 0.021550618447485057], "R": [1.158211155621513, 1.2923868902638649, 1.069677904658786, 0.7821707518148855, 0.3921774593563975, 0.486139186207536, 0.0002882882946167462, 0.21280899161772734, 0.0, 0.0, 0.0, 0.03531835451615234, 0.0, 0.0032349306359676995, 0.3381232537910293, 0.3222073771665891, 0.5332129438217688, 0.6784623251094267, 0.82476682293528, 1.1152770428685965, 0.8502597504272024, 1.866480275334797, 2.260365071544818, 2.9248260756040354, 3.139652155729218, 3.4445611938867993, 3.525749514608276, 3.6637799101563555, 3.995287394342547, 4.048577974009571, 4.210418521426773, 4.296730342411678, 4.121429716515276, 3.795476897711794, 3.5716553466372707, 3.0223931715481847, 3.4021613069958296, 3.1067973813200416, 3.280421003838036, 3.145784118917429, 2.9777732701706903, 3.308473545086455, 3.467750829553291, 3.0288652426535494, 3.0790485873619664, 2.591497808024381, 2.7165887485018123, 2.5038384869147885, 2.3486647173232575, 2.2951954286338667, 2.7785723416086587, 2.904574273298746, 2.880272444662643, 2.9279795192025357, 3.1355600738522553, 3.634575372993979, 4.253940946619514, 4.514222116726146, 4.644685257612574, 5.192837621449255, 5.7657146294629635, 6.403452690890671, 7.298142778785763, 8.236362329693586, 9.39269932623114, 10.492814153120166, 13.180858024828783, 13.591064450722648, 13.35380674575903, 8.989745897986236, 8.242961397377524, 10.317107868265646, 10.687292929238062, 10.319867880818682, 11.08192573749077, 9.665587530590503, 8.100209632037517, 7.688488336888597, 8.442086911812364, 7.642876677198797, 7.785049495878563, 6.444284612836394, 6.248905691062041, 5.99493508883905, 4.787103866438168, 4.382716894864446, 3.901800339713741, 3.4411042787006183, 2.836877048173839, 2.5033747040786896, 2.1171162340527765, 1.6220752145445214, 1.3191428952988218, 1.0270423135469515, 0.8104848371672122, 0.6513150409100543, 0.4518158792075877, 0.38674505603818676, 0.24770286917753914, 0.15946154454672445, 0.3457192719001592], "G": [6.651801989120578, 7.012216083172729, 7.397719212651872, 7.731638416950407, 7.818388195572188, 7.629697366311011, 7.6163839865578575, 6.894030904968581, 6.246026748816222, 6.037620874362397, 4.817042081456297, 4.295469866072894, 3.7450159145686204, 3.01804025584446, 2.2753643970015074, 1.6790226664818526, 1.289366711060349, 0.9673994372247908, 0.41605328792757507, 0.496259682299856, 0.18540844264570278, 0.3586483892235042, 0.2961898638005554, 0.7798896979707607, 1.361719531359738, 1.6530814804171765, 2.034451478226177, 3.0540865660493126, 3.4619902841404016, 4.263373973253225, 5.224566905686849, 6.152983260886637, 6.559356065103178, 7.51616060133815, 8.086656171192102, 8.252272702802108, 8.474386546282528, 9.439161642945647, 8.941680122561268, 8.928759140247788, 8.772774801273716, 8.352217146069043, 7.8198119198540414, 6.55854215885745, 5.89332418195779, 5.12295311210878, 3.9128899830399537, 3.0770884550887594, 2.5283596999416167, 1.7290961569772467, 1.5797438343116665, 0.947724645919007, 0.3631564837836459, 0.11176829422695499, 0.008602514130709336, 0.0, 0.0, 0.0, 0.0, 0.0, 0.0, 0.0, 0.0, 0.0, 0.12016556044025853, 0.14881856084128767, 0.27024569134141957, 0.5828785020305343, 0.2685921286662558, 0.14856909316073694, 0.20214378120462786, 0.16914006572856954, 0.06955105694859937, 0.2586574363777438, 0.22665703140268811, 0.14505289601459656, 0.13646605752283616, 0.0, 0.1298490496456493, 0.13166611830839736, 0.1626214327528452, 0.1806892214964537, 0.08900726764642128, 0.09131792495918319, 0.20537989219834102, 0.09442296974610907, 0.10214305216571737, 0.0892801940432579, 0.13546046981491622, 0.0, 0.051416790352724825, 0.0, 0.020934397106150308, 0.0, 0.019991298106781193, 0.0072946844111827286, 0.03385711249267402, 0.013639207964753416, 0.02870295647310258, 0.0019784425042967927, 0.009304325655443542]}