{"B": [0.0, 0.015608737681446036, 0.19882195256175728, 0.2974477606413825, 0.340179044983309, 0.9986926412032556, 1.3847146747682453, 2.204203214613682, 2.426078713740876, 3.0008645153895435, 3.622672830804069, 4.535329226988869, 5.068966522119633, 5.819170465886094, 6.125433041168844, 6.771848412532596, 6.821697435406754, 7.152485495186062, 7.309792834464295, 7.822954303497584, 7.55247801727631, 6.936673908112627, 5.854343690836623, 5.3560964101561845, 4.437667587628161, 4.250822823937566, 3.553884238490051, 3.2138263930819155, 2.6808756857049185, 1.720914469490871, 1.1447819201898848, 0.867609805728981, 0.4899747192513227, 0.38638071050923184, 0.3150300104155796, 0.6380459181859875, 0.4644239369160425, 0.7282482781402712, 1.2595460892028998, 2.03864580589673, 3.124169379944082, 3.826223609065956, 4.564079556667095, 5.961679536246347, 6.304810970549024, 6.829065707732769, 8.015418788912022, 7.998754105555673, 7.387257382301647, 7.076377349058086, 8.672760040199282, 8.090723285527572, 8.51970662198064, 8.266289612291626, 7.713112068574215, 6.986208666438611, 7.020539717488958, 6.005351126206803, 5.871838816631932, 5.254585815467422, 4.929948952268505, 4.4295086318503625, 4.548464171287019, 3.6556822267324796, 3.279363465163942, 2.4658531135264448, 2.1389250189797613, 1.9881184246489543, 1.2997097911210225, 0.6040473076411068, 0.23256165075909793, 0.503147556898267, 0.2555033444007256, 0.0, 0.0795640595044797, 0.0, 0.0, 0.13669786225550007, 0.019721598618584933, 0.0, 0.06697311107637105, 0.29119315923665773, 0.5687137633799845, 0.3223594241835149, 0.27756769224143746, 0.36343672980365777, 0.4683256796094457, 0.19426506111821115, 0.2778478419080632, 0.20513738075622906, 0.2181285839857176, 0.14368438827805077, 0.08451806430036946, 0.19601911823800733, 0.04653487637370757, 0.02044928455966963, 0.0, 0.0, 0.0, 0.0, 0.0116261683255205], "R": [1.1240094640192506, 0.8236632825875644, 0.6519935251749603, 0.31905077165717144, 0.30540574596706194, 0.0, 0.0, 0.08302678751034573, 0.0, 0.0, 0.2636309973942145, 0.15761817758844018, 0.29540622495296337, 0.4180391238619166, 0.7106320707205735, 0.7128376988687644, 1.0945090885583244, 1.3235944990292534, 1.3449772773589572, 1.3358389656036413, 1.9447253835149625, 2.2972645599719814, 2.952544820646848, 3.116036167389161, 3.431054468204195, 3.6004701942237305, 3.6756553387683426, 3.725278474851928, 3.840610729371132, 4.094214685509797, 3.9502374648225063, 3.8736408309294132, 3.735470669781433, 3.290872810438711, 2.8849498056099745, 3.033713965152821, 2.893888718604744, 2.838928230202569, 2.751066281024503, 3.031858609246802, 2.8479865346272772, 3.5067245203734485, 3.3708630228762173, 3.1532601597876524, 2.937036243819322, 3.150684418382773, 2.894822742583075, 2.7599203690037206, 2.8669443503048524, 2.9875665895768027, 3.2262298724584904, 3.402281382261687, 3.406176343480272, 3.460440116716072, 3.6245930596360365, 4.362093729995076, 4.611898793207591, 4.929971678042322, 4.9684296582404865, 5.570918227204337, 6.110497517434592, 6.936833040446761, 7.521346459490014, 8.589280770772692, 10.005208395359672, 11.417186791879976, 13.0966051739474, 13.282894316131198, 11.614203311570128, 7.107929211763765, 8.92765775149918, 10.646888546159795, 9.847005627757293, 10.934485121950438, 9.852015426632045, 8.524953891555278, 7.460282000901539, 7.987510269644694, 7.743930801649387, 7.73923114683324, 6.93239592177436, 6.249009829670751, 6.015537086621664, 5.332756110653536, 4.749043004164726, 4.071270444097038, 3.7277562534552686, 3.2236165345416485, 2.6146683562771083, 2.4030288427161883, 1.9544029486104375, 1.50824577645616, 1.18969332163109, 1.055755039627413, 0.7294668109852298, 0.6479683100171165, 0.4432751154750064, 0.340170216838908, 0.22288760506308863, 0.17317521497119473, 0.3092456494055341], "G": [6.758297541974023, 7.224318677526045, 7.563902008270907, 7.965151646513299, 8.115399249528664, 7.855192915074212, 7.707027021968437, 6.502528271200665, 6.666208314836623, 5.777024388451406, 4.904051775984193, 4.204279874720467, 3.7116523598753464, 3.0082294797766216, 2.30533379669413, 1.5897043787854725, 1.5086495436348006, 0.6176743018166728, 0.7351229283460277, 0.34796960635291013, 0.1887666685998508, 0.25994511191668035, 0.6520097671857571, 0.8125920629303766, 1.4636909169364507, 1.6420184880601243, 2.4414770091314844, 2.776129998006646, 3.622028348064134, 4.529852867379408, 5.478558904071577, 6.279929078328806, 7.261694100372478, 7.672292128614878, 8.276645568140705, 8.539895837877463, 9.016469339226026, 9.652840630132301, 9.281147559164758, 9.043582550766532, 9.130697158343029, 8.497446578962784, 7.744156630714072, 6.671888395674113, 5.795948241442325, 4.687972646840071, 3.9008246562753346, 3.1409484436210584, 2.514272915101624, 1.7103464692935915, 1.2839696852154403, 0.9092652578277703, 0.43867126900414016, 0.030793878239115016, 0.0, 0.0, 0.0, 0.0, 0.0, 0.0, 0.0, 0.0, 0.0, 0.008357515771423157, 0.0048935975847458684, 0.3536970844090441, 0.36702391963191033, 0.4356977894208926, 0.5353316725592197, 0.16732070204063024, 0.3381100200769747, 0.11507361802545973, 0.18165000469876963, 0.17854180705525613, 0.33145451805475723, 0.18550659226655078, 0.0, 0.01976523679356605, 0.19445944550113403, 0.17466944807333357, 0.2063728548245912, 0.1602401801707628, 0.03552294199875598, 0.13077399594721248, 0.1524407741062757, 0.14808076433165138, 0.06923641145179366, 0.08544155886287695, 0.11030355266375504, 0.03177144373318572, 0.0, 0.04095419843008678, 0.005824970353871765, 0.0, 0.021107381467278852, 0.01215394170813115, 0.02178240700567288, 0.042242069316023895, 0.011425133002387212, 0.0, 0.02437399514222704]}