{"B": [2.129929754162451, 11.20427744495673, 20.152549499633285, 24.091358838626842, 17.062416477329847, 4.199222129777213, 0.0, 7.251998734231809, 20.62564774831682, 25.010134946042196, 22.278859411684117, 14.082198250800511, 5.079140394981401, 0.6531440359680416, 0.0981226211598064, 0.0, 0.0], "R": [1.9938141166185226, 0.0, 1.3218950290336968, 7.399477154745127, 16.878746572940585, 21.39476974769015, 17.309507949656517, 8.460795336828461, 4.398902311690152, 8.687064380103715, 21.270559310997918, 35.07371461851886, 37.110006321165066, 32.67226910008565, 28.134538446286328, 20.860755661298736, 22.91424067063894], "G": [30.17300294684293, 22.776215828008507, 10.373730200216897, 2.1865073497135294, 6.4230889055122775, 21.604325197082314, 41.05853964588773, 35.47105007745083, 19.16941816307887, 5.328967655068766, 0.7200070601241536, 0.0, 0.0, 1.0738429035411379, 2.111504874812914, 0.996783609752197, 0.0]}