{"B": [2.1457472278431986, 11.287276971245406, 20.30176099222193, 24.26968251387655, 17.18867136136214, 4.230265482392481, 0.0, 7.305742088247153, 20.77837819390814, 25.195269394939512, 22.44371656794962, 14.186290674481112, 5.116658089174956, 0.6579091191207515, 0.09880071891497913, 0.0, 0.0], "R": [1.9870664791898156, 0.0, 1.3176599909383733, 7.37521015053093, 16.823006330539457, 21.323864617490585, 17.251981172181033, 8.432654910295195, 4.384433025685233, 8.658523646678063, 21.20036166715816, 34.95771644267467, 36.98721585698213, 32.56409796589472, 28.04137743285025, 20.791667852319495, 22.838379563058965], "G": [30.149252661593188, 22.758083541125895, 10.365217151138665, 2.1843991598730277, 6.417826767850834, 21.587374988727753, 41.02635130266705, 35.44305413869691, 19.15398563440134, 5.324371781252763, 0.7191446471282665, 0.0, 0.0, 1.0730938001691812, 2.109924440996299, 0.9960345157014945, 0.0]}