{"B": [0.0, 0.0, 0.0583097545392353, 0.0, 0.600893177768665, 0.9158354849904364, 1.6106899054951331, 2.1169441039998156, 2.4699467704527804, 3.308656225655723, 3.998642329585038, 4.766351053037355, 5.465939002943648, 5.9891273509382446, 6.681844333713848, 6.857830613506228, 7.103287345486936, 7.385762865054683, 7.628762731984208, 8.42870483879257, 7.545058647309132, 7.014328084068131, 6.305924628062715, 5.111818990347158, 4.881142308619119, 4.337001029735567, 3.5766833110352043, 2.994200345446137, 2.3304407702359464, 1.4853090466770604, 0.8055094467123437, 0.662426151947942, 0.17468587165946128, 0.3242691856409482, 0.34987531113599185, 0.026144722668709403, 0.3532448781100603, 0.6529552224130116, 1.2738365411903743, 2.3548582020410467, 3.065937044775263, 4.049746213293725, 5.3654459022185, 5.623734294991309, 6.593180167045601, 7.417596383050114, 8.027492063593863, 8.134994087893416, 6.472708828965983, 8.526565785793625, 8.680141883057304, 8.829496559229689, 8.681130499316454, 8.161259255469561, 7.608445698314935, 7.3608461334057695, 6.72703781583727, 6.132658896879574, 5.791670767373641, 5.233809051013265, 5.00881289043414, 4.789824615143958, 4.285413051578135, 3.3559544532096894, 2.959484093360843, 2.488837764517053, 1.8494119909966946, 1.9929267499228898, 0.7414429223582575, 0.33779529190530727, 0.5069157969331709, 0.1147064014988895, 0.0, 0.02087611040052066, 0.0, 0.0, 0.081328850380661, 0.0, 0.0, 0.0, 0.21768896924197323, 0.3505810524530214, 0.2927363889423043, 0.40453158287519203, 0.4211260366333847, 0.3203693291786699, 0.3307346563589785, 0.2948423753436378, 0.1654460403479209, 0.19540014908979428, 0.23426304235614304, 0.11070184421870523, 0.17717323264550988, 0.09417077844537992, 0.0, 0.0, 0.0, 0.0, 0.0, 0.0, 0.00838351406546937], "R": [1.0275058206220093, 0.7157078992627974, 0.5500718037815021, 0.26622116722808326, 0.27477031624515497, 0.0, 0.3536560892563742, 0.0, 0.0, 0.2644867737579355, 0.18895250762610394, 0.220583314297762, 0.34787496767729004, 0.5919223769718261, 0.635444101569857, 0.8678234555161727, 1.1424856573710278, 1.3277042554094942, 1.347571356233933, 1.2189839025683076, 1.9133348271560455, 2.5123526841359207, 2.904991544963179, 3.2852726744771603, 3.4963098140535016, 3.684535464720348, 3.786273073467336, 3.993514890017015, 4.103084041676614, 4.150577689579961, 4.131296436449255, 3.912248753978818, 3.6705216403759344, 3.051204930631082, 3.041036277687635, 3.2089960832936875, 2.9031583739220226, 3.1973562417319727, 3.0394631170242334, 3.049419200126312, 3.5895864014461645, 3.343424967466392, 3.1212161923689847, 3.274403440824722, 2.9691827988433475, 2.994395109764353, 2.731526761241634, 2.7937500241939643, 2.7342973094004797, 3.1121983752408364, 3.221302197228486, 3.286060376672014, 3.275913738375263, 3.4853339726347516, 4.00754050809776, 4.442998890162495, 4.68052827471342, 4.722268596048064, 5.418415152898494, 5.784055899410105, 6.4338151118968465, 7.346682855574933, 8.204923574033327, 9.499071574294748, 10.540463043682404, 13.097916572754134, 12.994936418444077, 12.614408437164414, 7.67862668106344, 8.487229948977992, 10.494890847395839, 10.019890292389967, 10.7979205221061, 10.434946248686959, 8.898807314833089, 7.733042233244152, 7.885144730165423, 8.001456512481509, 7.751591464141174, 7.509174232989922, 6.429776909286023, 6.335248316296283, 5.790072832691223, 5.012802735956967, 4.396981255928869, 4.039405546717667, 3.5101085549314677, 2.9312780563641314, 2.7447046094997543, 2.2569863105283763, 1.6931356347134596, 1.449304147459442, 1.2371730233960558, 0.8723439267535001, 0.8591736470006485, 0.5574653225410039, 0.45084798908338014, 0.3204710345094372, 0.22991242172361231, 0.16002065792704367, 0.299037602811902], "G": [6.660713220589015, 7.58566309792273, 7.944742181612243, 8.31547628815346, 8.005212601136707, 8.010076587393566, 6.967637656051795, 6.876521082294157, 6.40149377747498, 5.25517220319752, 4.688975908768425, 4.22352681571617, 3.453357381150133, 2.7898635723792315, 2.014266189842991, 1.7545201316510368, 1.1560264806430527, 0.6089606957853446, 0.42398329891623987, 0.24521518576264806, 0.16901811424227903, 0.13093371278295068, 0.5529719602173422, 1.1601992503867362, 1.3361543584097613, 1.8610462612664964, 2.391263305952752, 3.1179995224415236, 3.8549482576369485, 4.965085531668458, 6.098020838083057, 6.590855388264245, 7.401592448055183, 8.1783846701211, 8.532219379564703, 8.86362431695707, 9.599993682223381, 9.454150985706944, 9.44906390719122, 9.386192655765038, 9.094191455423495, 8.569396675501357, 7.21793363611888, 6.36405696110128, 5.438668849116355, 4.451273371357573, 3.704844785392334, 3.116341177503656, 1.883616084829581, 1.9528493037287655, 1.1640735484289573, 0.5393459829267963, 0.14911746552809457, 0.04252393214155202, 0.0, 0.0, 0.0, 0.0, 0.0, 0.0, 0.0, 0.0, 0.0, 0.16149005922088608, 0.23152609600129112, 0.3402356539651005, 0.5981738788373377, 0.4215477386016832, 0.1081468048615621, 0.31754867386102914, 0.2469394900013049, 0.27784045069835295, 0.20095696615858455, 0.4827995839597749, 0.20430357100429228, 0.06803511770095284, 0.019772936781878272, 0.11880100168642942, 0.27186737753892, 0.14842823270155284, 0.2943937333656574, 0.10957099620969461, 0.12839302539972056, 0.16900407815695795, 0.08017121795014441, 0.18524063728165033, 0.0619188947645162, 0.15918377290141117, 0.0007189768680362918, 0.0, 0.04113270844050861, 0.0, 0.060461027868501376, 0.04234525023496248, 0.033357655513226225, 0.014908768239159346, 0.030292291932977444, 0.008235855569050867, 0.00866919816793034, 0.0, 0.03845580067435907]}