{"B": [0.0, 0.16216491274669956, 0.059378072885156924, 0.41015767066048325, 0.2741943410760232, 0.9688105621789435, 1.4519183877543773, 2.008086553167708, 2.475405239549523, 3.101587535259903, 3.919885115617933, 4.514197767962979, 5.435018833795087, 5.876959424365683, 6.370824404248223, 6.8635479884543455, 7.075433722545331, 7.475906085833553, 7.234636463082499, 8.093072174011533, 7.787472624973218, 7.0363816266066355, 5.9777716122831706, 5.336734823733489, 4.740573915771481, 4.420669501693767, 3.5253283624497795, 3.28767628287708, 2.772526244621465, 1.8338338536697882, 1.052619559927053, 1.0683487790107804, 0.34158063904899927, 0.23051205487745152, 0.38063015930223665, 0.5805854760945707, 0.32621075367769264, 0.8538499937331139, 1.1318013208161248, 2.179147158308341, 3.148651409012452, 4.02611631669944, 4.955012010162256, 5.779397361460993, 6.727423393479404, 6.936842679159677, 8.39432618563057, 8.298785113715805, 6.716811546464431, 7.960110450777806, 8.863795599068542, 8.491381854253367, 8.655015461740511, 8.633676594862324, 7.75331304132116, 7.414647250901435, 6.9567512242829, 6.127472452430673, 6.2142354444942125, 5.305908045132356, 5.10246534539927, 4.816880242744533, 4.486293892220353, 3.4598028372287, 3.3395548174034104, 2.6901079498117038, 2.3130701395340147, 2.0492403697470523, 1.2278537146678572, 0.5350607691026215, 0.32505137938259115, 0.4222869079764887, 0.2691530552583361, 0.0, 0.12392581443053037, 0.0, 0.0, 0.0, 0.08502623061875662, 0.0, 0.14679388023460724, 0.3381413666332683, 0.5488859942055061, 0.3397971729007572, 0.410608639206885, 0.277147329132492, 0.44379296327478657, 0.18400572959884814, 0.2499957268788915, 0.19544003496698162, 0.2279247128218538, 0.1562004530626817, 0.12454757277811469, 0.1475716126138926, 0.02256663296581578, 0.010917514558870208, 0.0, 0.0, 0.0, 0.0, 0.0022189558385189486], "R": [0.9845824172459119, 0.7077188111806133, 0.5973374814144609, 0.29984169150956796, 0.293220262112773, 0.0, 0.1032510786868234, 0.0, 0.0, 0.0, 0.12404087475581657, 0.30774684474124964, 0.13232591415844658, 0.539922048296242, 0.6990696343168092, 0.7687192271556815, 1.0183851800086257, 1.302249834240084, 1.4721188365717945, 1.276592132702709, 1.8551268447430616, 2.360828655579814, 2.9240191561909654, 3.2625994663104323, 3.358894521415209, 3.6088230022849204, 3.782563511657121, 3.8425203242067694, 3.766982053162018, 4.056702414594524, 4.01522100280342, 3.839603961109676, 3.6888517380668775, 3.199470929130628, 2.9545505232354716, 3.0199600921351886, 2.960385241219046, 2.853188394786417, 2.909988543501296, 2.8804236762521573, 3.1320965752329855, 3.407011459260151, 3.233504156127831, 3.3052527507982115, 2.719065550056513, 3.175292458515512, 2.7245608493713815, 2.663234870710901, 2.7118100364154447, 3.1874115211262772, 3.1496029417554294, 3.256890232099496, 3.3562861856769683, 3.3613998910151044, 3.8113909404376356, 4.215786461276215, 4.700794841410411, 4.877865877322791, 4.9204773990228565, 5.656249484043709, 6.10669066273747, 7.1296367052484735, 7.674802328180882, 9.017017438551632, 10.004814538167915, 12.04620607434627, 13.041514547872492, 13.367645223835032, 10.086437221301484, 7.50751314308697, 9.348334405894168, 10.407237176941454, 10.083500723270197, 10.757689141112838, 9.725543005020596, 8.222837671519434, 7.519084167723106, 8.195886418241797, 7.721417923937866, 7.725625831002102, 6.852789712652859, 6.264505978239829, 6.086802854523586, 5.114268595390084, 4.744876213269115, 4.083994631635054, 3.7206362829181066, 3.1745570947161257, 2.7063730969893145, 2.317012958293557, 1.9137226388442445, 1.4874933229594436, 1.254714128172309, 1.0610702019238545, 0.7759281472710342, 0.6309701758081204, 0.45976197667424656, 0.33607857039624955, 0.22680354617781148, 0.17152031352423874, 0.3199153955204872], "G": [6.63862777043533, 7.12702080970026, 7.653556174641022, 7.854815010111013, 8.00833700057504, 7.804819300380741, 7.3748822829792955, 6.732081629773151, 6.415705885524485, 5.591776054839455, 4.7840238347041755, 4.201890490659937, 3.64083597883574, 2.9027364061740935, 2.1940909203284127, 1.6301669178402622, 1.5283464739353643, 0.5576365769231171, 0.5138160338249693, 0.2969516288532861, 0.311117413801228, 0.16785674493211497, 0.6404492572884916, 0.7311750299901199, 1.3905354480837893, 1.5735671374444116, 2.410536518958531, 2.796204886884276, 3.6706517392628113, 4.358675026045856, 5.615387651751387, 6.227092403009624, 7.265191351060217, 7.8680414211755725, 8.069691290272576, 8.373358792214182, 9.348659443028406, 9.393879593727727, 9.090531357091333, 9.128918157619035, 8.865711951789981, 8.470170704537562, 7.35169423278552, 6.5711109026625145, 5.768923059135152, 4.498786318394601, 3.7720840276930145, 3.0504376099949773, 2.474367647877981, 1.6939612294650102, 1.3034197848540836, 0.7456290676589178, 0.3509219385338829, 0.0, 0.0, 0.0, 0.0, 0.0, 0.0, 0.0, 0.0, 0.0, 0.0, 0.15533031029860875, 0.16379972207271676, 0.2623152618670967, 0.4011923517066946, 0.5640634232823006, 0.4435949972646998, 0.240339347958609, 0.31365500695730136, 0.16265797915648927, 0.24794476425542042, 0.3029202437146315, 0.2486001382863183, 0.22436580450471255, 0.0, 0.16610426819148977, 0.17216120257858, 0.1908316249479248, 0.2655217080407457, 0.08297203910954384, 0.07493336119233934, 0.12316953609927585, 0.2024269219410022, 0.11716093186078193, 0.12171403532194947, 0.11202313602871712, 0.057551977348375555, 0.06414170951284302, 0.0, 0.08140890565218029, 0.0, 0.024544704511336522, 0.021175411781605494, 0.0238068395288395, 0.01946851898702242, 0.042648328870049, 0.009614858037060059, 0.0, 0.03400591420411412]}