{"B": [0.0, 0.03318925003074906, 0.0, 0.29906049967737447, 0.7362945728632752, 1.4185373912453418, 1.6221339762147284, 2.5455263133472594, 3.255624602008902, 4.0722288748916435, 4.966819971156289, 5.915213691691463, 6.592946517474095, 7.432099538639082, 8.101287044558608, 8.643545360798733, 8.715089824498214, 9.129362028227233, 9.222914972731058, 8.992846799631392, 8.525444219356398, 8.34935289949876, 7.18780127372844, 6.954896353512416, 5.527213199866698, 5.4437840670239765, 4.617101686437771, 3.254317484143723, 2.5690182104155763, 1.9725334870535634, 1.3614954323535058, 0.7984358231467167, 0.5955207900531407, 0.4157574004984193, 0.0, 0.23229597191028553, 0.4442533543404433, 1.3451745283698038, 2.068732153850263, 3.013926815344869, 4.017513886960307, 5.390321191686068, 6.473144172998291, 6.888864753287866, 8.642952878638523, 8.83596496742344, 7.181533205138116, 9.078710515795342, 10.283374868192782, 10.151630099511106, 10.61199227550219, 10.798771716813777, 10.01242884400024, 9.824050335839592, 9.355189868247022, 8.446613618660379, 8.337723820454007, 7.256749300607507, 7.088557074516854, 6.638770978493653, 6.373294437504026, 5.083320567010892, 5.054496174890111, 4.407104812995532, 3.7674608001445744, 3.203266281887666, 2.0452087740018556, 0.8216354645989857, 0.5890410696607435, 0.8130718648855193, 0.47208218914392214, 0.0, 0.31786462099267304, 0.0, 0.0, 0.027112549965499402, 0.03442300300191245, 0.0, 0.03264646989047686, 0.20663868647367106, 0.4755226494646698, 0.4176423312526265, 0.5797786788076862, 0.2852768797098747, 0.5248989205806012, 0.16942244357816658, 0.30952682534588827, 0.0747333058908764, 0.34770415713815084, 0.16372187474828556, 0.19738966697990262, 0.1772861387164526, 0.07955020609265662, 0.0, 0.0, 0.0, 0.0, 0.0, 0.0, 0.0], "G": [8.950186367744335, 9.96593795948716, 10.270975449157085, 10.265728972839028, 9.960436804615075, 9.395483822732464, 9.222453979715985, 8.098335520781252, 7.365454284448466, 6.706282021502232, 5.982588736391312, 5.040680211822162, 4.122278634161848, 3.27859692766373, 2.9835039078213126, 1.7749245638795133, 1.2566756632046614, 0.7478143658099385, 0.6077345862159469, 0.2651411956269498, 0.5407786761024164, 0.24749663503842892, 1.0705359369362288, 1.2071109009597147, 1.9161720795113233, 2.471549784138563, 3.4325215199979553, 4.086079444683848, 5.660974619144231, 6.478805034309974, 7.5919676964064395, 8.951288527080505, 9.39215397235634, 10.219897362955596, 11.484466774528853, 12.120376994577825, 11.75024578374526, 12.336623335253407, 12.343065968334765, 12.24171044467137, 11.040921136399755, 10.137880818917688, 8.935386757850102, 7.304283777027686, 6.390296546515325, 5.606464716913098, 4.216517625516065, 3.2674601225831723, 2.821791868122577, 1.7670940145406269, 1.141832342784936, 0.4322808275734805, 0.2515552784407652, 0.0, 0.0, 0.0, 0.0, 0.0, 0.0, 0.0, 0.0, 0.18024018762835473, 0.06481795934340319, 0.18962637141540228, 0.41218609714640037, 0.6782393233034222, 0.5224776332290271, 0.4618615778010905, 0.5322096532204291, 0.2950320857155425, 0.4965371884916696, 0.6411030100403293, 0.5220473619694143, 0.4945652692602728, 0.10149305987703931, 0.42376720160882214, 0.4450792147266229, 0.42815614171204364, 0.5812098315435628, 0.3610783671079207, 0.3584081502883607, 0.3720648990013456, 0.3565951626077761, 0.2936933271921257, 0.31397734561108237, 0.2711938144880703, 0.18486802225117988, 0.277250641760622, 0.025558610822149316, 0.20275387077502008, 0.06571233511912933, 0.0874687315050983, 0.03070242344489432, 0.04125803733967735, 0.03556607797104315, 0.03610216413185562, 0.05489565237622917, 0.0, 0.02386177239530809, 0.004792557754063979], "R": [1.0379310367956516, 0.6978917666789684, 0.49416218670586326, 0.3559834772344568, 0.3282458761530384, 0.029013130787558905, 0.0, 0.0, 0.012715476031793222, 0.029996298959996684, 0.0, 0.0, 0.029247848910664835, 0.0, 0.0665585131519973, 0.25433521319002433, 0.506065725878863, 0.4914416493819831, 0.8081139819584985, 1.138489361975814, 1.7696622609722583, 1.982748472019401, 2.6406709773520824, 2.9410461741268668, 3.7607892049942184, 3.5339138688873115, 3.7785668719376675, 4.55348644370687, 4.396058261880943, 4.418363956046173, 4.271193172087405, 3.7836789800592796, 3.5470607570687522, 3.6541703371791865, 3.5518582998235337, 3.5472418675564503, 3.5864041491194296, 3.4182057586307217, 3.63384404714493, 3.632257453560658, 3.3457395930658174, 3.0260496238034795, 2.473167858142448, 2.859080899601178, 2.1625863141179242, 1.9248152942640013, 2.1922289274539124, 2.3231624730433027, 2.0652948819641463, 2.1477623587098513, 2.18217257466549, 2.1583258835401833, 2.6816997733373915, 3.1167307343708788, 3.5949902321697333, 3.7791911497666177, 3.999941362737699, 4.92542665449469, 5.329733566624594, 6.510477270682181, 7.058209344768256, 8.67876011373313, 9.767482484487715, 11.972171727552777, 13.129775393667115, 13.68707159142742, 10.407864419489794, 7.914535425334907, 9.910150992815547, 10.985511583657026, 10.780254640813723, 11.524261818906437, 10.376940819235378, 8.93529669246047, 8.244604615170346, 9.055619922378346, 8.53219895842581, 8.638725766093973, 7.733638569673309, 7.132996137058469, 7.029173229412657, 5.895291645412261, 5.531776782818483, 4.910908116015496, 4.491111132979631, 3.968860459472992, 3.456475500615315, 3.0199005175612017, 2.5132485200568335, 2.082693434954566, 1.6743355843765124, 1.4735510478499894, 1.22082756718983, 0.9965204350789338, 0.7206893805202206, 0.5785085268864258, 0.3927597778637138, 0.3439834975217076, 0.2626325329428733, 0.15685782575414567]}