{"B": [2.5884790790016403, 11.735692399831306, 20.748407541669888, 24.59072898484426, 15.647763775764416, 3.214000641287099, 0.0, 8.630562846501247, 21.4921579828639, 24.723184826267303, 22.47305348502163, 12.09034496289824, 4.792511089523159, 0.6624507807772321, 0.3445095475977013, 0.0, 0.0], "R": [2.088540233015021, 0.0, 1.344665779676506, 8.33869742725014, 17.855153036576624, 22.68178864678846, 16.976867733187476, 7.562476330588818, 3.8947747540985693, 9.317483386849839, 24.81506982800405, 33.648297764978565, 35.38879934496416, 32.16335526128725, 27.026322741033283, 19.475654189685645, 21.086365960544597], "G": [30.015937693237227, 22.165591816880035, 9.631655920595756, 1.5332680115788861, 7.274471007412337, 23.604311378057943, 40.78978897589801, 33.68110183568534, 17.61207629006828, 4.974434668615844, 0.337386746721761, 0.0, 0.2708503639446017, 1.1679342551243097, 1.8153445838234012, 1.0133921696918673, 0.0]}