{"B": [1.3512890866326237, 10.046553056148882, 20.615726864742204, 25.193806581595062, 21.327889838942472, 6.894739876185375, 0.0, 6.359116588611004, 18.433732100195638, 27.69992998777792, 25.405324461260353, 20.315624178975458, 8.53493526003966, 2.668152248144453, 0.3742063598886508, 0.3228327246153462, 0.0], "R": [1.5388762246866226, 0.0, 0.35126564550094524, 4.944130699488425, 13.074214044428885, 17.548998307721302, 16.329341294095173, 11.090012183631279, 6.176623226458273, 7.050846646493912, 14.232155732754824, 32.06701987025484, 34.43666798403146, 34.76959331348803, 31.45522342325422, 24.021959622467865, 27.74943701072317], "G": [30.465359535212823, 24.595954978361863, 11.787927795002773, 2.028948828699017, 5.006960783960044, 18.52777174959788, 38.50807006492625, 39.8101787170353, 23.11593263097072, 6.7485947544718385, 0.0, 0.0, 0.35588884471092, 1.060891029835757, 1.9164333389447206, 1.9659888659139302, 1.362540068567988]}