{"B": [0.0, 0.0, 0.13843056649570032, 0.21496543000056145, 0.6843721536685557, 1.0908870718431878, 1.4458168124499924, 2.199301854732336, 2.643463007201427, 3.430899207247476, 4.017628992376494, 4.773493350210345, 5.5730317559965155, 5.923528556767815, 6.339414519930365, 6.946232153142905, 6.773823374330852, 7.300942373864682, 7.084913677219934, 7.154319019911074, 6.9304311707612865, 6.554478367167995, 6.177650426548643, 5.570976026199681, 4.397165342923956, 4.255062675610581, 3.284276402867583, 2.5349773733943284, 1.8378795878911156, 1.4699749669957352, 0.9937055827068862, 0.4885002014542491, 0.39874410412310046, 0.1889751563840933, 0.07285041379603592, 0.12837154790837138, 0.4274928959434846, 1.0890698412102946, 1.892086687674849, 2.458100756499219, 3.5005835266470204, 4.2024475518319155, 5.062518054542776, 5.757984573454259, 6.6337888668344105, 7.238144584140418, 5.0687936460684675, 7.821440985615419, 7.787312883687282, 8.407552114095028, 8.409952563125339, 8.100987241576144, 8.009894424218025, 7.580555165972053, 7.393650720908593, 6.544087766265628, 6.3972481437748705, 5.665834222339926, 5.518915257361921, 5.240277597606958, 4.92490855293825, 3.922296396171514, 3.894885574572757, 3.3180199157529544, 2.6823669731927624, 2.5363773020093427, 1.2270341769634912, 0.5870207738531763, 0.5547888660617928, 0.4386569859944345, 0.3294997916470769, 0.0, 0.058096618542909546, 0.0, 0.014198524742285012, 0.04039652500310872, 0.033981127939338995, 0.0, 0.23283324661016688, 0.2670247188597782, 0.15896516908662178, 0.465394195499131, 0.3335707064415668, 0.2535219185331793, 0.3749710629805646, 0.1442092759779156, 0.18512018914562808, 0.08476905460447581, 0.2575484253133885, 0.08362064845145845, 0.19521971521984754, 0.09169287389353761, 0.029864261285926907, 0.0, 0.0, 0.0, 0.0, 0.0, 0.0, 0.03609077662776543, 0.0], "G": [7.35075278721594, 8.20782704359037, 8.016842269300449, 8.541612581252338, 7.8355616750258905, 7.583206849734021, 7.3998419185606785, 6.275405359099755, 5.9279415570152025, 5.438442603070959, 4.741735805706148, 3.855786004809582, 3.195726877351163, 2.5884577567856017, 2.261565009817161, 1.3962462424805122, 1.0438001472604006, 0.5485122427495155, 0.47743199103730943, 0.25437980464241106, 0.3818641609878047, 0.3808490465617758, 0.6966222823761641, 1.0087241496506145, 1.6120106869817177, 2.04925547044391, 2.992563103834551, 3.5901709497925185, 4.626015004985777, 5.247965455787507, 6.288380527396631, 7.396309876915386, 7.745180693422485, 8.370243481893038, 9.493291923392519, 9.701949495496466, 9.711377244161389, 10.075792883687994, 9.807063620953215, 9.936984071415614, 8.753669162676573, 8.057643415466881, 7.202296491870824, 5.773538235756471, 5.022432551741929, 4.572028145647262, 2.818569005798895, 2.886837058050946, 2.2096451959124863, 1.2523694568066337, 0.8451737007255857, 0.4337733484808325, 0.05788086777482962, 0.0, 0.0, 0.0, 0.0, 0.0, 0.0, 0.0, 0.0, 0.24023153282240126, 0.0, 0.3117834598172896, 0.6100198479756124, 0.4498879341026656, 0.22879939998330592, 0.32989218153586064, 0.4560224018324311, 0.2569870004995896, 0.5072062386771758, 0.5473047629366659, 0.4118121307495125, 0.3334126991101803, 0.17784085682837233, 0.2949355868273867, 0.37470888419662324, 0.2696081757648216, 0.4088529136892181, 0.34952350699101536, 0.2781994357028814, 0.3256157089153615, 0.2102227511853587, 0.20648211452747997, 0.20236213407691211, 0.25714411721718833, 0.11668984740389345, 0.21109173026712996, 0.05268908571420954, 0.10372946168652712, 0.06329672941317498, 0.09191691674442394, 0.03647441189384155, 0.0168144677525192, 0.04042837002310818, 0.04280103477443139, 0.029983667804759168, 0.0, 0.031861785414809704, 0.0, 0.04664491913852294], "R": [0.8159835316657502, 0.47190359840987284, 0.3585571533231058, 0.19491530754637013, 0.29289049566258907, 0.0, 0.0, 0.06814408098400244, 0.17514488371322645, 0.03740056764843311, 0.10604773262586377, 0.36498057747289975, 0.30801453499678966, 0.42166799981336367, 0.5990961977394572, 0.6774564897980441, 1.240639472080726, 0.8634111353542484, 1.4778480605034463, 1.7125861841825318, 2.0463042244771734, 2.292043961697129, 2.9261700413265266, 3.3534880238328264, 3.843777719543499, 3.8290016034502283, 4.080987054304327, 4.384468905500258, 4.404677093356502, 4.288002442802063, 3.9844293097542813, 3.5610374388983925, 3.2672479004364785, 3.4259196027949295, 3.14475361626639, 3.4086350918203756, 3.258767749165137, 3.2542436982864436, 3.4771060169634986, 3.4827588045572866, 3.0528894243086055, 3.0752844374711694, 2.665501441782437, 2.8157925521598344, 2.6135365152985854, 2.3706307521206154, 2.3425729436455365, 2.664380882965425, 2.7147528332501825, 2.6868843790690673, 2.644950512174495, 2.834603166058369, 3.2927536047916286, 3.688504924167332, 3.9894559959643336, 4.012687741423835, 4.659448897111764, 5.190375035892705, 5.733956948505619, 6.621201382585878, 7.519427607114346, 8.670047885714231, 9.671203460751812, 12.310205192204851, 12.759732643527988, 12.655544105166902, 8.569010023909934, 7.958260824851615, 10.094722467092382, 10.363619576966638, 10.187141870769224, 10.9028081870752, 9.507919600182769, 8.12368263697083, 7.828942819616757, 8.678737330893439, 7.847238012145255, 8.223917118769316, 6.888766654041915, 6.7897312305830075, 6.649537912141111, 5.336794253709263, 5.079054109757265, 4.68645073642925, 4.137828441807916, 3.596200865740106, 3.271934387394393, 2.799088322089418, 2.283855376948722, 1.949572152390345, 1.5599436567135025, 1.3003774521695326, 1.1538425293538426, 0.8645548100827375, 0.6688366128340726, 0.50552542185674, 0.37272116759385354, 0.3083120860864223, 0.21985043240856966, 0.1363037540099984, 0.24893551807546258]}