{"B": [1.9216308276654803, 10.816105696884174, 21.57820610851356, 25.154756715856177, 20.076188872153228, 6.737703109528755, 0.0, 6.981174919032109, 18.828369683233635, 28.511838070753686, 25.805670395933607, 18.84198579581136, 8.26416642189076, 1.7070452716043167, 0.0, 0.3580985076588345], "G": [31.16197706395225, 24.392724075670717, 11.608565626262097, 1.7876670881222432, 4.539208816704346, 18.087835232803684, 37.4083599399431, 40.80023301900685, 24.492989594331004, 7.110501041723556, 0.09642021118118607, 0.0, 1.4858281230124852, 2.099945582089473, 2.1240994715464905, 2.6683827341542647], "R": [0.9340783230173705, 0.0, 1.529755374858171, 6.707904669231436, 14.665810185903977, 18.012951941046328, 15.038201009693008, 11.499351596624617, 7.665919549018945, 8.68543126126929, 15.337497008992965, 30.372744469564473, 38.18868758280054, 37.3451063187763, 30.98950698699172, 24.17336361078162]}