{"B": [2.7880390955089607, 12.198132098945228, 20.854385645589318, 24.095923531566235, 16.19434805534615, 3.2970890763355363, 0.0, 8.13756103474213, 21.620473161483552, 25.233840845696626, 21.416590960202274, 12.387007667202656, 3.5880126460742954, 0.0, 0.0, 0.0], "G": [30.022611635946866, 22.00742913080722, 9.217645827070811, 1.0255598227098357, 5.8930028610970755, 21.837906310985968, 41.37102164012762, 35.11952623701724, 18.02452310286285, 4.120972998694374, 0.0, 0.0, 0.22235429386818195, 1.4599546980186962, 2.436356904676662, 1.3854574427410666], "R": [1.3483726408800811, 0.0, 2.391296810676973, 9.303206250248477, 18.645516628368856, 21.791778976844792, 16.474107911569508, 7.779061910404183, 5.040580440427525, 10.38098113816023, 23.33546592789594, 36.72597110329137, 37.853372955393695, 32.289355830933204, 27.271372730508002, 19.973153165530597]}