{"B": [0.0, 0.13935479157373773, 0.035902212598315476, 0.3827397756352998, 0.24748180999095074, 0.9423548251902263, 1.4150100675762973, 1.968310288735506, 2.430202081494028, 3.0491902946157206, 3.8650085480269567, 4.45460947884384, 5.367450222544688, 5.8064266357955985, 6.296684319947508, 6.78545828598391, 6.995436931873146, 7.393717963805789, 7.155212170554214, 8.004959628310246, 7.7026708396259265, 6.96002425851575, 5.911187061959051, 5.276874054878292, 4.685422071859119, 4.368464832526405, 3.4804773327778467, 3.243975417464868, 2.731847774801215, 1.80140857217848, 1.0248347884675075, 1.0382736276746307, 0.3165000183824159, 0.20446831336811422, 0.35292923513722746, 0.5497579153431753, 0.2953800194032872, 0.8178684448597385, 1.0944776129346412, 2.1309304839932963, 3.0913677637390737, 3.9602182318353987, 4.882986608237446, 5.700527207372655, 6.640504184687107, 6.850876195202835, 8.294818602812702, 8.202238883426062, 6.6386876561235075, 7.869949757872472, 8.765040162127336, 8.39738569767314, 8.55997472917358, 8.531914624397478, 7.661697526900847, 7.32610917433688, 6.87401269993355, 6.054778428560383, 6.140384030168839, 5.242964909153501, 5.041352297921353, 4.75936550439972, 4.432967003067597, 3.4206753072984033, 3.301353739678102, 2.65901800113017, 2.2854910335728853, 2.024124049713668, 1.2131067191506555, 0.5282043953464965, 0.32044419430153775, 0.41666301355864693, 0.26558030804456173, 0.0, 0.12192078744622563, 0.0, 0.0, 0.0, 0.08389499584578672, 0.0, 0.14475190980270697, 0.3345105992019139, 0.5429998667709479, 0.33597340697060835, 0.40579375854994315, 0.27389288039007426, 0.43901050975127903, 0.18181985328322306, 0.24725786887590276, 0.19318271998631387, 0.2252618787686713, 0.15429638751239155, 0.12313832385543923, 0.14595581056064366, 0.022276869581791543, 0.01067967489212338, 0.0, 0.0, 0.0, 0.0], "G": [8.416144454214978, 9.048263754004182, 9.717126011430159, 9.971651360614942, 10.16705334666139, 9.910352031682265, 9.359879462167843, 8.54508726659151, 8.141067949034984, 7.092315804853554, 6.064728358352118, 5.324487275282964, 4.609975189265995, 3.6723262420595435, 2.7719652281487925, 2.055294525213806, 1.9255411761648984, 0.6929727511077081, 0.637871110522111, 0.3606757286171611, 0.3791971347101697, 0.19909655657898837, 0.8015529021316956, 0.9179948528635595, 1.7561899767613958, 1.9891765151295702, 3.0534658885645194, 3.543770352210587, 4.655030852756254, 5.5303081319962155, 7.127465745689014, 7.9043080504291305, 9.223556883155597, 9.989448536085, 10.244705913512126, 10.629954311312398, 11.868525875383503, 11.924497879952746, 11.538210127357898, 11.584319365735993, 11.247763549583956, 10.7440382013715, 9.321739169938535, 8.329177085818817, 7.308853494570311, 5.696242014773921, 4.7706885270323065, 3.854848642662622, 3.1269613061061228, 2.134544038443189, 1.6368933310660942, 0.9302232610445257, 0.42922839986798317, 0.0, 0.0, 0.0, 0.0, 0.0, 0.0, 0.0, 0.0, 0.0, 0.0, 0.1927381263713048, 0.20410371278442324, 0.33046156197918797, 0.5077127250918247, 0.7149553166250155, 0.5623413456123009, 0.3053508593098701, 0.398996817476154, 0.20756326025346114, 0.3155049596347123, 0.3854300997357248, 0.31662531256767334, 0.2853934665048596, 0.0, 0.21175541571354997, 0.21929064084507666, 0.24310729817523294, 0.337524671032245, 0.10532787831736615, 0.09473216055165974, 0.15627498583969465, 0.25672839083706933, 0.14876061523275919, 0.15391883780927854, 0.14225953607646202, 0.07289066150248484, 0.08136768641620658, 0.0, 0.10327046491162391, 0.0, 0.030982340503782787, 0.026952121041548194, 0.030331388047239078, 0.02466518515615492, 0.05407435560364081, 0.012158902207962936, 0.0], "R": [1.073536124335277, 0.7829244367138115, 0.6653177259832571, 0.3412591530267697, 0.3353929094817643, 0.0, 0.12102580501922623, 0.0, 0.0, 0.0, 0.12257861230592056, 0.316733217083246, 0.11996184026635717, 0.5572996824038554, 0.7252606694496702, 0.7965884628471244, 1.0655439548501389, 1.3686524760749463, 1.553893410896976, 1.3367426281743817, 1.9652874987959421, 2.5170159926242985, 3.1344337267604163, 3.50509704873216, 3.614334116903977, 3.8873743079017724, 4.082728879950578, 4.1501434152999845, 4.073347497773539, 4.394238723378826, 4.3569031587246245, 4.168167920594564, 4.011496022606785, 3.4836054407120516, 3.2176812720757093, 3.288096967522021, 3.22741347525698, 3.1079098843442803, 3.1667738614928624, 3.1286454946595725, 3.394731458286273, 3.686670483517516, 3.4903184008556165, 3.56155231575484, 2.919246364197228, 3.4094579553561846, 2.9109380738821633, 2.843374990053032, 2.9038942329208557, 3.410299929846569, 3.363160348458061, 3.4805603850811777, 3.586442681645008, 3.588408644365603, 4.081484075848021, 4.522461981656394, 5.0503141547711, 5.2469843763034145, 5.292739109374564, 6.095186568109625, 6.584926474879824, 7.694629604735195, 8.286955288613743, 9.748153389722443, 10.819050687900551, 13.034141137430225, 14.11491288683713, 14.470094323928185, 10.919773251058809, 8.129931739134229, 10.125200364289586, 11.27147448236305, 10.921681472532532, 11.653220524953984, 10.534734161603689, 8.907430253742346, 8.145384258310331, 8.877991939872395, 8.363695810572077, 8.368573716789797, 7.422653288008646, 6.78390633583885, 6.590140521110502, 5.538041050501992, 5.137667952310917, 4.4224073961107955, 4.0277485523383705, 3.437806910270642, 2.9301634201623123, 2.508784480180722, 2.0716931024366754, 1.6105136303992102, 1.358402174636198, 1.1485368821316844, 0.84038830990253, 0.6834844753009977, 0.4980770048525868, 0.36410308655953916, 0.2457211667731642, 0.18580791063870944]}