{"B": [3.191206005647213, 12.531377958421755, 21.059736001708153, 24.066352521356155, 14.379437455958044, 2.164306353379028, 0.0, 9.361092261830017, 22.072236826333615, 24.38690827247305, 20.859999080204332, 10.203903869736255, 3.159405613252481, 0.0, 0.0, 0.0], "G": [29.823610937874847, 21.394301903262388, 8.560189193437019, 0.5067659913473629, 6.935233060185297, 23.913203217880977, 41.067522525556114, 33.244866440088636, 16.52134101168545, 3.9352690525743426, 0.0, 0.0, 0.6764411371201065, 1.4700665952164365, 2.1790050960693472, 1.2850937531998186], "R": [1.4784593105386203, 0.0, 2.4040389422626673, 10.268713063477078, 19.541044107977342, 23.04095492161106, 16.149280165006083, 7.019564145645647, 4.584314350989965, 11.006370868835962, 26.940472205198652, 35.25767277264132, 36.122828396235086, 31.897451765203307, 26.427908897203164, 18.75201952727045]}