{"B": [0.0, 7.132822600965482, 19.59352829867242, 26.59793015275962, 23.96148520718049, 11.57949246007433, 1.7816913959866094, 4.402625797897828, 17.922163470474995, 26.85198546063471, 30.840003288308946, 24.609552801628745, 17.340733303200572, 5.105904948411338, 0.8312083343060014, 0.0, 0.0], "R": [1.0950229618810037, 0.0, 0.07803653462619514, 2.1507466347571755, 7.810688554779827, 13.129924093423936, 11.843393801668213, 11.48515772395067, 8.585797365046709, 7.145378684866047, 9.123364584540566, 16.622449253428933, 36.53600385861089, 33.23745541837051, 33.53858873931435, 28.538468291609373, 35.74436700492234], "G": [33.41903978731588, 27.43340706649937, 14.538545720915753, 3.918903930611069, 3.621644576351618, 15.731755698094744, 33.334963275410225, 41.780516063172136, 29.617652974875725, 11.533077857510298, 0.7499996715561749, 0.0, 0.12242770831880546, 1.2486124700708086, 1.5141824740531382, 1.6439425223801212, 2.375317308354183]}