{"B": [0.0, 0.0, 0.0, 0.3855135782425696, 0.4115008617059981, 1.1907936176417067, 1.5939555291163217, 1.9186228086927093, 2.8167305641783904, 3.499752373531427, 4.223418125592944, 4.944709839140099, 5.711524016618866, 6.4872329834473765, 6.803881922336137, 7.1459264768781035, 7.532810466145277, 7.49431688533377, 8.326293384254157, 7.901828074652721, 7.420682470725413, 7.194066947557813, 6.236198689355082, 5.814261924714117, 5.137953674881339, 4.514970725813947, 3.869194507612741, 3.0483569648297495, 2.092140989025457, 1.5451028550164794, 1.220959260849664, 0.7158690477674197, 0.5804165336385758, 0.23288096837694477, 0.055998510501792206, 0.21394569342939976, 0.2702754295147014, 0.8864302418054332, 1.7633965064223889, 2.443346753931495, 3.302716920799956, 4.798936713465613, 5.040857858580735, 6.157593701571346, 7.052865955579328, 7.668650421640385, 7.854994111192782, 6.421427723727, 8.715860341208199, 8.823240333586984, 9.150007386031316, 8.987269373827656, 8.658003837053931, 8.23591394687685, 8.007026695092678, 7.330821172357834, 6.742368884185371, 6.2991703401318775, 5.796156122683915, 5.498657366355384, 5.353357195398121, 4.859356385160761, 4.046404217396654, 3.597258408274244, 3.0811023656485084, 2.290878864786688, 2.418240022776029, 0.8906592829302733, 0.4949893072212812, 0.6114433135074511, 0.23357111455936772, 0.0009801847140742004, 0.07865552735387346, 0.0, 0.0, 0.1041279674160643, 0.0, 0.0, 0.0, 0.17049371632071517, 0.31881221309415453, 0.27261485878077935, 0.42429376481830566, 0.41847141904837065, 0.3185338885469252, 0.33193020640025184, 0.2581611620750994, 0.12797406069688252, 0.16920128218429345, 0.2787762037449831, 0.0784273760166669, 0.16871489758574337, 0.12667665493625352, 0.0, 0.0, 0.0, 0.0, 0.0, 0.0, 0.009414310763519675, 0.011486371564931748], "R": [0.9515909402277849, 0.6429793309794855, 0.30292504103902784, 0.3854824706664017, 0.07717391916570282, 0.4066888554675973, 0.0, 0.0, 0.20557010262564077, 0.1093978727123341, 0.11916612334782635, 0.25778337616423586, 0.3978142055776415, 0.3683892742819924, 0.6112987679957612, 0.8854557275388423, 1.0393997916666335, 1.318609563953318, 1.1491510561393836, 1.6279228969990596, 2.22654957742048, 2.59587625849761, 3.062768861855312, 3.527465320979843, 3.7654262727128636, 3.9674777874596434, 4.207808118013597, 4.429439153893492, 4.547054722516754, 4.60724613422265, 4.356670965997768, 4.001023336199873, 3.3774639714931634, 3.5253950227691226, 3.56353017572087, 3.2566556842540293, 3.6387196566265665, 3.467977801508279, 3.4302424730890233, 3.8620696186378485, 3.637123131478357, 3.175461848899675, 3.392071810680864, 3.0160405388157505, 3.052892617148851, 2.736703525868421, 2.755094461993863, 2.634503291872248, 2.9571715033264003, 3.043181626670992, 3.0751247148186875, 3.122647583659191, 3.2908354184381126, 3.8582956359053853, 4.27869683160933, 4.588892292706934, 4.636226608310317, 5.432541151798894, 5.85310041580087, 6.574514092997555, 7.5519739012618246, 8.478355560329678, 9.851102583290501, 11.007897503551062, 13.838171769547563, 13.839527738729407, 13.459266829562834, 8.212233471820037, 9.124592637287158, 11.307523756627619, 10.855900422407101, 11.743229140779727, 11.256987707476512, 9.714069421508997, 8.463357071087103, 8.626262990655734, 8.842896516155925, 8.585544264243715, 8.366074146504863, 7.18892761543833, 7.091414793999081, 6.485988237731489, 5.6780341019744105, 5.047137451214046, 4.692771816763837, 4.072493180287943, 3.4882898124018666, 3.2591244498263583, 2.7045230511258604, 2.0601288887772786, 1.7792461369068429, 1.5626238040675766, 1.145916626811027, 1.1251609624598253, 0.7047464875435929, 0.5966346162361873, 0.4378468983022264, 0.3070190199391115, 0.2453418619592598, 0.16944275882395451, 0.3118508096527151], "G": [8.820856496251526, 9.759712923069964, 10.37859776938639, 9.979085914620311, 10.393032951425427, 9.14718625887075, 9.11695041821615, 8.585111553175583, 7.166214730636623, 6.5671219457667585, 6.047540071434655, 5.09228400793358, 4.142862046344909, 3.225759725728085, 2.7789284885319625, 1.9065918249978013, 1.1994095690029396, 0.7816099013492476, 0.49491174885368383, 0.39314032907472013, 0.14473416414207016, 0.3614506309257173, 0.7825743734591152, 1.3015153663873273, 1.7899681614880008, 2.3181086650871583, 3.19935283584705, 4.110862703851106, 5.434521433627681, 6.666904224110896, 7.188000301743708, 8.462586131058028, 9.659369743773551, 10.222294757195813, 10.698248464923305, 11.879687526315141, 12.007110463567027, 11.940308755863136, 12.250750295924854, 11.954359349982383, 11.552228969351711, 9.944061196370175, 8.880349610268167, 7.646929338613721, 6.2866742027882445, 5.428568111849913, 4.626240681843686, 2.8384986985099374, 2.842833961310525, 1.9052558912504056, 1.011750641278031, 0.4554711654987117, 0.19128734577092338, 0.0, 0.0, 0.0, 0.0, 0.0, 0.0, 0.0, 0.0, 0.0, 0.19052646254463504, 0.24795292846462896, 0.4321025937032016, 0.6916796797950265, 0.583418857761545, 0.20570082066596282, 0.47973545529104394, 0.46943676083460617, 0.45111215523803216, 0.4278504270312309, 0.7524048556926742, 0.39492414029891604, 0.20711874077877934, 0.1701368505708956, 0.26834571426698356, 0.4353777875457896, 0.2951487944982561, 0.4891720484082007, 0.26276678437150686, 0.33087005582994883, 0.2808266107853871, 0.17603898076111932, 0.30560907801286513, 0.19082166490606164, 0.27577142239005864, 0.10703317789552408, 0.07862011497046088, 0.10937605792685759, 0.05708913712468616, 0.08515344470897031, 0.046721430061488434, 0.026634058824653636, 0.017806585358847864, 0.044739210879889316, 0.035316187345344946, 0.023517136686850282, 0.0, 0.03165122969226285, 0.010912267495998794]}