{"B": [0.4786511471945358, 8.702737282242115, 20.609564093097642, 26.33263118819131, 21.871644219022453, 8.283790450522375, 0.0, 4.563348525830169, 17.33812865228793, 28.62097809190479, 27.93845003408129, 20.276908621861534, 11.060981781653865, 1.8787597257584638, 0.0, 0.20470828919781067], "G": [32.47762578880277, 25.855431422805367, 12.705442466761049, 2.649645314677684, 3.8585694704006257, 16.945922987033164, 34.75323013111222, 42.82828630893535, 26.56789241516462, 9.57284655585434, 0.0, 0.0, 1.0110003639594798, 2.1037905657641147, 2.04845202047197, 2.4586545528291177], "R": [0.8963527201876096, 0.0, 1.43916126926466, 5.2128111359353335, 12.867553311552383, 16.868289115421476, 14.124149214611737, 11.984058890966164, 8.482885822011037, 8.672891240260112, 14.121907055224959, 25.294441123835295, 41.20723942376122, 38.03100269601186, 31.88466513692988, 26.142343119484888]}