{"B": [0.0, 0.0, 0.04000220423515319, 0.28212255600491387, 0.5704956252160899, 1.2904746540786765, 1.3538822579273053, 2.088459933433149, 2.6432586085020384, 3.5066452218567297, 4.185605382892035, 4.9174701009932935, 5.5898960006072365, 6.260123554634355, 6.722680010476452, 7.187111539746067, 7.188778910707918, 7.625649865627899, 8.028579580866655, 7.628264755706308, 7.159287674288929, 7.019992760971436, 6.062454320069298, 5.731465525569426, 4.798397326783795, 4.547816281242101, 3.8970941104240557, 2.7540923811818074, 2.0878118018457497, 1.6447478380921106, 1.215262505175048, 0.7492557484067813, 0.402360769551654, 0.33671432879794994, 0.0, 0.30435233021638236, 0.3512673147005384, 1.0254693567373958, 1.9271307414345824, 2.5162748294653725, 3.275662419601172, 4.706925323900761, 5.164019117500608, 5.849695435632526, 7.226740875259116, 7.303085284954465, 6.928617325600048, 6.8847555986253175, 8.617939469668967, 8.280579081237144, 8.965495426471648, 8.868765786491412, 8.504914609895131, 7.974227577378034, 8.005884779063317, 7.017584137530516, 6.798122982877488, 6.084243733274259, 5.829926446344633, 5.289996059508721, 5.469286515529193, 4.512144471743855, 4.208992292517343, 3.486395593266366, 3.0135316885523253, 2.6071558830608135, 1.9356483382355172, 0.7626097453829146, 0.40728132394697714, 0.7477478727644168, 0.3797863818965292, 0.011147761276311126, 0.19271357030207154, 0.0, 0.0, 0.2139839128849175, 0.0, 0.0, 0.0, 0.1274399571983381, 0.41115097159033037, 0.33999954367130775, 0.4067871636446802, 0.2979781984995611, 0.4844661020895191, 0.2103970939522541, 0.19620992083462735, 0.1251699299733175, 0.2605019056718065, 0.20468437753848095, 0.07646005668601287, 0.23070324120306565, 0.0921835366349565, 0.0, 0.0, 0.0, 0.0, 0.0, 0.0, 0.018475051088592636, 0.0], "R": [0.9957859422873094, 0.5448842597214075, 0.3388761219104544, 0.2190563341463416, 0.13473682612112384, 0.13722346247145784, 0.0, 0.0, 0.19315371108051943, 0.0652679287087908, 0.14417373045549964, 0.1448934184342405, 0.38980849466704215, 0.3092120814896812, 0.6305598011731258, 0.817733512164998, 1.0595357348920986, 1.0854906482829207, 1.3209974402398335, 1.5962443654389278, 2.3196428493421224, 2.5011330274103996, 3.012194807634119, 3.4385607350753804, 3.9456709975095206, 3.804024125808986, 4.112306034260409, 4.656769920754475, 4.4348880348969635, 4.451114404280525, 4.279321557509592, 3.819207881154055, 3.4762947147513326, 3.561515673595403, 3.355062046469229, 3.365339713934909, 3.3011355732629455, 3.5633361771048264, 3.2817527878784967, 3.7803919070742777, 3.4748799753101483, 3.1112959420287036, 2.941107742915751, 3.156040415488186, 2.7851144599161364, 2.585475031182475, 2.6551494037790246, 2.744399083834156, 2.771032820896283, 2.9375505106514668, 2.9547729804832183, 2.9987417096993054, 3.125145200027831, 3.893019140321449, 4.1820940799154265, 4.452438177324459, 4.5636050868829106, 5.364677903718943, 5.888268314010291, 6.795834545562977, 7.366117397176066, 8.61371793367647, 10.154569798986026, 11.687892986623867, 13.546405244579486, 13.947410689879016, 12.210119348831515, 7.595301551016626, 9.556653697408054, 11.371457029543606, 10.597806626157702, 11.817612160875958, 10.622728889211759, 9.29730982091435, 8.248138743190811, 8.811959628731257, 8.628342740090043, 8.716230651539291, 7.8981973791197975, 7.195947607010469, 7.010180819094069, 6.196770056337882, 5.590685028138528, 4.973543614207833, 4.58811546192652, 4.01053541263353, 3.3878176298687195, 3.151859071134144, 2.6389811714824476, 2.0377019481605907, 1.691588972691073, 1.5024458717670883, 1.1866261894421934, 1.0290029411710004, 0.7013761659916006, 0.5785381608024519, 0.4138352919190679, 0.3390472397041486, 0.23523787231439114, 0.15281581392317695, 0.3143159325997652], "G": [8.94992594270401, 9.765562819320806, 10.267388194271684, 10.192673251677107, 10.217657472912357, 9.0704507937407, 9.375548181353235, 8.190484778370772, 7.318728518341953, 6.603934780096807, 5.8529138051667475, 5.255242507608872, 4.076307015758244, 3.2329354062325644, 2.8366053671758813, 1.6581369663694272, 1.3867702950793246, 0.7372708181288835, 0.5589076884014149, 0.33331713921519524, 0.42792258581646875, 0.1885211904863836, 1.0897937299078977, 1.2607392734271834, 1.969324429501981, 2.3736453995930127, 3.1610041768492354, 4.189629969931532, 5.500606911356049, 6.651785319839256, 7.481329044168166, 8.528609704998777, 9.611339009060321, 10.221714125413074, 11.015425749142343, 11.942856710494013, 11.997675098282556, 11.96288157742274, 12.30258830946182, 11.937758457735598, 11.2975323612452, 10.15136106497407, 8.902148484347572, 7.373828472876959, 6.322394457447641, 5.483184212441643, 4.364314289705028, 3.0869814269724762, 2.6973149518234023, 1.9319156590216848, 1.0861421896782315, 0.38448315240867204, 0.2634276920589092, 0.0, 0.0, 0.0, 0.0, 0.0, 0.0, 0.0, 0.0, 0.01902515905531, 0.0, 0.29921632026343453, 0.39276852890610603, 0.5733880713254346, 0.6192613761833483, 0.35317254461151265, 0.5664622503371121, 0.34373425310118305, 0.48049847582758665, 0.4808173780095436, 0.6875253518927946, 0.44535607884019074, 0.057902690724322095, 0.26894015791145975, 0.4398631626337066, 0.3749683717168401, 0.4971724477451626, 0.4704799874308763, 0.269744609274459, 0.4115095495674404, 0.23839489790016985, 0.32955285716078175, 0.242205441564445, 0.22576402548871402, 0.267599846872442, 0.20771632994917685, 0.0279504113942677, 0.14588499979523697, 0.10829066757098244, 0.06145886837922619, 0.032812887515940276, 0.03532819261664997, 0.04194116991306783, 0.03271366098082484, 0.05028252610201083, 0.0, 0.008989965572148956, 0.022524094441728156, 0.025882260661875864]}