{"B": [2.1229516576162943, 11.167873676754466, 20.087187498248188, 24.01329683458406, 17.00719023357672, 4.185673184710234, 0.0, 7.228406431237009, 20.55872771328993, 24.9290811561465, 22.20674501959358, 14.036778214975271, 5.0627990389209945, 0.6511296385970357, 0.09787528090452266, 0.0, 0.0], "G": [30.163806002462085, 22.769567172122443, 10.371068039774812, 2.1863981147990614, 6.421427803817622, 21.597659806354507, 41.04583574519021, 35.46034619874879, 19.164069380860365, 5.327920922364247, 0.7202130562482209, 0.0, 0.0, 1.0733775444898424, 2.1107445340769697, 0.9964302473165686, 0.0], "R": [1.989873483236473, 0.0, 1.31888311055172, 7.383583624228011, 16.843141421518155, 21.350057428694384, 17.273597450674732, 8.44327223151272, 4.389519154651734, 8.668489925513873, 21.225614581267138, 35.00001456952633, 37.0321354116528, 32.60381493951541, 28.075613506893884, 20.81708278176833, 22.866229320842443]}