{"B": [0.03891798353039302, 0.0, 0.10156144454365217, 0.0, 0.5288577712335591, 1.015464858009463, 1.4889908164678234, 1.8503626462303127, 2.5994816056411927, 3.3262857846986957, 3.9775721186325983, 4.8857819613549776, 5.476203823455968, 5.9389742756901605, 6.606049783580689, 6.994440213794074, 7.390178734099993, 7.313542911390873, 7.562097575645943, 8.07296063881926, 7.2780950421324775, 6.8333639904117165, 5.974485722824862, 5.145260996208705, 4.949338048386888, 3.9194414173800878, 3.867897011298571, 3.096720474753751, 2.089855751155401, 1.4079453838690403, 1.1821831827614933, 0.544557233902305, 0.20485096223393653, 0.17139106620640646, 0.18146373098952, 0.03233220082253071, 0.3588022948460347, 0.6909866658235958, 1.543914489439143, 2.4340580588249217, 3.161380533776865, 4.116120207741045, 5.016622207993483, 6.101989054886714, 6.406659390547431, 7.82616142819534, 7.906758180118681, 6.32642030540601, 7.727876271785105, 8.725771716539228, 8.568027144026482, 8.68022434697504, 8.862876930221857, 8.098788232920192, 7.653792687887607, 7.2827753289479205, 6.529928284451414, 6.495119981366243, 5.569817074995116, 5.457472236439106, 5.095577028749595, 4.8151806439167935, 3.765142274774681, 3.700534773864865, 3.094505469787855, 2.643230619690846, 2.25551382361387, 1.432589580638721, 0.5670402110201779, 0.3952310767789519, 0.48849280382629523, 0.2570097903207393, 0.0, 0.17658871513391794, 0.0, 0.0, 0.02975878629493675, 0.061654398665890925, 0.0, 0.129810631048454, 0.20882041304800894, 0.49070046930774264, 0.3578449580271903, 0.5119983942468856, 0.25265542127179036, 0.47358144847902356, 0.17190518774306174, 0.28772088667428103, 0.10670827612566453, 0.24406649498650296, 0.15659271145869133, 0.1699556064335104, 0.13863538279308754, 0.013845536220388947, 0.0, 0.0, 0.0, 0.0, 0.0, 0.002436119996677593, 0.0], "R": [0.7602518078775437, 0.6320108315622505, 0.32106377090978, 0.20294874436435587, 0.05752602239381945, 0.1435223664005617, 0.0, 0.0, 0.0, 0.06409422450595907, 0.2098743171727931, 0.09591103050045895, 0.3821260349855898, 0.5668328801465536, 0.5488156161240932, 0.7621368985848815, 1.0073503181479317, 1.2647164340089996, 1.363949920324148, 1.380712262785405, 2.0249437423284293, 2.6001937809896543, 2.903717829789626, 3.2641526261947376, 3.4862891431952003, 3.8962217877519167, 3.816136792532646, 3.8839531528621145, 4.2233585824226285, 4.121868590035525, 3.907642839607239, 3.757163855374836, 3.246392551198356, 3.1051359745583262, 3.1064771562734803, 2.9809383180049, 2.952728990524327, 2.941799918531191, 2.9658047914526033, 3.1682553937030105, 3.395201802700576, 3.22092182565806, 3.1728841172957867, 2.680463930694459, 3.0908738317521536, 2.6294423061498096, 2.4815378102327426, 2.6392383737841376, 3.0265938094374363, 2.8569419634655873, 2.9929264073854505, 3.0793013221837717, 3.1129539461693407, 3.506115622005934, 3.963340297373535, 4.3783728944748885, 4.56862016568676, 4.642164604357305, 5.440406233112017, 5.84211836633898, 6.857085568604963, 7.396100259604231, 8.785176501955439, 9.791772718759132, 11.811990964317943, 12.857413029664247, 13.31577780797143, 10.011629223671978, 7.522568963935724, 9.316919354833173, 10.452726371679608, 10.139091023990668, 10.811722130981773, 9.756432254061663, 8.299292509329169, 7.6498630315267535, 8.309819676499574, 7.880006677525386, 7.934394190810657, 7.035894318180225, 6.514802999156157, 6.348413160646276, 5.329933669238003, 4.967919846737845, 4.340604620047748, 3.97041346323245, 3.44039456131852, 2.974742621071658, 2.5861569373695232, 2.162614299648736, 1.7397773413557198, 1.4129470279848628, 1.2195738186442016, 0.9897847413998813, 0.7783333080466743, 0.5831458698279269, 0.43336588069134424, 0.3146949690055379, 0.2365818394092565, 0.17832606823565375, 0.29837238159509516], "G": [6.832024310057043, 7.604469985949305, 8.070452850014782, 8.202815542732067, 8.081694363095833, 7.627249736134653, 7.118239842175272, 6.838099239362502, 5.987819359650879, 5.2930494044119945, 4.729761205655173, 4.137605108122853, 3.3885226149819125, 2.6890397732041444, 2.021660006615231, 1.8656318085805599, 0.9282544047199648, 0.640656819935851, 0.28469539592387993, 0.3858210077993635, 0.07014954756279344, 0.3549896920075114, 0.3709973338891794, 1.1676292595767637, 1.3037686967821156, 1.9615787887294205, 2.3042080269361485, 3.244861134142223, 3.899054388847693, 5.214999629973495, 5.930105544957043, 6.867987847376909, 7.671427635064289, 7.941704398106464, 8.518313364767515, 9.425667933330606, 9.64673948024777, 9.384178659245089, 9.529291235957675, 9.33392688241798, 9.220471824517807, 7.960701137395332, 7.317365723673964, 6.273391962547551, 5.0533844166942545, 4.322890277797628, 3.6248935919143297, 2.855012614083001, 2.0579846934093338, 1.7502967592147787, 0.9640061104551456, 0.5930225231558792, 0.07590174923867055, 0.022407970189923493, 0.0, 0.0, 0.0, 0.0, 0.0, 0.0, 0.0, 0.0, 0.16035723195490612, 0.12074898331875931, 0.26769605607903163, 0.3537903283474168, 0.5391008199800134, 0.4694835717218771, 0.2826049858028918, 0.40732489513517006, 0.2010382546054458, 0.34380470401007895, 0.38600098719939535, 0.3220314605835029, 0.26087060751635754, 0.0, 0.2263157874367163, 0.2136379343013881, 0.23457051527916184, 0.3612047305722482, 0.17201766798088441, 0.12950630224537055, 0.2345000440646838, 0.1942019035305206, 0.17265588924819278, 0.18826531552226347, 0.17754636093712936, 0.08507920420228643, 0.11610172075976291, 0.0, 0.11750172054701978, 0.0, 0.05823489185848018, 0.033310592958952355, 0.017419480684441498, 0.006694631367016706, 0.03788134337631679, 0.0026840084921958755, 0.0, 0.015632448530833006, 0.021595956297201634]}