{"B": [0.0, 0.0, 0.05819257487891521, 0.0, 0.562601024519156, 0.8594123697451478, 1.5006368665077026, 1.97125074592094, 2.2980519289031673, 3.0785649598928058, 3.7190308742873173, 4.432436385778163, 5.081556423872483, 5.565992095478779, 6.208414899575747, 6.37133537141948, 6.598109605658742, 6.859257159083137, 7.084872812580311, 7.826910575714724, 7.0056496887738335, 6.512180374340386, 5.85418298170396, 4.745758162166967, 4.53133603099036, 4.0263065116531225, 3.3205017979018034, 2.779871151050101, 2.1639136441967946, 1.3798305785909384, 0.7489457201429526, 0.6159203336539398, 0.16406779639619415, 0.30364859297994856, 0.3282452600549375, 0.028263093816828212, 0.333227219640514, 0.6126755809126326, 1.1905588974725676, 2.1956376750314686, 2.8560653757079013, 3.769874975231405, 4.991004539569098, 5.2305185457314245, 6.129743541947234, 6.894502403652514, 7.460281274090119, 7.559194155306115, 6.013245502386848, 7.9199211560077085, 8.061060486687925, 8.198621871787857, 8.059771234215287, 7.576470095220975, 7.0534967787168, 6.823293669111356, 6.23601410682494, 5.68495394862953, 5.368593970301219, 4.85151444363923, 4.642896612579796, 4.439630142449303, 3.972275046925706, 3.1125113556454522, 2.744071704519677, 2.3068202364233135, 1.7139274422551598, 1.8478114508069214, 0.6870236970594752, 0.3122514836739353, 0.46915226145715444, 0.1054281013646138, 0.0, 0.018978373906724275, 0.0, 0.0, 0.07509940656568811, 0.0, 0.0, 0.0, 0.20217671972406112, 0.32518467696955844, 0.2718523659926497, 0.37561227758756804, 0.39060935971323213, 0.2974327966245915, 0.3068555643808313, 0.2738296543353005, 0.15331139658947, 0.1812437347409491, 0.21739091802564114, 0.10266900038456994, 0.16452088243971089, 0.08743141367953562, 0.0, 0.0, 0.0, 0.0, 0.0, 0.0, 0.007799859680760028], "R": [1.1542318170171715, 0.8088117624192634, 0.6230497625871396, 0.3099497747799116, 0.3146037182181948, 0.0, 0.3971379599923304, 0.0, 0.0, 0.28860691595043503, 0.2011964215150633, 0.23268765536174207, 0.37086157749217924, 0.6401457415709357, 0.6851305610290498, 0.9429150897337799, 1.2471879025059407, 1.451919602281091, 1.472845864018532, 1.3268508692251804, 2.1028947042364465, 2.7716503531018866, 3.2118682015065194, 3.6401285338564335, 3.876197733484921, 4.088295927129972, 4.20502206503746, 4.438761917690102, 4.564065786258928, 4.621445610714862, 4.604072353451145, 4.361686138439898, 4.09529070321612, 3.406516790413106, 3.3953559636640778, 3.5837708229072236, 3.242859657865542, 3.568454237523891, 3.389990783575637, 3.396612257181625, 3.994620765513722, 3.7162838371742537, 3.4624944131769184, 3.630820602653177, 3.2866117922060134, 3.3104574231822204, 3.014751494531563, 3.0830306248915815, 3.0217160929329254, 3.435232877583467, 3.5554855655925106, 3.6264538459673963, 3.6154622597015145, 3.8504077672122996, 4.430895841456635, 4.9172016327860675, 5.183768516813391, 5.232579841062322, 6.009009226817181, 6.4180738628075495, 7.142214125640625, 8.159397175250438, 9.116381150379038, 10.561105026008667, 11.721656558496798, 14.569781580207602, 14.457532953825924, 14.033027055500913, 8.543565159464526, 9.445226483497464, 11.678897110974788, 11.15149656522739, 12.016968089507008, 11.613739883098935, 9.90349481769963, 8.605901349713202, 8.775231216794305, 8.90477589854238, 8.62691823799063, 8.356991553608784, 7.155286809836449, 7.049478036606065, 6.4428376339250155, 5.5774960172718675, 4.89214121652662, 4.494550369822458, 3.905354673765325, 3.2613407146083895, 3.0540787743119253, 2.51131159789661, 1.8835243636501133, 1.6126940679845936, 1.3763006977021885, 0.9705576983610673, 0.9561960614488775, 0.6203767504036273, 0.5017611345024946, 0.3566393139447714, 0.25587177891071505, 0.1781170055383216, 0.33282191763161467], "G": [8.293605470607053, 9.44504940788141, 9.889028213970375, 10.353285860385913, 9.962163672796416, 9.968278065716168, 8.66680777336513, 8.552629128866837, 7.959717834577343, 6.528462203448707, 5.821754333102659, 5.239527357360463, 4.278938031951654, 3.452536878513368, 2.4855926124064256, 2.162150473029798, 1.4173682865536594, 0.7364222334503356, 0.5054657447625481, 0.2813197248663302, 0.18985655891470615, 0.14468813676653436, 0.6725474269335348, 1.4318564816364459, 1.6518626773856318, 2.3069140406343887, 2.969109873811948, 3.87557894850839, 4.794814407701586, 6.178937083874719, 7.591282992732854, 8.205412450626087, 9.215309924956426, 10.181309765496831, 10.62107210152776, 11.034078533891206, 11.94894759150589, 11.765591031156942, 11.756199481075752, 11.67365796035048, 11.308116320083224, 10.651448651162957, 8.96517769163668, 7.9015318211713375, 6.747233803340624, 5.5160989962633815, 4.585358715078634, 3.8531096547437773, 2.32512908488251, 2.4060360024056737, 1.4247374440629663, 0.6474643144974708, 0.16301890492453422, 0.0323891108543925, 0.0, 0.0, 0.0, 0.0, 0.0, 0.0, 0.0, 0.0, 0.0, 0.19765269854120568, 0.28659478293788165, 0.4241842226350303, 0.7463417501681939, 0.5253038071650067, 0.1359916998775523, 0.3980417910115563, 0.31026712954001073, 0.3493649641920891, 0.2536271704865208, 0.6043992113077213, 0.257198542339111, 0.08721208058344347, 0.026867115382987132, 0.15032147991504893, 0.34091512212867087, 0.18706289811593843, 0.3676888799083152, 0.1374939794647669, 0.16060835029707882, 0.21070865289129226, 0.10022754834621414, 0.23093509375183663, 0.07737552130861688, 0.19816146559244827, 0.0014720880454821522, 0.0, 0.05117946873561157, 0.0, 0.07511210529802341, 0.05270877876027505, 0.04181283371615554, 0.018792496538018417, 0.037891718913191014, 0.010380990802887395, 0.010866520426276793, 0.0, 0.047924982618072175]}