{"B": [0.0, 8.027889785204726, 19.942119729938042, 26.114170371520494, 22.916506176572288, 9.528468152043361, 0.7364862280666382, 4.425410030596978, 16.155033178027374, 28.323949528171962, 28.668513056387297, 22.661697163260566, 13.617025153037703, 3.9160849283758794, 0.31763490377681525, 0.034185803133949755, 0.0], "R": [1.4318130325347067, 0.0, 0.0, 2.869935646808446, 10.168218937034196, 15.214683808701896, 14.044049091888917, 11.922139233816631, 7.965061590205817, 5.964255279168498, 10.693006375657001, 22.606684250491437, 36.95075133077038, 36.90095125318994, 32.107604534763546, 26.675801512878742, 32.50365909714977], "G": [32.07303415353846, 26.389894353973087, 13.7481462206433, 3.7800664483048996, 4.223312430026488, 16.78338988033145, 34.98927703835742, 42.835292550711486, 26.815292098641574, 10.331013566635772, 0.8821376188548423, 0.0, 0.46574243182261493, 1.1647482435311283, 1.4226685237145982, 1.918831919941112, 2.0036838958827463]}