{"B": [0.0, 0.0, 0.27682012844895654, 0.2846015244485931, 0.8839013920164588, 1.22744247458244, 1.4705176553137769, 2.1318126859673914, 2.834482143143938, 3.312942295761569, 4.049850514225955, 4.846169723806707, 5.5478759846562395, 5.888497219862028, 6.244014767725727, 6.696001870223594, 6.6283995329118275, 7.349136897991058, 7.0204768305174206, 6.9152083225471435, 6.878261131537153, 6.50719220219603, 6.008986316151246, 5.29336040622324, 4.630050207841978, 4.0349192221770345, 3.208479058766579, 2.3268762710652586, 1.9032503045788967, 1.5011888290726065, 0.8040947280913926, 0.73798357245521, 0.5192462827265858, 0.04787663193796116, 0.1403716250608472, 0.19299848306561249, 0.7499229531516651, 1.2184560923738692, 1.846879380108852, 2.4670951859489856, 3.8679363474135937, 4.119015962887964, 5.022475574308701, 5.947015581414909, 6.409725465116438, 6.658025621085676, 5.6247399064605865, 7.583421940678511, 7.8834626379593296, 8.250416468059656, 8.28664418222445, 7.9344182569440775, 7.81018721520573, 7.6796193655271825, 7.054246667321382, 6.4419423851584865, 6.110016528307504, 5.6477399208803725, 5.3182498291252776, 5.234622855144937, 4.756493976529143, 3.9671440453967284, 3.7407950120267848, 3.2424965269419297, 2.504821713410806, 2.479600763966813, 1.0014690814768414, 0.6123606840206113, 0.7143879401557393, 0.3214539696626288, 0.12702576764951715, 0.17273934519977424, 0.0, 0.0, 0.08564565244837245, 0.0, 0.0, 0.0, 0.1021606522696983, 0.25303992347805765, 0.20736565942054244, 0.3649258398330471, 0.3574387036581614, 0.24552734869857545, 0.29069313687614273, 0.19001770890625153, 0.10370938341864512, 0.10193419131606664, 0.24908924406742952, 0.08122951970420195, 0.14578300820942833, 0.06973470062193733, 0.0029021506835958176, 0.0, 0.0, 0.0, 0.0, 0.0, 0.009785429128336619, 0.03789379329609973, 0.0], "R": [0.6640598848119872, 0.42752328187150207, 0.36393027308729625, 0.14426068840372902, 0.28666152897080815, 0.0, 0.0, 0.19540736446236434, 0.0464539802357884, 0.10771903831200376, 0.16978519629234895, 0.25731395459378803, 0.2497812641867623, 0.42068891987915297, 0.6574194917875313, 0.8040470928990595, 1.0296890551662528, 0.9549261249762611, 1.384375471196926, 1.803676311633026, 2.0089455671924843, 2.3605836139187772, 3.017718338333041, 3.4040489572732815, 3.711433092204113, 3.9459988488458966, 4.252271939379637, 4.344448822847489, 4.403135229870915, 4.32078384468434, 4.06343567295546, 3.3344673402506517, 3.343960295409907, 3.5674944322179964, 3.1998365291176425, 3.460619974818385, 3.156125884267313, 3.325303899668686, 3.590229373116422, 3.408284282096565, 2.8596545228128742, 3.017913978371304, 2.68715216554184, 2.801245728988486, 2.414091814384708, 2.4033801784293227, 2.3082696530489573, 2.5837101975547925, 2.607827012758838, 2.66772342614153, 2.5894397643788882, 2.849769390786048, 3.3351523355521007, 3.682006921276396, 4.0020087143104615, 4.056668442099614, 4.810693107931111, 5.1516504772704295, 5.857929569691531, 6.757082854215599, 7.685947357232259, 8.961884675744962, 9.9213461923324, 12.596009600448616, 12.580081818572813, 12.31941677697995, 7.4933336332632114, 8.41721367782702, 10.471835576546173, 10.0449653987824, 10.862562623208857, 10.463356071643556, 9.061548350021997, 7.9026054396739225, 8.154878345934025, 8.367479200895156, 8.092034678683985, 7.960341970663739, 6.858256641707117, 6.796021604542982, 6.28456537281016, 5.480471303697536, 4.951302624425204, 4.669478082125717, 4.066746190798569, 3.546464746319673, 3.2969016103132898, 2.78452352781651, 2.1783311996435133, 1.8361356823749753, 1.6355394507133985, 1.2350218468604253, 1.2322297578847157, 0.7751168614224007, 0.6691039033737881, 0.49904944568639104, 0.36815526693506573, 0.3082632251137568, 0.2083001212836959, 0.1287941168412422, 0.24361117019958942], "G": [7.299115685834053, 8.092625891769266, 7.973351176170415, 8.279816480929327, 7.564042030711723, 7.490693383068258, 7.159223298161737, 6.159788059025185, 5.697916851216141, 5.33337593529636, 4.63597715745405, 3.8398743540362865, 3.0487956013442017, 2.731838981069835, 2.0043903798045326, 1.3670757704424028, 1.0566530504679794, 0.5964003165665874, 0.47338829277485145, 0.23437840908356808, 0.2880001592140509, 0.39996334115621596, 0.7160558403282336, 1.173909581812065, 1.433667400898278, 2.0502676089443543, 2.7416183358064856, 3.743943839466423, 4.597917294412249, 5.088836880491337, 6.212910380530787, 7.298855555070761, 7.693720090105306, 8.272735919814314, 9.191024101527518, 9.464079090256512, 9.666114915351928, 9.94893621640922, 9.88625358989518, 9.670561182215305, 8.518776687243648, 7.734261238288979, 6.832578473793306, 5.608344048477444, 5.0796630655614585, 4.3917421681620015, 2.720946107590567, 2.864513609610766, 1.9947731137251474, 1.1583560757925764, 0.6490950656393175, 0.45619213082481735, 0.03266938566102212, 0.0, 0.0, 0.0, 0.0, 0.0, 0.0, 0.0, 0.0, 0.1270468932012806, 0.1108066219845286, 0.251995652028511, 0.5041315425020692, 0.4506454904257515, 0.23032840899405033, 0.41523468110597095, 0.39477063956749325, 0.4127905852617725, 0.3871930788178971, 0.6546194699801955, 0.44553999171773245, 0.25560721960182586, 0.23962037250529014, 0.289843367531611, 0.43993527133406163, 0.2824734264013947, 0.4791035054045514, 0.3400810808926506, 0.3372838092951835, 0.29977436577048305, 0.19330007919889736, 0.2616758982152061, 0.18660533454018835, 0.29221567325809983, 0.15761094019736524, 0.13692518904962206, 0.11892605790958274, 0.09025155818209973, 0.092719464115084, 0.09418894129549521, 0.05237459282671716, 0.026450712612886333, 0.04680009782280753, 0.03323178869207047, 0.026024336717358463, 0.0, 0.04258974889354333, 0.0, 0.05325175562920923]}