{"B": [0.0, 7.915267882074864, 19.662023663150542, 25.747903913325572, 22.595178405600333, 9.394932571416696, 0.7262153107165819, 4.363329417013578, 15.928400612282505, 27.926685096737415, 28.26650089385573, 22.344033014231254, 13.42626178278202, 3.8613374225270016, 0.3133021382270386, 0.033783874408207466, 0.0], "R": [1.426136604340648, 0.0, 0.0, 2.8563490921926067, 10.123099919493935, 15.148505013064892, 13.983671205040222, 11.870947889611418, 7.930244457589908, 5.937259129430212, 10.64529454645009, 22.50753712501277, 36.789816624918586, 36.740714934798895, 31.96834789437538, 26.56013760195009, 32.36276512808616], "G": [32.034432094183636, 26.358331630104345, 13.731759690778034, 3.775873060213803, 4.218415153633307, 16.763121662363336, 34.94701854400379, 42.7837173380477, 26.783220470238337, 10.318945675828434, 0.8813466516834528, 0.0, 0.464888776771902, 1.1629394299382982, 1.420577910531761, 1.9162215530700626, 2.0009616091389293]}