{"B": [0.0, 7.762798184207415, 20.088713738494544, 26.425728085806508, 23.731441462503778, 10.174501678361322, 0.7655517834501375, 4.333935086000477, 16.497814217671138, 28.484345134809004, 29.398366919069687, 22.706516539005406, 14.92578061747442, 3.803555747600523, 0.6883330555704888, 0.0, 0.0], "R": [0.9570070187250308, 0.0, 0.25088863085212343, 2.589997560400203, 9.25314330663988, 14.625975447793246, 12.954320004956598, 11.74376556606719, 7.969249446975789, 6.620549705429614, 10.60587206635829, 20.847077201066977, 38.13297241396205, 35.800509665384496, 32.07951505429822, 27.422702441585507, 33.28056646978306], "G": [32.79405830582662, 26.225230138671076, 13.478966688589018, 3.2942556541486567, 4.003241088587987, 16.37392606943087, 34.408780325435416, 42.861919649913936, 27.22665674804743, 10.529675512061816, 0.20288159113505533, 0.0, 0.23619645894751345, 1.3703900806585272, 1.509016244737109, 2.0417927020233817, 2.337815105874371]}