{"B": [0.0, 0.04028912169317841, 0.0, 0.25728494949529895, 0.6072928603281224, 1.1268754163942425, 1.2823928253046628, 2.070021333377946, 2.616730230849129, 3.2663329897671702, 4.091203316103982, 4.755929880791518, 5.27147985145806, 5.965276937505791, 6.469104131517552, 6.895561431971263, 6.948936325374195, 7.278328145240589, 7.348271218059501, 7.159341586642939, 6.7819783300096965, 6.63871224754875, 5.710007797503536, 5.520311435227295, 4.380334524806694, 4.3178139957137445, 3.6564862905154, 2.5726147388755356, 2.0297922402615396, 1.556383965035419, 1.0720930458286775, 0.6307608847457811, 0.47115187463769587, 0.32942785660381096, 0.0, 0.19395555669369924, 0.36362699429786716, 1.0856234371261024, 1.6639541258363257, 2.419062235371793, 3.219873685477968, 4.315216888060692, 5.179217899712345, 5.506184179953497, 6.903363226651583, 7.055667083301881, 5.728780243162103, 7.238758443042523, 8.19462343669653, 8.085912064623344, 8.4504586408203, 8.595812011948485, 7.964238237942347, 7.806212635685447, 7.430890490006825, 6.706071573331741, 6.619452689853102, 5.757691252805554, 5.622970787739652, 5.262175725497165, 5.04865394274999, 4.01260901321914, 3.9876075531762436, 3.462856598128514, 2.9557887505655818, 2.509448101780506, 1.5946139810973101, 0.6312645466717606, 0.44165448130399765, 0.620505697293427, 0.3516394119631486, 0.0, 0.2309304530364432, 0.0, 0.0, 0.00519684294990858, 0.013239613452334261, 0.0, 0.016387792718635052, 0.15419961436054597, 0.36847455532697576, 0.32740093525779124, 0.45470289416693493, 0.2222479011738311, 0.4107702800983631, 0.13020530483056242, 0.24378527749107212, 0.05800993357069457, 0.2761311852684541, 0.12809031016049233, 0.15651411925146214, 0.1402241201858103, 0.06166735425789004, 0.0, 0.0, 0.0, 0.0, 0.0, 0.0, 0.0, 0.0], "R": [0.9090946291354788, 0.5362452732261022, 0.324130755772946, 0.19337115059243415, 0.19877320798758555, 0.0, 0.0, 0.0, 0.08777213024675964, 0.17298872588815084, 0.0135629185155476, 0.2574126192151834, 0.3901039134884152, 0.38379184847417047, 0.5526149910684898, 0.8079800955138484, 1.0843384989069087, 1.106790755966249, 1.445358240745252, 1.7804392670283942, 2.398954081348378, 2.6139159390991633, 3.2020770456261975, 3.4965218661787834, 4.2351040607617545, 3.983199128526549, 4.163698420111894, 4.859609364533655, 4.620556726945517, 4.587601188192668, 4.373506446347754, 3.803011020383663, 3.536262314692362, 3.619455276406402, 3.4616307309666903, 3.4575005059857884, 3.518095958040269, 3.3919453225499896, 3.663016252616876, 3.725036557800513, 3.517564174030252, 3.2951003730160653, 2.817813221929778, 3.2757913471131737, 2.6911369984343767, 2.473738282472381, 2.6683565060125987, 2.949559832744394, 2.774456683250477, 2.8718700926115597, 2.9512664524242767, 2.954031500693112, 3.448278212273241, 3.8902813858263072, 4.355039649514806, 4.486220473251359, 4.706958063600622, 5.592047480183048, 5.99937839449143, 7.191947773556661, 7.742282064312813, 9.324319388591524, 10.450083014153066, 12.686324478598266, 13.83353285761414, 14.364676026182968, 10.897750909982582, 8.234462516342832, 10.281133943406891, 11.411240843100213, 11.170969754687164, 11.89360927537315, 10.742632116896125, 9.222229238597254, 8.51504018405426, 9.356220955651212, 8.81494571157009, 8.916691070693041, 7.985078654380726, 7.380868656202118, 7.292102113227683, 6.113508715582403, 5.750362875707527, 5.0895231235926115, 4.6722042177285426, 4.108616748267272, 3.588998269239648, 3.12044283835647, 2.6195037600399895, 2.1599090276225894, 1.7420966816755685, 1.5328101964268352, 1.2665593305791925, 1.028567221241345, 0.7436519104822072, 0.5968154682309692, 0.4044470919154511, 0.35534170057491643, 0.27082938754408986, 0.1619139648583981, 0.3221974730640018], "G": [8.91728997151165, 9.918729593898837, 10.231317235475716, 10.212515875144266, 9.906342059989505, 9.324802862076668, 9.148586967831726, 8.036242631902809, 7.315066664644631, 6.6575408486114, 5.974077621420064, 5.002677543558268, 4.080748378749736, 3.2498330517468514, 2.946606273267892, 1.7453631301542938, 1.2312242229402068, 0.7238141946502988, 0.5871613774971018, 0.2502261397616387, 0.5289661158604233, 0.23948041776682114, 1.0642717935095052, 1.203632980222922, 1.915377296030965, 2.465822396201259, 3.4275530161296635, 4.079953351019376, 5.648302466339412, 6.462941734841621, 7.570713218294469, 8.921464084953321, 9.359123915149702, 10.182635020591707, 11.441746404741778, 12.067880703976838, 11.698573908297762, 12.278316700611933, 12.281261701979545, 12.177787753171998, 10.978714744482545, 10.075426073526794, 8.874448066719395, 7.252047229745627, 6.338241212349458, 5.557688863220167, 4.182195395831412, 3.2338732950875935, 2.7903462456020467, 1.7424516554539193, 1.1198001839798564, 0.4147633218115051, 0.23916659233575535, 0.0, 0.0, 0.0, 0.0, 0.0, 0.0, 0.0, 0.0, 0.19685662443857987, 0.08358662568174721, 0.21576991224170614, 0.43716399932166694, 0.7011630315929749, 0.5425716978991885, 0.47651006141906577, 0.5504041676204684, 0.3134371758847778, 0.5130018536267169, 0.6426868374906849, 0.5367513981963413, 0.49459408243767683, 0.10361166734634884, 0.43580082644312357, 0.4548118122138062, 0.4284775193507324, 0.5871453307216904, 0.36784395913737433, 0.3641560981502208, 0.3748475315938651, 0.3602174967436138, 0.2960497681153944, 0.3183356813355536, 0.2738703335299747, 0.1865571769470343, 0.27736574551182486, 0.025765064352484615, 0.2036866755986108, 0.06576328588133915, 0.0879710161448608, 0.0320705299234788, 0.04142649729425651, 0.03580256861854325, 0.03630475883816101, 0.05508457156739028, 0.0, 0.02389099404943543, 0.004868776986293176, 0.042161293631413355]}