{"B": [0.0, 0.0, 0.058065427431833495, 0.0, 0.598370566785916, 0.9119925647575805, 1.603927817011891, 2.108052448270682, 2.459571803875194, 3.2947660249282427, 3.9818558052773234, 4.746341788384684, 5.442992936923984, 5.963985220525066, 6.6537944826119295, 6.829042332796069, 7.073468849373576, 7.354758845504528, 7.596738692752158, 8.393322966715289, 7.513386914807864, 6.984884919672344, 6.279455929729157, 5.09036348252654, 4.860655478841871, 4.318798938232522, 3.561672674134644, 2.9816350058512096, 2.3206618459795, 1.4790775137212029, 0.8021317796246941, 0.6596484814703292, 0.17395545085426584, 0.3229105131766564, 0.34840906685058676, 0.026036898640753692, 0.35176376203897636, 0.6502159535442837, 1.2684905756387417, 2.344974103508113, 3.053067914804994, 4.032747077449591, 5.34292342887075, 5.600127464796679, 6.565503448546673, 7.386459215694021, 7.993794632144392, 8.100845597224714, 6.44553860366223, 8.490773957570871, 8.64370584347963, 8.7924333105848, 8.644690187444482, 8.127001442933405, 7.57650802079441, 7.329948126601944, 6.698800633050738, 6.106917018476347, 5.767360422059126, 5.211840680571617, 4.9877891578762865, 4.76972059947304, 4.267426862089823, 3.341871172662588, 2.9470651540266517, 2.4783954153684133, 1.8416526408456342, 1.9845653376236443, 0.7383332188749026, 0.3363800757521611, 0.50479079833825, 0.11422754260548275, 0.0, 0.02079152055502973, 0.0, 0.0, 0.08098907440123183, 0.0, 0.0, 0.0, 0.21677678380289517, 0.3491106221890978, 0.2915087632322123, 0.40283458409824713, 0.4193590712693474, 0.3190255789476258, 0.32934706302427436, 0.2936053241474034, 0.1647520783369317, 0.1945802157921083, 0.23327997792463376, 0.11023734502996602, 0.17642977636811147, 0.09377553733658658, 0.0, 0.0, 0.0, 0.0, 0.0, 0.0, 0.008348248932498388], "G": [6.592805332290918, 7.508325069424726, 7.863742991519225, 8.230697588122776, 7.923597132728936, 7.928413124005166, 6.896600737737025, 6.806413168442258, 6.336227965690919, 5.2015942919999665, 4.641170391478402, 4.1804666111158095, 3.418149198974011, 2.7614197979527173, 1.9937296755327008, 1.7366316304119827, 1.1442397502440893, 0.6027513065731155, 0.4196597692896488, 0.2427140440052013, 0.1672936493382198, 0.12959736459554197, 0.5473325734639597, 1.1483689097119174, 1.3225299711728267, 1.8420702903691473, 2.3668818250865153, 3.0862087618552874, 3.8156441406280983, 4.91446351079951, 6.035848199289336, 6.523658514491486, 7.326130007053479, 8.095002650862028, 8.445229943249103, 8.773256472646988, 9.502118368514237, 9.35776261116237, 9.352727479647728, 9.290497142121762, 9.00147299726114, 8.482028599492441, 7.144344004374265, 6.299172877918097, 5.383219361460151, 4.405890399217223, 3.6670718039119934, 3.0845680720185715, 1.8644110545924486, 1.932938160133074, 1.1522039647945537, 0.53384578425362, 0.14759573688518085, 0.04208898234937637, 0.0, 0.0, 0.0, 0.0, 0.0, 0.0, 0.0, 0.0, 0.0, 0.15984235238759892, 0.22916460056807092, 0.33676581029409147, 0.5920749219105703, 0.41724925881269037, 0.10704386366591538, 0.31431094724196895, 0.24442184775496628, 0.2750079161837182, 0.19890968748265275, 0.4778773045313359, 0.20222193083999068, 0.06734254789723466, 0.019571639387825097, 0.11759094243844923, 0.26909675034449454, 0.14691602840169846, 0.2913923777077306, 0.10845412604226029, 0.12708419643235985, 0.16728112719760982, 0.07935398032953063, 0.1833520487281829, 0.061287696922533996, 0.1575609138385531, 0.0007117508322493102, 0.0, 0.0407134192833783, 0.0, 0.05984461583912756, 0.0419136013880105, 0.03301767697641408, 0.014756839677871107, 0.029983511741350496, 0.008151924849005628, 0.008580844809743016, 0.0, 0.0380638071943309], "R": [1.0268170985038987, 0.7152319902914985, 0.5497082216451932, 0.266051328990767, 0.27459030195927736, 0.0, 0.3534146457742583, 0.0, 0.0, 0.26429242002991016, 0.1888039834669859, 0.22040758474465086, 0.34760719471877793, 0.5914844645834592, 0.6349709012059331, 0.86719086310396, 1.141664097522437, 1.326754255160079, 1.3466059561405028, 1.2181000743092876, 1.9119851754214043, 2.5105996274376245, 2.902976950138034, 3.283008520918744, 3.4939040460601873, 3.6820060039843723, 3.783680476690504, 3.9907864381912317, 4.100286614139586, 4.147755314421518, 4.128493094135084, 3.909595977355553, 3.668037359069083, 3.049141195394976, 3.0389797775569836, 3.206828431013807, 2.9011971488635035, 3.1951931125737856, 3.0374031517680065, 3.047345270197348, 3.5871406797828165, 3.3411391064677525, 3.119070729251255, 3.2721512185326276, 2.9671301968174575, 2.9923184353464016, 2.729623431248448, 2.791802851084453, 2.7323998913120158, 3.110030666716356, 3.219058148932518, 3.2837706766717853, 3.2736313342607577, 3.4829126793040683, 4.004767866030958, 4.439932160783257, 4.6773044878315035, 4.719020349435453, 5.41469668174067, 5.7800929459444, 6.429412617549041, 7.341661941439599, 8.19932330967983, 9.492599503103227, 10.53328680866394, 13.0890073247843, 12.986102309682853, 12.605831230078092, 7.673408581725584, 8.481465974303886, 10.48776285539304, 10.013087501143492, 10.790591414181796, 10.42786245284932, 8.892767272603644, 7.727793371356183, 7.879791344482758, 7.996025455885276, 7.74633021732718, 7.5040773926881705, 6.42541079389753, 6.330945417272566, 5.7861404008504955, 5.009397209767419, 4.39399366300485, 4.03666133054726, 3.507723529575299, 2.9292863476077895, 2.7428402493266373, 2.255453007405583, 1.6919847195586852, 1.4483196480508662, 1.236332044034552, 0.8717512136509704, 0.8585905268959052, 0.557086960765363, 0.4505420149798524, 0.3202535283980473, 0.22975637706661575, 0.15991206329837046, 0.29883466264283337]}