{"B": [0.0, 7.445304876097665, 19.915265444516184, 26.69269508467731, 23.889102341859218, 10.683406161646088, 1.246539440935809, 4.462549181171438, 17.407341867873228, 27.544160657053354, 30.327250737756277, 23.922090272482947, 16.274711248408458, 4.086841788608472, 0.8137868976062205, 0.0, 0.0], "R": [1.15517479224823, 0.0, 0.21865417812506233, 2.448582736942153, 8.332442565197189, 14.012995755592192, 12.394485320553464, 11.548582531964287, 8.7162467693079, 6.919774989297936, 9.793127048383528, 18.480890738710162, 38.30758646750804, 33.875809577797206, 32.77863634238686, 28.064641915659482, 34.42014809034845], "G": [33.17880851422718, 26.800278344790915, 13.97430346308402, 3.7203124825163667, 4.034192285856838, 16.19713082792894, 33.62050201654307, 42.42143697642487, 28.930983138682272, 10.634146720872137, 0.5868291833088186, 0.0, 0.452192357481752, 1.2243216166057493, 1.5516841626539204, 1.7714916184106304, 2.42997520072297]}