{"B": [0.0, 7.658581657952777, 20.088594926947025, 26.844089157369716, 24.320177491939326, 11.132274937670205, 1.4454325804778203, 4.621478942209746, 18.194999375934326, 27.280948602995803, 30.677921003061137, 24.39988516029688, 16.878644135804045, 4.564937336982021, 0.7496788761112277, 0.0, 0.0], "G": [33.13587217534772, 26.905103563266387, 14.076713126981163, 3.7152807613612198, 3.8611388696471245, 16.177278478430935, 33.40280772071776, 41.93332170092467, 29.268257917903117, 11.031516741259548, 0.5682491925631213, 0.0, 0.4574206839582544, 1.2535939136715, 1.503298564443349, 1.6877213621919283, 2.4904607523763778], "R": [1.272543811017179, 0.0, 0.15891105007926765, 2.4565710847890894, 7.9767561547627395, 13.661527917164339, 12.32992368921818, 11.687958976514505, 8.722636760572009, 7.073838648322914, 9.572754055542543, 17.82306024908841, 37.58824906539433, 33.38836872110676, 33.394014558443125, 28.314105844473442, 34.739027028740246]}