{"B": [0.5261336170618868, 8.877834530389523, 20.93292570883189, 26.542562790834488, 21.616451659549636, 8.05076774083097, 0.0, 4.878424847186851, 18.384722860287297, 28.2898417128091, 28.618516112925903, 20.587381628838752, 11.847263647014591, 1.6759471065110554, 0.0, 0.1643225405813271], "G": [33.10696430610275, 25.829087601899662, 12.604461463841853, 2.5147945869945243, 4.055816136743634, 16.963663807277495, 34.47299068568997, 42.17474274954553, 27.290012003955827, 9.407695367612973, 0.0, 0.0, 1.0211043088779708, 2.0353537591051696, 1.9609818382440658, 2.382733151574247], "R": [0.9010125437637613, 0.0, 1.586615006282126, 5.186565201848901, 12.186524470656861, 16.79769485651914, 13.481858644258034, 12.182228301279237, 9.176238102593153, 9.109649155943568, 13.592614302955333, 23.278561253330608, 42.84709374636598, 35.76325037791154, 32.43847525247361, 26.809065197715583]}