{"B": [0.0, 0.0, 0.2946475477797197, 0.30293242751899485, 0.9409230204884553, 1.3065483052367663, 1.5653884724401295, 2.269402844883139, 3.017436542791841, 3.526783188912962, 4.311273567145194, 5.1590104069147324, 5.9060241319374995, 6.268634584537195, 6.647112704295284, 7.128280575577091, 7.056317478618082, 7.823594689138852, 7.473710453939926, 7.361645466214936, 7.3223124839278, 6.9272829822762, 6.396906160828716, 5.635076293440617, 4.928942853861194, 4.295378626335377, 3.4155830402224425, 2.477066297192791, 2.0260785538155925, 1.598071500659753, 0.8559606745052645, 0.7855766827840382, 0.5527126368543828, 0.05091026542513165, 0.14936942007786425, 0.20539157789331047, 0.7982613098919193, 1.2970419596204659, 1.9660310970595405, 2.6262946972897363, 4.117573519276746, 4.384873419518996, 5.346674863858052, 6.330906109205228, 6.8234885129552225, 7.08782153567934, 5.987839150808792, 8.072973975905686, 8.392395034644736, 8.783047516244045, 8.821623401673447, 8.446651358683829, 8.31440347661869, 8.175440980660643, 7.509688123621982, 6.857851263515681, 6.504494174411181, 6.012366343802403, 5.661603212869084, 5.572572335485126, 5.063568371048804, 4.223212809753994, 3.9822550183753616, 3.451780021654013, 2.6664815811113227, 2.6396295884581424, 1.0660929847989988, 0.6518596347142359, 0.7604750902501595, 0.34217883218257333, 0.1351959518405405, 0.1838584080987466, 0.0, 0.0, 0.09115879568165186, 0.0, 0.0, 0.0, 0.10874081311287728, 0.26937454131035354, 0.2207480602590217, 0.3884764402703583, 0.38051440930851577, 0.26136651163855107, 0.30946056594895116, 0.20227831355864964, 0.11040400238173369, 0.10852092392553613, 0.2651674933197955, 0.08647707944549725, 0.15519187156948122, 0.07423623112813021, 0.0030900423382603385, 0.0, 0.0, 0.0, 0.0, 0.0, 0.01041548198854826, 0.04034070496928154, 0.0], "R": [0.6670830899393112, 0.4292672919482882, 0.36542023445543803, 0.14458879643616832, 0.2878893522359922, 0.0, 0.0, 0.19647952348925335, 0.04691100967530379, 0.10860947485288405, 0.17117685519789833, 0.2593585697485975, 0.25196476307178145, 0.4238476518088147, 0.6619214103283731, 0.8094372753931067, 1.0362622922491282, 0.9612705163807812, 1.3929069475427243, 1.814391089685623, 2.0207214234012048, 2.37411713138792, 3.034567478006427, 3.422750207395963, 3.7315963222385284, 3.9672392897284467, 4.274909329385647, 4.367337845154244, 4.426204101572411, 4.343312183796415, 4.084427520264234, 3.3515813894598296, 3.361060180555995, 3.5856367611749955, 3.216027507385701, 3.478166752708098, 3.1721828928928417, 3.342313998655497, 3.6087481855306556, 3.425982255738304, 2.87482517843316, 3.0339995900420726, 2.701731283745455, 2.81666777665196, 2.4276152805571867, 2.4169361637235403, 2.321228931363362, 2.5984699632999426, 2.6228183935802614, 2.6831438059482684, 2.604486880796679, 2.8661232746146132, 3.354040561602316, 3.7026978475547976, 4.024251478183653, 4.079078652700931, 4.8369738189931315, 5.179625037459539, 5.889525354928506, 6.793357383865206, 7.726980076571395, 9.00940273620547, 9.973826590951058, 12.662340937864826, 12.64617360127405, 12.384147934673077, 7.532611384440693, 8.461225542638164, 10.526584838907393, 10.09740977991784, 10.919236929141226, 10.51794155954881, 9.108788849008508, 7.943810779866491, 8.19742240958115, 8.411107478542732, 8.134217025783435, 8.001846469166798, 6.894026202183904, 6.83149790487201, 6.317366133649741, 5.509112557291541, 4.977184860552619, 4.693870601818069, 4.088001634196685, 3.5649839383187047, 3.3141086520898195, 2.7990552686722454, 2.1897350158879565, 1.8457213599257658, 1.6440934408715837, 1.2414709751671267, 1.2386538413347858, 0.7791581479782613, 0.6725911708153381, 0.5016504816995008, 0.3700741122232149, 0.30987133085738533, 0.20938652209597242, 0.12947299916595761, 0.24487848192957765], "G": [7.4769639875196, 8.2898060339699, 8.167649936229816, 8.481580090741472, 7.748370752822846, 7.673178660502152, 7.333618552357923, 6.3099099534421015, 5.836790109707976, 5.463372845251511, 4.748984780958501, 3.9334865889802617, 3.1231358222999757, 2.7984607627479416, 2.05328504711384, 1.4004462668276703, 1.082455558057358, 0.6109885845720848, 0.4849810928099286, 0.24014558506314967, 0.29507349956094886, 0.4097659187817269, 0.7335621108746093, 1.2025689103814283, 1.4686504334865886, 2.100277569177574, 2.8084697121306577, 3.83520898391611, 4.709993283838765, 5.212864261343123, 6.3643268411733, 7.47673200367429, 7.881219510592766, 8.474339821421646, 9.415005780816797, 9.694715051199353, 9.901682642604898, 10.191401440294996, 10.127198069345383, 9.906250777330287, 8.72641528274769, 7.9227820019535615, 6.999128928758786, 5.7450718330962625, 5.203511457603123, 4.498828548909901, 2.7873077826355113, 2.934388011126157, 2.043452265368638, 1.1866540953357958, 0.6649779661439985, 0.4673746336846577, 0.03352765281753634, 0.0, 0.0, 0.0, 0.0, 0.0, 0.0, 0.0, 0.0, 0.13020566870064337, 0.1135645057208497, 0.25819594130574336, 0.5164699514914092, 0.46168256586543766, 0.23597079850936223, 0.4253844201583827, 0.40442353394306557, 0.42287602472297775, 0.3966557717219239, 0.670599582818036, 0.4564047244282534, 0.261844168807869, 0.24547780914503362, 0.29691549655185967, 0.45066290989025204, 0.2893641273029268, 0.49079382558818746, 0.34837711808331845, 0.34551363128448176, 0.30709190347542425, 0.1980181583508535, 0.2680647072781984, 0.19115872008417503, 0.2993451907406276, 0.16145584532466165, 0.14026257510967804, 0.12182920775680774, 0.09245113272569525, 0.09498334416033925, 0.0964864967040106, 0.05365207097465724, 0.02709566983861938, 0.04794083842330986, 0.034041868038904056, 0.026658840572401296, 0.0, 0.04362885075768069, 0.0, 0.054549324202234926]}