{"B": [0.0, 0.0, 0.01943565190791515, 0.20486653400757815, 0.4172832824312118, 0.8925370521861142, 1.4456192165865223, 2.0010761476705823, 2.470557081550117, 3.2403283620565944, 3.83372013053748, 4.7508948687317005, 5.333868577726439, 5.900877037355493, 6.549205419225491, 6.732052381438893, 7.088867086975734, 7.539253153828141, 7.360529775876382, 8.20636826227983, 7.605531393373401, 7.108670976820632, 6.485710462102289, 5.030554838282226, 4.860858975645425, 4.5782879357794455, 3.3168390514069985, 3.1063865144257834, 2.4174938936632393, 1.6516825420382222, 0.8476329995467647, 0.8400053835696288, 0.30175645432953735, 0.11970348712480608, 0.3514851248279328, 0.18033742580582923, 0.29790570320012955, 0.7885684356660287, 1.043094995297745, 2.228666926988878, 3.1704747178552566, 3.9941872710322928, 5.032593727743929, 5.6970069912939625, 6.4971445716618605, 7.126838738111012, 8.047237573985836, 8.587432921450349, 5.846976317307803, 8.57911225011649, 8.47748695593727, 8.894020845454227, 8.632320302877392, 8.160249196512057, 7.7280022291107295, 7.1391585011317895, 6.893027624523306, 6.128718058788825, 5.946936621574777, 5.187769629643211, 5.101402109538027, 4.834445913857009, 4.36499542493344, 3.391884637009459, 3.1734093696355172, 2.549089272591326, 2.1100139619604055, 2.0258096946388937, 0.9932191176458447, 0.4337825866482543, 0.46503491529453084, 0.2540527631144261, 0.28029556423052165, 0.0, 0.0, 0.0, 0.002692149801259636, 0.0, 0.11697856738179481, 0.0, 0.33035478074758684, 0.41641113998402335, 0.28480208758715775, 0.48130051087379866, 0.38045095921182354, 0.3136320883411297, 0.383831127700747, 0.20191885113545327, 0.25047259216624573, 0.1995103209492479, 0.23678823003471752, 0.09856474775795436, 0.22338006055653148, 0.12843555975702264, 0.0, 0.0, 0.0, 0.0, 0.0, 0.0, 0.0075338389727532306], "R": [1.1199474151218212, 0.7853380429972465, 0.7307709187969029, 0.3350976544077428, 0.336308030133934, 0.036037254169503, 0.29494095443273144, 0.0, 0.0, 0.15205603709549165, 0.25688946928098444, 0.15481363676266247, 0.26022617754979654, 0.6859103644457498, 0.7076832380054789, 0.8726435864359612, 1.1555508516486854, 1.2321400902898196, 1.7219439480324585, 1.1587282662425893, 2.035916708272154, 2.5761494619810685, 3.073621995678842, 3.3970971365156784, 3.7471423549009417, 3.8400526967176885, 4.081588457567317, 4.193482943871164, 4.264948808170671, 4.415778732619034, 4.4261676432108, 4.219830138626598, 3.8260107313260487, 3.4806202234317083, 3.0823416611097683, 3.398039719614728, 3.1296155665631065, 3.3078826564871324, 3.200937524545434, 3.1413391141312434, 3.5332915194494023, 3.727769130971728, 3.3510959520195223, 3.5064680525799328, 3.0834617070761956, 3.186772796201622, 3.0893443989268685, 2.92617077828199, 2.7587615149183335, 3.405337193967085, 3.4765130822623616, 3.4001135978104795, 3.5435863816495683, 3.667168954928648, 4.136089294346357, 4.634296581723689, 4.962585803841466, 4.966774520518004, 5.602780655637502, 6.093668941790888, 6.680639786016121, 7.580308398378679, 8.557024641377767, 9.715123408619426, 10.823117036146686, 13.585974531470969, 13.945203749509524, 13.738372700295972, 9.200207065284927, 8.465821201385003, 10.6696268622296, 10.98350358348393, 10.703593616920678, 11.449631730368921, 9.966028847653588, 8.415594722194372, 8.048437002633342, 8.821607092257755, 7.974138909267945, 8.250594913476638, 6.85890737005336, 6.734562422195877, 6.458006856506882, 5.145931953654215, 4.834552613736713, 4.361802251220706, 3.839524683976765, 3.163791530611533, 2.868922890349835, 2.4544505198044955, 1.8891350799632216, 1.6228821384526262, 1.264144195854764, 0.9834216309273758, 0.8673332220114461, 0.6122545434758347, 0.4974615748659046, 0.3237400205966478, 0.24016145198468944, 0.18646726147032427, 0.316077847734884], "G": [8.243832043294901, 9.257249069120272, 9.759134451536774, 10.163879851169066, 9.889339977641033, 10.044338260669752, 9.051408951906728, 8.440634691476925, 8.156369846383988, 6.693282273410261, 5.9876338870118, 5.3906442759724715, 4.413393787437476, 3.395319157316278, 2.7061681943588285, 2.0576545429339004, 1.672942284951296, 0.7730978626157196, 0.6050566885418824, 0.3050362180502258, 0.2527858128609846, 0.1378683557280671, 0.5856607735325333, 1.4698619153403678, 1.6241932148006804, 2.065270589733049, 3.2483924746553363, 3.8018582775230607, 4.799046380687988, 5.896825539076213, 7.29806065716427, 7.9792343372375205, 9.282285167794964, 10.045748247891716, 10.385972838049797, 10.886358396245983, 12.070368058365087, 11.655689451174597, 11.7636966598623, 11.663026079958623, 11.164538658802394, 10.754413965104245, 9.190116756710704, 8.203920370532352, 7.205879666554127, 5.617213112403479, 4.564211361804988, 3.9528512085509537, 2.584046426519956, 2.4372321948090243, 1.627407798183108, 0.7630258608089863, 0.33234030526160974, 0.09438451768160419, 0.0, 0.0, 0.0, 0.0, 0.0, 0.0, 0.0, 0.0, 0.0, 0.2667450270777594, 0.177128903723883, 0.43061472093298636, 0.805016787020565, 0.5146180470141312, 0.2347699791826103, 0.2908736676000054, 0.3354371070462203, 0.20996637733679105, 0.40153146765107606, 0.37394694128608097, 0.29640422552998197, 0.2110866983547025, 0.014836443013092457, 0.19125703553278886, 0.2312191604707498, 0.20716168707270502, 0.31739266638785696, 0.17827790892696554, 0.08707194102372505, 0.24102192897604832, 0.15118492965754932, 0.12290047524269128, 0.12513918851236744, 0.22910481296801588, 0.0, 0.05763329781593655, 0.0, 0.018008128688211965, 0.0042448200086685085, 0.06608482129582813, 0.012437508800903593, 0.05060901102708699, 0.018259072041589098, 0.0421786426114776, 0.0, 0.0, 0.052501561233784265]}