{"B": [0.0, 7.832783650796119, 19.823636140379556, 26.595647561662087, 23.259021773184035, 10.010833087797854, 0.9175325395681917, 4.351450736701782, 16.079007930638753, 28.188103476468527, 29.06232698292737, 22.852031104427954, 14.013566547842139, 4.035275164930626, 0.3725113484353201, 0.0, 0.0], "G": [32.342842914367914, 26.490298700633907, 13.940863450928953, 3.7868450023753306, 4.203004255691273, 16.51725465037226, 34.56423687766334, 42.98459377178325, 27.103520336700495, 10.680529561236947, 0.6893314050855234, 0.0, 0.24188809384414586, 1.1506402472304684, 1.3811473912746017, 1.8386774141024682, 2.134191561907349], "R": [1.2492438126910514, 0.0, 0.011414304903255464, 2.573785443506285, 9.943864048832044, 14.829446474276995, 13.782570690050424, 11.742350108657478, 8.089044212338516, 6.158681619762139, 10.609201030295472, 21.99992135823018, 37.20870615160686, 36.73032923330902, 32.10202647761567, 26.86189466116656, 32.55145935822865]}