{"B": [0.0, 7.381045814970484, 19.360590760032512, 25.871262681711688, 23.438812231506738, 10.72883566708866, 1.3930470177033907, 4.453997711198573, 17.53561834176976, 26.29229083034441, 29.56615187237285, 23.51562301807655, 16.2669434228231, 4.3994895244764125, 0.7224993586612808, 0.0, 0.0], "R": [1.2680641078783152, 0.0, 0.15851580930341852, 2.4483254179894343, 7.94940880363843, 13.614377478697238, 12.287240197330668, 11.64750216365958, 8.69258736257609, 7.0496199317030825, 9.53995863853777, 17.761693897952124, 37.458499089954515, 33.273013711373004, 33.278601320037396, 28.216237742003198, 34.61894923141001], "G": [33.10974864851894, 26.883882024328592, 14.065600476294398, 3.71233626487399, 3.8580857257646124, 16.164526489409713, 33.376478222974825, 41.90026171099767, 29.245171962364502, 11.022804874823546, 0.5677886348815652, 0.0, 0.45707272037635993, 1.2526207553416153, 1.5021282983494886, 1.686397877886363, 2.4885060096538685]}