{"B": [1.226072257600219, 9.977184773359381, 19.560825631719506, 24.66071425812534, 20.493942178490034, 6.2404683095331945, 0.0, 6.228079403488843, 17.82527846160651, 26.171982309830575, 24.517581280660277, 19.784235195142195, 6.850053365761754, 2.461620009031505, 0.21382428077348234, 0.3433416156937537, 0.0], "R": [1.972812450998603, 0.0, 0.16964001302124623, 4.758164887836888, 13.79174336486211, 18.66785608899644, 17.599661341114338, 10.578755529345264, 5.268140113722335, 6.627569994625916, 15.218784325229906, 35.1471910350168, 33.22776195279657, 34.25064382294508, 31.145493111237794, 22.600573613625645, 26.272950445722294], "G": [29.960645160344466, 24.319427487794133, 13.013593250713274, 3.3223425956269264, 5.977447954049946, 18.60926072050239, 38.15084689467547, 39.309326646713814, 22.6965763039721, 7.619158096676118, 1.5676546973607726, 0.0, 0.0, 0.6126836077006022, 1.6146621075201542, 1.6178464609936716, 0.7554623080892084]}