{"B": [2.5213599597548626, 12.312895848576366, 20.937820084811886, 24.259993052057585, 14.1941425595302, 1.9087948159455577, 0.0, 10.00284728042746, 21.967454697454517, 23.736300161769357, 21.815191553349173, 9.89952621142336, 3.924813299654385, 0.6248430932319624, 0.44104947205670625, 0.0, 0.0], "R": [2.2034682248173523, 0.0, 1.7113612213090774, 9.371796993150019, 18.797868781301894, 24.520539916941487, 16.08635991565006, 6.229247294146086, 4.036079994359911, 10.528150108547381, 28.305374017394808, 32.0105086916063, 33.48537620186076, 31.55858986770832, 25.47164960790038, 17.949240298409997, 19.439507515076627], "G": [30.12918482965751, 21.30385230695798, 8.976458667421497, 1.2808531320208776, 8.218023665209762, 24.75469403579874, 40.747942921138545, 32.152966538652954, 15.45696062004221, 4.497428414447431, 0.0, 0.0, 0.6474095972692326, 1.8182879138598584, 1.7816234126349266, 0.639845891625674, 0.0]}