{"B": [0.0, 0.0, 0.0, 0.03765298287278409, 0.5050189783792819, 1.0095086546685328, 1.719880048877982, 1.8977827461656036, 2.5918977276367627, 3.2173389662954044, 4.12151824959285, 4.881399798327254, 5.620778889672823, 6.053194227178878, 6.755822027112245, 7.025557196479386, 7.4860338247649105, 7.40626215042099, 8.188779312319722, 8.366972019668811, 7.6680031209384305, 7.13332628727406, 6.278030804272316, 5.249886615879536, 5.108327623087911, 4.277001733675713, 4.033173595220238, 3.173571965510981, 2.206198408649904, 1.5672187457998912, 1.0563808337126332, 0.680792904452907, 0.3963161314485965, 0.17714812135373034, 0.20739932961682858, 0.0687868348277261, 0.4546908472657097, 0.7364916357672114, 1.3240227041143937, 2.5119337198298846, 3.2100144585889083, 4.048649464432251, 5.5196215472436325, 5.90197412723075, 6.605528166700859, 7.888774204384274, 7.9626528780224, 7.499534782220149, 7.248800702324372, 8.95495413031336, 8.571439046276314, 9.040990650397513, 8.853475517510788, 8.48702671214756, 7.6583379238530584, 7.741298523923554, 6.723216340772205, 6.547347604830746, 5.8222215690375165, 5.558595693008582, 5.052405680856363, 5.143271881985407, 4.210763104257557, 3.8220282157536944, 3.0382175916658833, 2.667161294894985, 2.3428420914035653, 1.6798252565933964, 0.6662061610246661, 0.3515969360038122, 0.6013577794817381, 0.32835466728288365, 0.0, 0.16730108439978086, 0.0, 0.0, 0.1810526293760004, 0.04779797072334209, 0.0, 0.07094189642155456, 0.19611436903119225, 0.5188250867201885, 0.34915347254777107, 0.42152603590270843, 0.3928972325284285, 0.5026553558401461, 0.22085339392722023, 0.276865087402866, 0.17500154653178432, 0.2513936880526907, 0.16660497066984117, 0.1031220978757085, 0.19368828621624204, 0.04848918589703168, 0.0, 0.0, 0.0, 0.0, 0.0, 0.0, 0.017165269401597964], "G": [6.672866640389635, 7.406522775380338, 7.892384864381541, 8.13551364251233, 7.968817056038477, 7.789420880746873, 6.760063493447377, 6.957092018747603, 6.0495980782218775, 5.287047042650385, 4.648222796921013, 4.07108765985463, 3.4694039132620054, 2.706619061103503, 2.0048379474878146, 1.8316520300636234, 0.8890076535297106, 0.7560072917528037, 0.4158431778291402, 0.22647140272860108, 0.15838494961952623, 0.26167269089154194, 0.480934168850198, 1.1575014141515603, 1.264121436628036, 1.9400464040369825, 2.32972255757622, 2.9780895154274982, 3.9111228568353655, 4.9056832447098255, 5.840932274501496, 6.694328831440646, 7.264437056602561, 7.938971587242546, 8.417329209578526, 8.917480062657972, 9.539327492098508, 9.361170152950104, 9.286347486228943, 9.348773879563423, 8.881155854912652, 8.187961261564203, 7.208197616601903, 6.276425154064207, 5.059742729114482, 4.35333352670719, 3.6406658698033474, 2.915958003034734, 2.034079289374241, 1.7011247338736684, 1.1403261319865958, 0.6350977714389388, 0.15963499794131916, 0.002999335134386052, 0.0, 0.0, 0.0, 0.0, 0.0, 0.0, 0.0, 0.0, 0.014862610934683062, 0.0, 0.2889651146490705, 0.3258539779513664, 0.4031853959092306, 0.5323519716450482, 0.22173335427893306, 0.37892345521725473, 0.20665837828499103, 0.28622481404898253, 0.2968085367110062, 0.41180863943087626, 0.2458875843164445, 0.0, 0.08828569572464146, 0.23071057020955982, 0.20872061185481605, 0.27648229661129414, 0.2685172213651977, 0.06573789779843833, 0.218783272854563, 0.12059257744655233, 0.19628258040167795, 0.12824621409284406, 0.12057540075115514, 0.15110953003703792, 0.09226100250178283, 0.0, 0.06728679615640698, 0.022881296361821624, 0.041345896717850994, 0.02769390751537263, 0.02897344009792221, 0.012826111984701906, 0.037682432886841734, 0.0, 0.0, 0.0, 0.028332074989558313], "R": [0.8485041172498933, 0.7338104411000361, 0.39277556119530477, 0.2413096073136675, 0.10158815710904466, 0.05373105179182851, 0.10356714047845379, 0.0, 0.0, 0.23127774969946116, 0.12171766630324268, 0.20546270719465737, 0.2985994255823659, 0.5877209136887815, 0.5587560521845096, 0.8680473902185792, 1.0863157169861721, 1.3003791701729746, 1.123243464331612, 1.4642251244486706, 1.9203282882626862, 2.5924074567683038, 2.902950784064427, 3.2215361906358573, 3.5311559762868967, 3.8228779692841655, 3.607834585742797, 4.006856962417962, 4.229545763560582, 4.074125271005225, 4.023162017871054, 3.8905496659861516, 3.4185656671707614, 3.0358608164176353, 3.2182298057442758, 3.0079639848834816, 2.913579438096744, 2.8848029643307274, 3.2058133855069144, 2.999463890687034, 3.525949514040522, 3.326064330388808, 3.050441126262666, 2.922499665089053, 3.1233711439755503, 2.787016349917296, 2.6466859482807497, 2.718076624959879, 2.821925051129355, 2.984966128459081, 3.176418378182811, 3.177565579854987, 3.231840275479299, 3.364421850464932, 4.1292715890980025, 4.38586749023142, 4.633997288344379, 4.688296400775049, 5.3892616480470075, 5.889621259697624, 6.694293677492334, 7.294191940102818, 8.388868770063127, 9.854626525841521, 11.301096364589077, 12.962858789890408, 13.287827706418506, 11.579929774889397, 7.169424125801387, 8.965010349166361, 10.722907773752517, 9.94144298662801, 11.058587558520438, 9.942040811419165, 8.648970577701734, 7.651544426204215, 8.142835560272294, 7.9277363299390595, 7.985012163601897, 7.210950038944442, 6.524025661805905, 6.344309824873815, 5.596216060557676, 5.016486308736527, 4.341638800178013, 4.021853949077086, 3.4948247356181557, 2.86539796001264, 2.6899491734873453, 2.2219974632977593, 1.7256048523300813, 1.4015400222587806, 1.2436140327113732, 0.9474561011905914, 0.8024260354945487, 0.5657708051560361, 0.4305974637711232, 0.3240173894314861, 0.24816066350785218, 0.1665380877402609, 0.2877387060871376]}