{"B": [0.0, 7.722128885761823, 20.112857907329033, 26.819867692082514, 23.418412414966813, 10.247962773094187, 1.1042910376122652, 4.467568660222416, 16.831219668999903, 28.545312549662476, 29.987022806602752, 23.281021312766843, 15.998020686753254, 4.019346436381923, 0.8251433937021232, 0.0, 0.0], "G": [32.94044832166772, 26.519591826274727, 13.748139244301601, 3.348757413570723, 4.079882718245299, 16.486914122602837, 33.914868578454794, 42.753065216917726, 27.947252845904703, 10.574680705583098, 0.45067746888696575, 0.0, 0.28278308833498933, 1.3855589066353882, 1.5115858529345678, 2.0473608158722993, 2.5588072658459575], "R": [1.1412075654473701, 0.0, 0.2067964376767281, 2.516157767296551, 9.003590681328623, 14.407767395689012, 12.751919252490396, 11.757475904140081, 8.152989164609696, 6.554730195941155, 10.112019482951768, 19.752222152601274, 38.02391541381025, 34.5402375413387, 32.178405673760295, 27.558743769253677, 33.95104397841532]}