{"B": [0.0, 0.0, 0.1433523149057849, 0.22267474712644045, 0.7092307944187468, 1.1305347412719418, 1.4985090358115083, 2.2794486289798823, 2.7398128202762932, 3.555950394665543, 4.164097797301145, 4.94752987112231, 5.776233836389655, 6.139473989943412, 6.570526644023748, 7.199463833117614, 7.020709285166402, 7.567077857457689, 7.343111277496665, 7.4150258988860855, 7.182944796911979, 6.7932806353321515, 6.402663388275567, 5.773844410384983, 4.557180875684932, 4.40987743108868, 3.4036772482785698, 2.6270339614277476, 1.9045212283340807, 1.5232139799744475, 1.029592753646681, 0.5059731420542085, 0.412963817634827, 0.19556950572290419, 0.07519514155608514, 0.13275578271873595, 0.44281863676259, 1.128512320876258, 1.9608321893101042, 2.5474744025875298, 3.6280227225306056, 4.355505704297107, 5.246938421688536, 5.9678593093588255, 6.875545361757904, 7.501945883834688, 5.253489018529409, 8.106486632934708, 8.071068566815626, 8.713939241537593, 8.716442597436806, 8.396185956095634, 8.301742079837107, 7.856713816558627, 7.662974950613774, 6.782450679578421, 6.630210480599293, 5.872116833308923, 5.719828995487927, 5.430975701438365, 5.104076031389894, 4.064801224417977, 4.036450494009487, 3.438313242393663, 2.7795636741396774, 2.62823146240131, 1.2713909028844645, 0.6080812568423303, 0.5746214065932181, 0.454213118274547, 0.3411247909445409, 0.0, 0.059897004524257, 0.0, 0.01449818189834741, 0.04159535025842341, 0.03500010115886204, 0.0, 0.24116732857425557, 0.27662289921179894, 0.16461835408145734, 0.48228049869097844, 0.34563724563362863, 0.2626919676784113, 0.38858775755849206, 0.14941650494029357, 0.19185120064130712, 0.08783852501030945, 0.26693168435534087, 0.08665092223583423, 0.202346971067506, 0.09503878081263019, 0.03094965755264202, 0.0, 0.0, 0.0, 0.0, 0.0, 0.0, 0.037408679349969096], "G": [7.327120281427095, 8.18143827932246, 7.991128300735094, 8.514207627403405, 7.810411465870154, 7.558762886235905, 7.376004183908198, 6.255233009736476, 5.908884191052331, 5.420949438979385, 4.726469868235427, 3.8433603764623663, 3.1854088341289373, 2.580102263901336, 2.2542556631877213, 1.3917144482852077, 1.0404192680387911, 0.5467030927163534, 0.4758785745429315, 0.253552681910788, 0.38064218801076677, 0.3796454262484645, 0.6944277783194543, 1.0055492165766935, 1.6069209579464867, 2.0427684512438677, 2.983065379819313, 3.5787633541234216, 4.61128479919807, 5.231232793945832, 6.268304421185765, 7.372676142714837, 7.720415881634813, 8.343467062156451, 9.46291027055053, 9.670885712707554, 9.680272333896225, 10.04351078246446, 9.775627931943557, 9.905129769799576, 8.725589522352907, 8.031785017831949, 7.179171465356352, 5.7549744277158945, 5.006289556975973, 4.557320621390423, 2.8095155633632745, 2.8775470338074753, 2.2025443256832364, 1.2483326387666176, 0.8424427417136624, 0.4323750986475341, 0.05769859900640673, 0.0, 0.0, 0.0, 0.0, 0.0, 0.0, 0.0, 0.0, 0.23960181322240515, 0.0, 0.31098927459544806, 0.6082384745324891, 0.4486368567527001, 0.22818789543649298, 0.3289439302366078, 0.4546875908988761, 0.2563002897958631, 0.5057051467786169, 0.5454770197045444, 0.410589029965092, 0.3322981716484231, 0.1773421447464791, 0.29408527429687864, 0.37357936513698486, 0.2687148591102976, 0.4075944560698273, 0.3484543387656712, 0.27735712638694215, 0.3246024341173762, 0.20958716231503674, 0.20585355876551184, 0.20173926622594748, 0.25634885393504064, 0.11633715859223455, 0.21042941549258318, 0.052532295503738564, 0.10341134292024706, 0.06310040567220508, 0.09163167684134736, 0.03636668160207959, 0.016768540684503543, 0.040304277020855726, 0.04266900420852945, 0.029892915173215778, 0.0, 0.03176235912411104, 0.0], "R": [0.8157491860472352, 0.4714317059538201, 0.35815343927983956, 0.1944255180449492, 0.29266346757882566, 0.0, 0.0, 0.06850188199615305, 0.17574241912620248, 0.0382938080869625, 0.10724106303957746, 0.36665686342915643, 0.3100233365228996, 0.4239434590163571, 0.601641405852939, 0.6803533806498481, 1.2438125415847483, 0.8666384424866712, 1.4813258306391224, 1.716232234887963, 2.0500285062961736, 2.2957288276149934, 2.930012365203401, 3.3572768146619114, 3.847336693329942, 3.8324744255857413, 4.084127861489938, 4.3874328484850365, 4.407287989935247, 4.290356674674392, 3.986354860779036, 3.562465406768586, 3.2684629093602555, 3.4270527031919404, 3.145624284761571, 3.409629468033481, 3.2597756289238276, 3.255479249606986, 3.4787647929949714, 3.4846332743777704, 3.0550276715118354, 3.0777451977773302, 2.668183087182685, 2.8188597183769004, 2.61695167796795, 2.3742014826601636, 2.345458212234666, 2.6684814857536563, 2.7189597424953695, 2.6913913146870945, 2.6494602638112434, 2.839138323728533, 3.2975264806596334, 3.693345584698486, 3.9943860729618534, 4.017291583200841, 4.664350721542896, 5.195259603091216, 5.739054436275451, 6.6266700336197655, 7.525229752001553, 8.675980630054148, 9.677677052506626, 12.317740600181981, 12.767160768632635, 12.662885238321616, 8.573766712358177, 7.962452391700503, 10.099932740810097, 10.368968520450274, 10.192301689073373, 10.908026625815545, 9.512620459424333, 8.127561157189188, 7.832777508668979, 8.68300473651935, 7.8510711818543495, 8.227821091751744, 6.892170011438101, 6.793087346347984, 6.652802094792324, 5.339505474593107, 5.081611610058246, 4.688773315562507, 4.139928174821828, 3.5979437500383415, 3.2735261419051733, 2.8004234989452836, 2.2850138576869345, 1.9505140101771006, 1.5607253646117278, 1.3009995817717872, 1.1543854103828803, 0.8649493566972369, 0.6691398998510885, 0.5057517476695265, 0.3728861249903711, 0.3084532787804527, 0.21994716080264878, 0.13637903758985256]}