{"B": [1.943945568915479, 11.116931139039943, 21.520200723522652, 25.369981110663463, 20.310348235553295, 6.342953280982176, 0.0, 7.224120842410052, 19.079468199832238, 28.549849563896466, 25.608004840735756, 18.74622112067804, 7.659963605044146, 1.2950663619916705, 0.0, 0.23733422349362165], "G": [31.037717195672744, 24.076233537635574, 11.408444857827865, 1.5820623397854425, 4.664790907602902, 18.34199006951357, 37.96974770842055, 40.79835179557058, 23.99087253935453, 6.681907001789178, 0.0, 0.0, 1.5759818354948754, 2.1694308578741244, 2.240222949546142, 2.6755361224797913], "R": [0.9744664624070449, 0.0, 1.5684637915223034, 6.639170096019096, 14.724710273221284, 18.1826697883755, 15.150832038492336, 11.219858429581478, 7.429479833434952, 8.774717199144987, 15.507979001322198, 31.3043072350063, 37.76891834271107, 36.90851150346784, 30.713008186913246, 24.0164995980656]}