{"B": [2.571023641242528, 11.65795849869766, 20.6116803544776, 24.42913895877319, 15.545326310285388, 3.193279130953368, 0.0, 8.573309655189693, 21.35041326807411, 24.560644581762414, 22.325919356975284, 12.011933588932495, 4.7618966967335545, 0.6587827568433218, 0.34273988927757304, 0.0, 0.0], "G": [30.012112864148733, 22.16434324150214, 9.633145294732214, 1.5360120838532443, 7.274733117641207, 23.600465655419004, 40.783418874368174, 33.677516349983705, 17.61254753620167, 4.976738237560029, 0.3393415358089797, 0.0, 0.2701536068493841, 1.1668155014518744, 1.814340263343594, 1.0129422041731568, 0.0], "R": [2.096061911021515, 0.0, 1.3476920298237112, 8.362851629267414, 17.909814291110585, 22.75308307147197, 17.03132902507394, 7.586762400556734, 3.9060261080471124, 9.344831465048888, 24.890619177696276, 33.75216597770565, 35.498652549408014, 32.26355105612267, 27.110580199537665, 19.536521473816805, 21.15203431342104]}