{"B": [4.007378087720745, 18.34377904251503, 30.919149509574353, 33.91814789159315, 18.464318293519902, 1.1403581376368943, 0.0, 16.020859619391835, 32.151065432136186, 33.83395648829777, 30.110094072149693, 11.2991409769395, 4.445124443937681, 0.5471827380347082, 0.4761237831605133, 0.0, 0.0], "R": [1.8182340939439028, 0.0, 1.7552447028790858, 10.018912136030563, 19.444204135330498, 24.857213782396062, 14.608054664285351, 4.769865938567264, 3.8827471475502042, 11.495980870981935, 30.306228568391408, 29.74796113063098, 31.564649657852307, 29.775080374991546, 23.064939617804452, 16.259074306560677, 17.328530341628632], "G": [30.17196521656849, 20.77193685003222, 8.366417102375113, 1.31336098994929, 8.56117663212954, 26.052241662491785, 40.68203275093186, 30.35518018236862, 13.649782497547358, 4.479694219508146, 0.0, 0.0, 0.7232651030240609, 1.683196535892285, 1.2967494853772041, 0.27132663954300246, 0.0]}