{"B": [0.0, 6.979050381458166, 19.548677742408856, 26.73554247951511, 23.990451614139722, 11.588024248594621, 1.9453460807732077, 4.250660347024444, 17.9825038573412, 26.990797474984795, 30.969723208373814, 24.456820020845424, 17.453261657473917, 5.423551636758274, 0.8538344246951272, 0.0, 0.0], "R": [1.1206685331626287, 0.0, 0.009543635355021951, 2.1048488795239444, 7.811512166441407, 13.132042061387436, 11.725592021149202, 11.510115642872726, 8.760210893880341, 7.247032548689118, 9.12781176629291, 16.48051425282107, 35.75889667587542, 33.66220308702954, 33.858774972322486, 28.546382490772306, 36.04455247564322], "G": [33.44340133278634, 27.54201508339936, 14.670481745027862, 4.05720741170418, 3.55504539632532, 15.495987586531395, 33.014225020911994, 41.68766816192127, 29.719660497217408, 11.774674576235473, 0.7776781005516522, 0.0, 0.0, 1.356396666760495, 1.5225569635889737, 1.6924754403862934, 2.461588982142173]}