{"B": [0.0, 0.0, 0.0, 0.38306116712029953, 0.4088873878143111, 1.1831714070956276, 1.5837667304372893, 1.9063748598855128, 2.798668203568452, 3.4772994201196648, 4.196317336700728, 4.91297463902821, 5.674856264189367, 6.445579200671066, 6.760188390111669, 7.100030420164903, 7.484422526821423, 7.446174144849971, 8.272802992479257, 7.851056598143277, 7.372993476270053, 7.147828885284622, 6.196109399982312, 5.77687761892298, 5.10491110085232, 4.485932377689624, 3.844303567355391, 3.0287428912898138, 2.078674571067566, 1.5351506765910328, 1.2130983908938564, 0.711257010684888, 0.5766826239267253, 0.23138151958619127, 0.05564128598261728, 0.2125809422647192, 0.268552151419528, 0.8807550557071484, 1.752091625512035, 2.4276754459627816, 3.281525678950597, 4.76813485753002, 5.00850161548528, 6.11806312513945, 7.007577415855352, 7.6194031701271525, 7.804543928474046, 6.380177997266913, 8.659869141407112, 8.766550216343308, 9.09121574930325, 8.92951950416191, 8.602364222267939, 8.18296638564849, 7.955544841206384, 7.283683857393315, 6.6990121270438765, 6.25865992325603, 5.758878071457235, 5.463289702814451, 5.318918388991444, 4.828090673732648, 4.0203524942001465, 3.574089407520588, 3.0612379768840543, 2.2761060673229063, 2.402644865919437, 0.8849015743674591, 0.4917761008451245, 0.6074782675588636, 0.23203564097683368, 0.0009416904127074862, 0.07811739774693295, 0.0, 0.0, 0.10344115250237229, 0.0, 0.0, 0.0, 0.16938258820086688, 0.31675230666239557, 0.2708518763940249, 0.4215585754261057, 0.41577528891932103, 0.31647656794327333, 0.3297935650033747, 0.2564972123821808, 0.12714631315148686, 0.1681138648806757, 0.27698212185341525, 0.07792243865297555, 0.16762855859357775, 0.1258614209723717, 0.0, 0.0, 0.0, 0.0, 0.0, 0.0, 0.009353497570579147, 0.011413765070991642], "R": [0.9542454523722788, 0.6447272284209774, 0.3036788443573399, 0.3865037776158502, 0.07729557337382628, 0.4078500626939755, 0.0, 0.0, 0.2063093127575623, 0.10992519560325031, 0.11978978025595458, 0.2588826801820322, 0.3994003932339721, 0.3699685807722989, 0.6136181118577804, 0.8886128892379644, 1.043048131691986, 1.3230709995073673, 1.153196890168819, 1.633326629709375, 2.2336560676092643, 2.6040347067870466, 3.0721968263639705, 3.538201639055208, 3.776790651381129, 3.9793674304936433, 4.220329444097469, 4.442519998207319, 4.560376167695448, 4.62068049082814, 4.369339710401435, 4.012599804817428, 3.3872011354153866, 3.5355244010867244, 3.573746698312586, 3.265978025532183, 3.6491530477234817, 3.4779665780474156, 3.4401920077499026, 3.8733336709517228, 3.6478128294380485, 3.1849590783961044, 3.402230846877422, 3.0252190845896414, 3.0622741630291053, 2.745232465151404, 2.763705449887766, 2.642666036492272, 2.966468750566489, 3.0527531530830365, 3.084828530376098, 3.132483501096683, 3.301136875422631, 3.8702088741010257, 4.291815472113939, 4.602854589032722, 4.650277347384953, 5.44886672393036, 5.870603792442118, 6.594087033465763, 7.574375401844085, 8.503404772833692, 9.880061689356964, 11.040175532425145, 13.878621444997515, 13.879902237447453, 13.498552760315864, 8.23615488383099, 9.15112273747764, 11.340399975965695, 10.887432925123266, 11.777314568861048, 11.289666147257444, 9.74225322664826, 8.487912704331094, 8.65130912713398, 8.86855381152017, 8.610452435886641, 8.390346778779369, 7.2098041056752935, 7.11202163338718, 6.504833527101059, 5.694547784101768, 5.061820078144545, 4.706417894855629, 4.084338307377623, 3.498433140556026, 3.2685936347827904, 2.7123841684271413, 2.06613088694571, 1.7844153589315297, 1.567172548629641, 1.1492526206809952, 1.1284253775155606, 0.7067909212447603, 0.5983650695450493, 0.4391168426484018, 0.3079096085958524, 0.24605372850427953, 0.16993502760977858, 0.3127558422171315], "G": [8.816706859989479, 9.755120507285229, 10.373713282187078, 9.974372051474731, 10.388119571414805, 9.142856299252216, 9.112621631460753, 8.581032077201405, 7.162804311468808, 6.563991797430683, 6.04464982912814, 5.089840378992451, 4.140865537047035, 3.2241931269536885, 2.7775743840936022, 1.905650024401875, 1.1988034276435346, 0.7812016890566928, 0.4946366085392386, 0.39292055851921864, 0.14463954216883812, 0.3612586871272174, 0.782192671879331, 1.3008958769852839, 1.789124270569604, 2.3170182702371975, 3.1978521145336765, 4.108935274239286, 5.431973203802812, 6.663778938819245, 7.184625501860496, 8.458610950270014, 9.6548267108471, 10.217486868634577, 10.693213274867633, 11.874090412425927, 12.001450069384092, 11.934672017798963, 12.244959689147722, 11.94870322771324, 11.546756918273694, 9.939337320928786, 8.876125505775352, 7.643280330603097, 6.28366554028372, 5.425961530793568, 4.624014172944458, 2.8371276692281913, 2.8414504042306925, 1.9043192971846097, 1.0112347220214277, 0.4552206378708674, 0.19116591779190312, 0.0, 0.0, 0.0, 0.0, 0.0, 0.0, 0.0, 0.0, 0.0, 0.19045479180460387, 0.24785795879727865, 0.4319311640887514, 0.6913808206236144, 0.5831722749707506, 0.2056237667877896, 0.479529985956555, 0.4692381255465047, 0.45092248659868067, 0.4276719285544871, 0.7520726971022338, 0.39474059136498124, 0.20702418822314353, 0.17006895185448215, 0.2682214708292729, 0.4351747630739633, 0.2950119825883192, 0.4889520693929546, 0.2626501557325056, 0.3307212972852052, 0.28069884706360054, 0.17595992637613678, 0.3054712202584367, 0.19073375200436726, 0.2756443611928432, 0.10698635646212094, 0.07858323343850614, 0.10932548423262414, 0.05706297579678289, 0.08511449402311709, 0.046699973697931656, 0.026621987532413405, 0.017798758945197536, 0.044718635318298186, 0.035299832917045554, 0.023506149588262873, 0.0, 0.03163651952139847, 0.010906484533765267]}