{"B": [0.0, 0.027365716205049382, 0.04850826282740705, 0.3295895432361272, 0.7468954212295169, 0.8247817276253937, 1.49283530208999, 2.1003627093000294, 2.640606565465826, 3.1713300716454547, 3.869944159822773, 4.475006580636261, 5.359927732263395, 5.789126677468997, 6.2597077583650025, 6.94457566128159, 6.912192845621365, 7.343283219357559, 7.571930448393883, 7.688639677480881, 7.9574187645313526, 7.092860637690723, 6.6262262459254995, 5.521712692557191, 4.541102630905269, 4.140499434506539, 3.9112689159647687, 2.919392827494739, 2.555697108553309, 2.0366299462296795, 1.2941465408212163, 0.7041444289302018, 0.9066895405752995, 0.46983544448001846, 0.2588219378381141, 0.7333244910173554, 0.649164126753134, 0.8553507798955727, 1.4234776574438026, 1.8598021559508378, 3.152673329989172, 4.033238950937456, 4.92494281352881, 5.890929034101624, 6.411663520276523, 7.285763125454905, 7.665261017495203, 8.483038819906978, 9.111103723439994, 6.1250839727545845, 8.754376353795317, 8.607754303676176, 8.7775736780628, 8.49749807009947, 7.988784305254565, 7.4710626869842764, 6.786929161330921, 6.61203481043771, 5.790507419008422, 5.686879739142826, 4.861636640280372, 4.763091378362633, 4.483931900218252, 4.0597792857341215, 3.2151810986344174, 2.8326592385424916, 2.3019649892922214, 1.9105443221387155, 1.9061724334949681, 0.8194559464257068, 0.342518499727089, 0.43290514819705195, 0.18652296677219762, 0.25119967983443187, 0.0, 0.0, 0.0, 0.0, 0.0, 0.06960265757791875, 0.0, 0.38813694800069853, 0.4883566111225494, 0.2373858833377278, 0.39054327740992145, 0.35280641978777233, 0.28999439064420196, 0.3124235659127247, 0.2217687709087221, 0.23953571310295405, 0.15896231213317696, 0.21568544298740094, 0.07462235541327131, 0.18693155290419503, 0.12475071644642105, 0.019242798406507992, 0.004377372588236752, 0.0, 0.0, 0.0, 0.018723451589133387], "G": [6.633369637411846, 6.9767098832566266, 7.350261403110088, 7.674768464147018, 7.756266096805907, 7.5673866933899845, 7.5295243540670755, 6.832680249773807, 6.173481491801076, 5.9790894231487455, 4.773388653700224, 4.251986411250233, 3.725315658611276, 2.985041062038638, 2.2502248790434387, 1.6598628045971342, 1.2764293748592344, 0.9576961464399213, 0.41319905396659456, 0.49734593356909584, 0.18865276675058115, 0.3673647461832571, 0.30878760833617475, 0.7941800076249463, 1.373882482568184, 1.6655046743946473, 2.0445179174598063, 3.055637491764849, 3.4613593022661258, 4.256932021331358, 5.208998921305613, 6.129052578237269, 6.530419864151024, 7.476181187459549, 8.03970152862268, 8.202527898267602, 8.419907808137186, 9.37229966156276, 8.877401196494999, 8.863361642251036, 8.706784709676946, 8.2882113811536, 7.758949486250698, 6.505333669081651, 5.84660615257329, 5.082373136154146, 3.881195871105987, 3.0547618387513995, 2.510182572955805, 1.7204220875934766, 1.5746746328482482, 0.9485493600958705, 0.368812958392474, 0.12066229827180419, 0.01827758857946026, 0.0, 0.0, 0.0, 0.014521187422707983, 0.0, 0.0, 0.0, 0.0, 0.0, 0.13386212520201884, 0.16372600583374636, 0.2873009129531704, 0.5899167917466316, 0.27908233440174746, 0.15708109597775807, 0.20757357498001247, 0.17358420050104015, 0.07385563301494179, 0.25962512733166326, 0.2188104609706587, 0.13619532314368976, 0.12924219558582106, 0.0, 0.12287300582338805, 0.13093727732972887, 0.15592415126422726, 0.17858362027660654, 0.09011061174965967, 0.0911103797736115, 0.20367983276157056, 0.09456587899276293, 0.10191939330361517, 0.08952196666292848, 0.1345130281689441, 0.0, 0.05076235055773756, 0.0, 0.020236812823713656, 0.0, 0.019528469053884164, 0.006886294223361566, 0.034112820020789136, 0.013392302920094542, 0.02866345244278636, 0.002017033240290716, 0.008635769471916754], "R": [0.953395114645917, 1.0643112425685486, 0.832589797037607, 0.5636406526056118, 0.21799705682838877, 0.3196594437969756, 0.0, 0.18456013843394567, 0.0, 0.0, 0.1510868564782852, 0.28867734837887077, 0.19819311648284219, 0.4076522594421754, 0.7933244546265616, 0.8559654825993464, 1.0701024764816358, 1.2576429779593596, 1.4361118059316085, 1.7292958755172152, 1.5061358765241446, 2.41154083384012, 2.7564049980195056, 3.291754099243225, 3.400163323013517, 3.652147346027607, 3.7002645167340775, 3.7170735434061015, 3.993868108182497, 3.976634979371651, 4.0390226967126655, 4.043718036871673, 3.880336387972083, 3.4979858830845787, 3.246227132961074, 2.751437280982121, 3.102467406832169, 2.8042266012620907, 3.033019613061569, 2.9402869269151246, 2.892286035134231, 3.2975152164084216, 3.5414953044395237, 3.2357577350992415, 3.348985987915992, 2.9773495213809755, 3.1647637249937914, 3.0574700480865284, 2.978228372465699, 2.6942491252888376, 3.3946886514582224, 3.522637996445402, 3.530888163658467, 3.5610205792178946, 3.7213272741251617, 4.1625916203728694, 4.702027082116805, 4.938641238112366, 4.9911220034670825, 5.5116345711032135, 5.991265276564075, 6.5968237954700895, 7.437254251056011, 8.304476151513438, 9.336354876009375, 10.363225055184753, 12.90473917119653, 13.249954708694284, 13.030268028744448, 8.73372024410032, 7.968347881761357, 9.973945969593146, 10.310884300498342, 9.955131517931664, 10.654575143553698, 9.295624778715297, 7.789405699174924, 7.392158123189157, 8.118123334697277, 7.36334917083927, 7.485463949766137, 6.233968745598673, 6.058188506762173, 5.7914427759387035, 4.637572594036417, 4.248616072079477, 3.779819620959603, 3.3387770363582603, 2.7474314255734495, 2.430700042620079, 2.050427291241301, 1.5797949040626948, 1.2756332187811652, 1.0046321306502155, 0.7898484986087169, 0.6280843462993846, 0.4348767767493677, 0.3715881421332491, 0.23741516117807304, 0.15313271693183222, 0.33349637679451655]}