{"B": [0.0, 7.485225989563743, 19.818643858742988, 26.71505728920833, 23.495692210845654, 10.468330342682512, 1.0777797419571435, 4.537684321255508, 16.973454166690644, 27.74017303207448, 29.994552404257657, 23.425325464823633, 16.0783877654097, 3.972270099855291, 0.796496220163812, 0.0, 0.0], "R": [1.024964899289686, 0.0, 0.27546496385922503, 2.3746796810722017, 8.59445288888953, 14.079213345607746, 12.400425372302616, 11.688791582483438, 8.404469704878254, 6.855251513013743, 9.858637738931021, 18.982390699605226, 38.43663370363956, 34.028016135502, 32.22671740328543, 27.730058667652475, 33.936113630682115], "G": [33.22353882236878, 26.62054209731737, 13.799383569069489, 3.5200070904119842, 4.2292092120036004, 16.3850539643568, 34.06266507676989, 42.438122163140086, 28.377111155591486, 10.56490381985959, 0.5084124786366551, 0.0, 0.2487235442279426, 1.3773710892226758, 1.5770215893441655, 1.9656453821061302, 2.4873564725917094]}