{"B": [0.0, 0.0, 0.0, 0.37966996130758496, 0.4052859801293527, 1.1728014585514386, 1.5698925488340203, 1.8896416096688808, 2.7741506314221747, 3.4468007167733536, 4.159501930648061, 4.869885970745573, 5.625055972876971, 6.388971469029449, 6.700791523800719, 7.037642904214762, 7.4186235904818725, 7.380710171953056, 8.20002122286429, 7.781953891979921, 7.308071894799479, 7.084845950743685, 6.141520144130759, 5.725932081689997, 5.059858694168981, 4.4462851318333145, 3.81030613645174, 3.001902829336884, 2.060188983126657, 1.5214449180502772, 1.2022461477441777, 0.7048288449712008, 0.5714812287450306, 0.22920411849992808, 0.05508066298727756, 0.2106255535449847, 0.26614284986042824, 0.8729816159540957, 1.7366835496295352, 2.406355964249628, 3.2526980378073573, 4.726282278796122, 4.964549150249956, 6.064328266501656, 6.946048965285644, 7.552491588741704, 7.735979238913692, 6.324116965615459, 8.583738069985468, 8.68945009132014, 9.011259990830204, 8.850985010390414, 8.526687219233485, 8.110936313552813, 7.885489752009392, 7.219536743064557, 6.6399647607029975, 6.203482936320419, 5.708110695083128, 5.415099248415759, 5.271974994111739, 4.785426452993395, 3.984820972270204, 3.542491833181923, 3.034104097743068, 2.255921670746031, 2.381363644182573, 0.8770541577722551, 0.4873732153626487, 0.602075741367657, 0.22991963376554003, 0.0009097615458912552, 0.0773841782371723, 0.0, 0.0, 0.10256373822713868, 0.0, 0.0, 0.0, 0.1679440432703325, 0.31404816525330465, 0.26855618533494263, 0.4179462360280685, 0.41218663624706736, 0.3137635985868497, 0.3269756600147515, 0.2543100183349423, 0.12610280511557737, 0.16670118867383998, 0.2746094285164683, 0.07728185850560708, 0.16620817855243827, 0.1247898710104454, 0.0, 0.0, 0.0, 0.0, 0.0, 0.0, 0.009278729470343711], "G": [8.82760379949972, 9.767182956795432, 10.386545384571285, 9.986718728413528, 10.400969806599859, 9.154160566040286, 9.12389315116997, 8.59164416752605, 7.171636813414643, 6.572080846040109, 6.052086282704532, 5.096092628515047, 4.145946866191799, 3.228135450208496, 2.7809625566788454, 1.907966409136957, 1.2002450471613688, 0.7821313985661419, 0.49521359193525955, 0.3933810932718461, 0.1448019612125032, 0.3617001053717937, 0.7831715361840832, 1.3025242283783458, 1.791368931696552, 2.3199151269349723, 3.2018454951314173, 4.1140609860326025, 5.438738194512956, 6.672069582780968, 7.193560534125906, 8.469118185659223, 9.666811345570052, 10.230159591871624, 10.706478070562675, 11.888808105247232, 12.016318356079605, 11.949447577199825, 12.260101607743463, 11.963473836024239, 11.561017817131964, 9.951602243253227, 8.887068515834835, 7.652693351983481, 6.291393959224064, 5.432626369520652, 4.629680771038164, 2.840600963256874, 2.8449270030919123, 1.9066400267190633, 1.0124493707913313, 0.4557585858937968, 0.19138359399740548, 0.0, 0.0, 0.0, 0.0, 0.0, 0.0, 0.0, 0.0, 0.0, 0.190690263734613, 0.24816891596847254, 0.43246315711181593, 0.692232714833069, 0.5838855048481423, 0.205869086166927, 0.4801170252933426, 0.4698106807755218, 0.4514627406085507, 0.4281883971954409, 0.7529820145053264, 0.3951900568723279, 0.20727869693270817, 0.17026420015348487, 0.26854683225698467, 0.4357461435473863, 0.2954272560868745, 0.48954482480484524, 0.26297123346608686, 0.33112635940092944, 0.28104505332778446, 0.17618174401249312, 0.30585201092680997, 0.19097687867523921, 0.2759898524240068, 0.10712727036431303, 0.07869064847471004, 0.10946926986857926, 0.057144662430312465, 0.08522825625565722, 0.04676265428377933, 0.02667810254329174, 0.017841664997235947, 0.04478923946782245, 0.03535631542221678, 0.023543569670296003, 0.0, 0.031676218527239244], "R": [0.9653249547747316, 0.6522780014944469, 0.3073357199826584, 0.39109249072868396, 0.07834414390511003, 0.41256536793423615, 0.0, 0.0, 0.20853920929515268, 0.1110194163981232, 0.12094612612998003, 0.2615370288061247, 0.403607700937062, 0.3738160406189105, 0.6202512202542102, 0.8983485781071505, 1.0545497478753731, 1.337765420336183, 1.1659486266713708, 1.6516162723868137, 2.2588507493260432, 2.6335180965174914, 3.1070522120331994, 3.578461087957626, 3.8198339358341786, 4.024819640866929, 4.268575363535703, 4.493383670891644, 4.612666918750507, 4.673713829663625, 4.419503998359161, 4.0587308308372725, 3.42616439782094, 3.576237055310976, 3.6148280537246396, 3.303577858710958, 3.6910934608456905, 3.517898662649364, 3.4796288034356544, 3.9176449341726856, 3.68949819415297, 3.2211844045686, 3.4408968583547233, 3.0595197456772514, 3.096888612247043, 2.776176010849874, 2.7948706674312005, 2.672512436759078, 2.9999042952374078, 3.0871846678278505, 3.1195929029105747, 3.167782158260914, 3.3383953642712405, 3.914025850364589, 4.34049438387035, 4.655129136206051, 4.703179277920109, 5.510926909236981, 5.937498239747106, 6.6692952681834505, 7.660825005110372, 8.600546676749325, 9.99295815475561, 11.166345981762559, 14.03733238590369, 14.038628921516878, 13.65289677878158, 8.330333583936023, 9.255800435626893, 11.470075429719236, 11.011981362737032, 11.911982288232396, 11.418796929675027, 9.85366273338198, 8.58493743808109, 8.750171676515942, 8.969934805251098, 8.70884105286666, 8.486196601648219, 7.292166159866445, 7.193208601480152, 6.579078188942032, 5.759507333502657, 5.119572234216443, 4.76011447531417, 4.130902380575708, 3.53832478752159, 3.305851705760238, 2.7432901700918313, 2.0896488610612596, 1.8047435200164104, 1.5850044796051914, 1.1623348712473922, 1.1412966467908587, 0.7148459162091176, 0.6051872976249245, 0.4441216713390766, 0.31141945061043197, 0.24886042249471677, 0.1718680582450194]}