{"B": [2.5348683658238866, 12.375829230474134, 21.043672130401806, 24.381750407222036, 14.264620505447086, 1.9175187820857853, 0.0, 10.054104771322196, 22.078654032001985, 23.855534678447086, 21.922992936552106, 9.947856502145054, 3.942920121820163, 0.6266499287961196, 0.4423037723021184, 0.0, 0.0], "G": [30.128649211202873, 21.301272584749473, 8.973164200772752, 1.2778809782245892, 8.217457684153686, 24.756271785760593, 40.749014717692184, 32.15133771572634, 15.453524211116427, 4.494506850350057, 0.0, 0.0, 0.6490307003699131, 1.820069862705261, 1.782953200972173, 0.6403324866903888, 0.0], "R": [2.1999936109023497, 0.0, 1.7116960756417103, 9.367602771042735, 18.785395555742152, 24.501457966616698, 16.072001268213185, 6.223506739660102, 4.034366233421538, 10.522811800936989, 28.28717645209934, 31.989009973799295, 33.461759954518655, 31.535853088680778, 25.45324269292728, 17.935989104272895, 19.42550227596818]}