{"B": [2.3784221222036015, 11.34226125992961, 21.249275145130568, 24.64746924257056, 19.643575004207914, 5.531433604036681, 0.0, 7.5260425847913535, 19.43180414467557, 27.556045296615743, 23.75203987623953, 17.518929894853272, 6.021146553425775, 0.9280833691224923, 0.0, 0.14706075976327806], "G": [30.02517944342481, 23.689296668324147, 10.726772026005673, 1.2289178279727284, 4.780297312885854, 18.821351349795012, 38.572013182094544, 39.2563126693096, 22.151057837944606, 5.8172917591015345, 0.0, 0.0, 1.134365301123504, 1.9493002479526125, 2.4833790561820326, 2.6612232598280707], "R": [0.9938093538720768, 0.0, 1.6223446758961386, 7.302133718748971, 15.766312356293012, 18.68698191374133, 16.013428935734787, 10.48435521761318, 6.7369149864410875, 9.153415368438253, 16.85392831931671, 35.087887018613785, 35.87136400027994, 34.960191165310164, 30.479287168527033, 22.842514238706443]}