{"B": [0.0, 0.0, 0.0, 0.035371157619064786, 0.4710372195070579, 0.9413168317335928, 1.6035141786195093, 1.7696746778284804, 2.4163523619636633, 2.99940784236668, 3.842276609203853, 4.550619538619159, 5.239827120249419, 5.642905656651812, 6.29787520592998, 6.549331696184712, 6.978536700521193, 6.904177084006261, 7.6336056864612285, 7.799713984563554, 7.148190780988388, 6.6497977156990125, 5.852498503396834, 4.894130528477444, 4.762194795097232, 3.987260940895398, 3.7599335074574918, 2.9586777446823076, 2.0568746579246837, 1.4612467720352216, 0.985078455815549, 0.634959825659509, 0.36979357651457007, 0.16548811854341722, 0.19375196773626582, 0.06449528695618816, 0.42425382513292254, 0.6869971199588987, 1.2347005211454276, 2.3420786772691726, 2.992829091834032, 3.7745884973901056, 5.145766600216069, 5.502138491003592, 6.157934392024641, 7.354172279863312, 7.423015367214316, 6.991287143248866, 6.757496063352469, 8.347949977153371, 7.990447436967651, 8.428110503292205, 8.253301101372724, 7.911711342580409, 7.139062448214342, 7.216424864020364, 6.267388111689735, 6.103463357801165, 5.427517429954619, 5.181764433898445, 4.7099161593148064, 4.794646210465474, 3.9255291589561483, 3.563035272652399, 2.8325803847445328, 2.4866627708188407, 2.18430606662818, 1.56627668519677, 0.6212140974403453, 0.3279856350712774, 0.5607811061566804, 0.30631287552623704, 0.0, 0.15615536191641882, 0.0, 0.0, 0.1688903489121167, 0.04470228600888611, 0.0, 0.0661975927931857, 0.18291502754576974, 0.48371190784831347, 0.32554436754892707, 0.3929749008149024, 0.36628469411231135, 0.46862954428833076, 0.2059092185983377, 0.25811646385447845, 0.1631396953752876, 0.2343304288003472, 0.15532281978035675, 0.0961176241834614, 0.1805721039566023, 0.04520566637080587, 0.0, 0.0, 0.0, 0.0, 0.0, 0.0, 0.015989396893340353], "R": [0.839608995644522, 0.7267923723308245, 0.39064575348304553, 0.24121531315566605, 0.10292641153546767, 0.055197858448723845, 0.1032872381410738, 0.0, 0.0, 0.2273001634849746, 0.11817331937365744, 0.19985346958410521, 0.2908145994701834, 0.5752553256358472, 0.5457816610534871, 0.8505014439329673, 1.0649788492832533, 1.2761103692662326, 1.1005791007177406, 1.436623821678541, 1.887032254045733, 2.5503708065495867, 2.8575040490430204, 3.17288894844871, 3.4784122487457556, 3.767137987609954, 3.5554569365410895, 3.9500078585760114, 4.170896597910226, 4.018596398381865, 3.969163237647267, 3.839060384216775, 3.374049997831664, 2.997088344239208, 3.17708863315404, 2.970064265620686, 2.876870153951055, 2.848136742181065, 3.164171786317083, 2.959616864505652, 3.478031325518081, 3.279862352390837, 3.0063358080323135, 2.879448598830569, 3.076447748871386, 2.7432766125677386, 2.6045193425556428, 2.6750428186930777, 2.777350017419263, 2.9364769381708364, 3.1254042149825056, 3.1259218323426845, 3.179423067674015, 3.3104355812943553, 4.065464622982252, 4.318431183727777, 4.564061611448187, 4.617755914222773, 5.309724101703029, 5.803439714754577, 6.5974821087566085, 7.18901853223111, 8.269514448349677, 9.71538214193415, 11.142799692665992, 12.78205584288924, 13.102892127816514, 11.419131311399454, 7.070180633285656, 8.841386018184172, 10.57481511845361, 9.804362335986829, 10.90652885736035, 9.805155881913826, 8.530042495252921, 7.546238281364948, 8.030604323163152, 7.818628567958479, 7.875207474846262, 7.111736937675614, 6.434143919218951, 6.25653476683131, 5.518954355484499, 4.947114851271861, 4.281607626713579, 3.9660885422947203, 3.44656932488374, 2.8257691424126263, 2.652811759711935, 2.1912045748758744, 1.7017301750026628, 1.3821755623574865, 1.2263375196870112, 0.9343860367653287, 0.7913963443447373, 0.5579904343637184, 0.4246877542343097, 0.31955878831612994, 0.24474566277634047, 0.1642465467636412, 0.283781563109762], "G": [6.711662226048515, 7.449588119942317, 7.938283520143326, 8.182689472349109, 8.015027367112374, 7.834583363919557, 6.79922657394749, 6.997882448422582, 6.084704342487148, 5.317626351121035, 4.675069648470131, 4.094568241580753, 3.489390523454743, 2.722174770603488, 2.016299718547511, 1.8420915062313077, 0.893987780443805, 0.7602143285444237, 0.41807773746786964, 0.22760973708915286, 0.1591025120965989, 0.2629837353150007, 0.4835277166141457, 1.1640039246199796, 1.2712280055628336, 1.9510841382793216, 2.3430419842439476, 2.995155193947962, 3.933649326014618, 4.933986594616953, 5.87467170371621, 6.733046171294264, 7.306468468551622, 7.984929758664782, 8.466034539423584, 8.969127278488868, 9.59458352664157, 9.41535909242533, 9.340078502495444, 9.402837615167787, 8.932488174993843, 8.235251653956034, 7.249786226571736, 6.312619358511417, 5.088871536917995, 4.3783270144289785, 3.6615354670764035, 2.932632124101597, 2.045656698488936, 1.7107500006875027, 1.1466881635746156, 0.638546717407093, 0.16032712454159037, 0.0027830075094352584, 0.0, 0.0, 0.0, 0.0, 0.0, 0.0, 0.0, 0.0, 0.014722162348962719, 0.0, 0.29037401555930786, 0.32748889785677715, 0.4052885488761135, 0.5352024032361707, 0.222895704752549, 0.3809729600764257, 0.2077110732691115, 0.28774346979958343, 0.2985048241123219, 0.4140792776294717, 0.24731034514396283, 0.0, 0.08872117444254404, 0.231960560151628, 0.20992597425325787, 0.2780486367797091, 0.27000687926720973, 0.06606891242455164, 0.22000643612522194, 0.12126077377727966, 0.19739901205872273, 0.12894296813106626, 0.12125256343428481, 0.15196861151560212, 0.09278990328375238, 0.0, 0.06766564070922787, 0.023018789078376737, 0.041570691091126925, 0.027848888072838487, 0.029142321987555772, 0.012900934012287934, 0.03790129280230388, 0.0, 0.0, 0.0, 0.028502438000624943]}