{"B": [0.0, 7.078528149646416, 19.44379004834316, 26.394536044705617, 23.77809799876184, 11.490721093338976, 1.7679285197201613, 4.368924933497454, 17.785175288460977, 26.646649197807946, 30.604040295580862, 24.421046652724538, 17.207626488864616, 5.06649630702174, 0.8245900586211625, 0.0, 0.0], "R": [1.067474181636702, 0.0, 0.07969609395843996, 2.105485645569707, 7.631109477690639, 12.821309734315285, 11.562160645749671, 11.212512819231248, 8.38520692007904, 6.98170240976228, 8.914378255283935, 16.234908479671788, 35.67614216965933, 32.45280649033661, 32.745832105314975, 27.86362723548517, 34.89908925871803], "G": [33.284374795622625, 27.32266065181169, 14.479629654201672, 3.9027687166949785, 3.6068843880140733, 15.668441882603767, 33.2007739700275, 41.6121693390917, 29.49805372381865, 11.486280273972277, 0.7467053678949459, 0.0, 0.1222266095045147, 1.243920912504963, 1.508405389227854, 1.6374660847642786, 2.3659381567256106]}