{"B": [0.0, 8.112628799561845, 19.797154885998516, 25.8175716473036, 23.205883370983244, 9.599227466061576, 0.25137239144614054, 4.331669473827496, 16.21490775816845, 27.95577657452022, 28.184002424582943, 22.41119125970306, 12.96055241002815, 3.6419916802011447, 0.2668288450132756, 0.1767086764010665, 0.0], "R": [1.378915923754449, 0.0, 0.0, 3.1953823316143732, 10.039130860303143, 15.241136543418712, 14.409653039443771, 11.984399054705458, 7.605164747199372, 6.1529720538986945, 10.937713212710007, 23.380857810845985, 36.78883757607614, 37.44411335367579, 31.995645773080806, 26.002757139749253, 31.606703693593527], "G": [31.818929476272878, 26.16266775504965, 13.66819894277478, 3.691737164707072, 4.584612991182769, 16.819863248476057, 35.30932706835263, 42.534569043019026, 26.788255269760672, 10.0341736187754, 0.9263193467260165, 0.0, 0.41452560929980486, 1.124677684926002, 1.3736611395866458, 1.9458100739393474, 2.0289257818784807]}