{"B": [0.0, 8.186535860082342, 19.97733726008113, 26.052806077011606, 23.41737242218352, 9.686748088393841, 0.25368854664482965, 4.371119280956134, 16.362613147061246, 28.210489745938798, 28.44084384999276, 22.61548317954292, 13.078759167123028, 3.6752688867416814, 0.2693218379849709, 0.17835664104389568, 0.0], "R": [1.3772565506857404, 0.0, 0.0, 3.190163605266281, 10.024124679706812, 15.219127950879095, 14.38928215753674, 11.967503262518887, 7.594109250752711, 6.143512426154556, 10.921254533573224, 23.34663779603082, 36.73559520549106, 37.39019312160774, 31.949659143802215, 25.965399098601956, 31.561315667527055], "G": [31.83247379189915, 26.173897575871585, 13.67401702590282, 3.693428780970394, 4.586629569150339, 16.827002790786235, 35.324313656855594, 42.55268322728783, 26.79974165759772, 10.038572639400213, 0.9268032379564167, 0.0, 0.4146039081609235, 1.1250216450331543, 1.3741267411361384, 1.946549591130144, 2.029709005646848]}