{"B": [0.0, 0.0, 0.0, 0.31519598575702673, 0.4842866646535921, 1.0207593377510078, 1.525711276068988, 1.9209683539527487, 2.7245342428854653, 3.3179746646813215, 4.210434390921682, 4.719175612827203, 5.517850299843792, 6.211310482301313, 6.529856534537187, 7.003541817883316, 7.4705251716921195, 7.233521171200347, 7.875563657273539, 7.716198197752173, 7.459037322124218, 7.0154040517512115, 6.202231340245526, 5.548029181977352, 5.286294418878636, 4.074545693826321, 3.9316679194378765, 3.006656119945447, 2.200272140161879, 1.256616709036504, 1.1833515657351263, 0.7845309244018223, 0.2797169632617316, 0.27716654274126645, 0.14924982640817414, 0.18220466247380843, 0.43727847905324085, 0.6334176757386101, 1.7591165787140273, 2.5210165647369696, 3.2585108044402937, 4.367439983620057, 5.016670631673688, 6.001539820257079, 6.620015551645445, 7.611582879890303, 8.16326895975489, 5.678043750536337, 8.54540989512037, 8.440673808610509, 9.016697753273467, 8.746889544364816, 8.45115021830193, 8.159419866342512, 7.543639815608041, 7.367438999534198, 6.558572362978204, 6.32345345530649, 5.576548570027971, 5.446319050543308, 5.207283012774383, 4.799959964516586, 3.877836259705786, 3.679685364345167, 2.9991843818003265, 2.4923689524329156, 2.403759653469671, 1.1426228088309733, 0.5141899037552133, 0.5101517652850425, 0.3970691407105873, 0.32084750079518404, 0.0, 0.040957873771284646, 0.0, 0.00022326712402370317, 0.058485172774745346, 0.06894669546676159, 0.0, 0.30672166600741835, 0.37418986779443786, 0.24662630331299698, 0.4873486614387999, 0.40988022630765525, 0.2929037457113396, 0.4038410785131394, 0.1694958808840274, 0.2529778109542658, 0.13356725135733283, 0.2619346434224845, 0.1228461777035341, 0.22721719593790438, 0.12450297747791601, 0.00165940440140274, 0.0, 0.0, 0.0, 0.0, 0.0, 0.0, 0.0], "R": [0.9037108544628988, 0.8320992561025629, 0.40708582084379247, 0.33864781040637076, 0.12341048260601498, 0.33137981805688527, 0.0, 0.0, 0.10507231803506807, 0.15536077242076018, 0.04140596272043061, 0.17631636170343384, 0.4644277598060075, 0.4575307051607216, 0.6139338451872526, 0.8221381149426636, 0.9069681359287673, 1.5294241827662542, 1.0961863955100797, 1.6265020785646642, 2.0572602634125685, 2.6307420387098954, 2.8526579979949886, 3.5658493870377184, 3.6750163264144904, 4.13744217226915, 4.08931631330369, 4.289824220181913, 4.562136039690233, 4.665085287528438, 4.326385616932235, 4.001450696830122, 3.679228498176729, 3.3384844929520527, 3.4731920409213926, 3.167579011921322, 3.490187295169737, 3.3963689140912843, 3.3077124053083593, 3.59559106939673, 3.768395405519762, 3.2992982411093434, 3.3886118112709798, 2.977271577889757, 3.0852269966070076, 2.9012168323666647, 2.722617924724238, 2.5595600081843193, 3.0773761323370357, 3.066019392876102, 3.0312317380846783, 3.1728684218063474, 3.285335720841923, 3.736113514359931, 4.274488568963063, 4.535065129965398, 4.609178272655068, 5.251808765873215, 5.845379922263165, 6.4241042376720605, 7.3225643487138266, 8.327160690045908, 9.493733666669803, 10.63293745958352, 13.528367445092503, 13.911229894474959, 13.739802256724579, 9.264133018012707, 8.563737425174354, 10.794655907543751, 11.120896894224432, 10.890208724875027, 11.675762912503131, 10.173239535940677, 8.619868343408893, 8.271880173293098, 9.095748032286913, 8.281596427619217, 8.586823467659952, 7.161698766447876, 7.022199341737681, 6.814817561499326, 5.469704820352129, 5.1845637152312305, 4.713455800913348, 4.148973150529007, 3.515677283105181, 3.2039723808891956, 2.7080302050249703, 2.1886799877263563, 1.833634678115126, 1.461775832181837, 1.1971129231839073, 1.0632924351125361, 0.7604979715104547, 0.6080819295500856, 0.4290385222322323, 0.3261635335516701, 0.24937406104189988, 0.16503563602852792, 0.31751500291889234], "G": [8.766227390212274, 9.627153709842233, 10.338165840017036, 9.907188562706853, 10.396603024586812, 9.428643279498578, 8.940911576471537, 8.715169994562935, 7.237101835706331, 6.682673639296954, 6.0658312524280396, 5.177210035496182, 4.059296212539844, 3.3420230042668413, 2.5761732508399144, 2.1522338661978795, 1.210893295986901, 0.8393280441667599, 0.4014408436402247, 0.40595249816917456, 0.14667089775379044, 0.36759682680597905, 0.7207180024575355, 1.2865949564180248, 1.5374463195068337, 2.491413596172437, 3.024926646509138, 4.219306555517142, 5.231195483225557, 6.612184400254029, 7.359178199000267, 8.524975760329417, 9.54600983714245, 10.050416577985308, 10.735330653018032, 12.064779455613412, 11.887343151916765, 12.006181367183347, 12.075411885822101, 11.739795240897843, 11.574067885834198, 10.024736587478717, 9.06034879657921, 7.907757989970556, 6.29298660587494, 5.339179343750118, 4.705442018834711, 2.975388039247249, 2.8668471914606117, 2.1298065019842354, 1.0695145983546315, 0.6435627279598303, 0.22342600626845988, 0.0, 0.0, 0.0, 0.0, 0.0, 0.0, 0.0, 0.0, 0.0, 0.24849118285195537, 0.055262212823011136, 0.44069472156282413, 0.7151579818588222, 0.5454208552610077, 0.25208182428792353, 0.3691145783279713, 0.5017767871116247, 0.26215562295895706, 0.5087441048902512, 0.5128929732568608, 0.3916347935189164, 0.28775930455781806, 0.07822538472584596, 0.2597839680135026, 0.3104418303582259, 0.28652921386179325, 0.4089246460923551, 0.3026140103955742, 0.23575369438253158, 0.3291590858216423, 0.16962101590292786, 0.23187730935620668, 0.21187813387112509, 0.2970523333012579, 0.04262058338717687, 0.1668188484526956, 0.03083514668018133, 0.06887168138791286, 0.04392458150126711, 0.09444318183260057, 0.037497826963714426, 0.015783645048058285, 0.018720271390572717, 0.056858778487246284, 0.013876114138880753, 0.0, 0.03211340152412373, 0.024971807515739748]}