{"B": [0.0, 0.0, 0.06377597273595356, 0.0, 0.617239461959919, 0.9430015033263958, 1.646532755771398, 2.1627877124384196, 2.521314516790715, 3.377949615518063, 4.0806877398220225, 4.863460334704213, 5.575703592577853, 6.107245628565552, 6.812095248103096, 6.9908273618273595, 7.239656760599331, 7.526182568176701, 7.77370648846912, 8.587831606520385, 7.686710300610702, 7.145225522220451, 6.423201859062048, 5.20706729063928, 4.971738096939277, 4.417615809486511, 3.6431706098460572, 3.0499665506677287, 2.374110127212857, 1.513795250734797, 0.8215538981071141, 0.6755922104226912, 0.17983664423942283, 0.3330090487065952, 0.35997880840901103, 0.03088901433149131, 0.3655138685885674, 0.6721740097050205, 1.306271807352291, 2.4091113775720294, 3.1337464241781454, 4.136430275556938, 5.476308542283718, 5.739154969520278, 6.725785935620703, 7.564914921619319, 8.185705585742868, 8.294216835078151, 6.597923848644563, 8.68995979468516, 8.844778905427773, 8.995710484643077, 8.843348838637592, 8.313039695914457, 7.739182840875211, 7.4865799557846495, 6.842192138870405, 6.237512055042346, 5.890419698156134, 5.32308727333543, 5.0941780932931975, 4.8711287120470725, 4.358302555664695, 3.4149905226930937, 3.010716992728332, 2.5309195900555186, 1.8804180025898867, 2.0273643741187723, 0.7537804725419088, 0.34255471466183857, 0.514758603106863, 0.11565202107620759, 0.0, 0.02082960204855446, 0.0, 0.0, 0.0824713911668599, 0.0, 0.0, 0.0, 0.22192645259626292, 0.3568812772865493, 0.29842020493233395, 0.4122613144701031, 0.42868266544679906, 0.3264612309767503, 0.3368012386143597, 0.3005350464108303, 0.1682875852726337, 0.19894060979049236, 0.2385975906345729, 0.11270003031593548, 0.180565801798886, 0.09596621213029291, 0.0, 0.0, 0.0, 0.0, 0.0, 0.0], "G": [8.310788388154869, 9.464611878861666, 9.90956700963337, 10.374735555461262, 9.982846489752927, 9.989032474233586, 8.684783937804957, 8.57035540036692, 7.976184889251774, 6.54197886646204, 5.833802114024195, 5.250358618102785, 4.287771159282853, 3.459660897008449, 2.4907111329786575, 2.166599272432689, 1.4202782657226465, 0.7379213805036698, 0.5064921341929927, 0.2818936553584031, 0.19024889840458015, 0.14499672967866503, 0.6739668110795048, 1.4348525704602832, 1.6553253427921368, 2.3117417883667137, 2.975316667734371, 3.8836697164501515, 4.804818033996282, 6.191814512816502, 7.607092413732163, 8.222498283055524, 9.23448295510925, 10.202482112829143, 10.643154511573968, 11.057010935136942, 11.97376895490743, 11.790022413407517, 11.780602257404917, 11.697870646946471, 11.331569122619735, 10.673524408006795, 8.983747621584186, 7.917884494243174, 6.761194983229155, 5.527499023089385, 4.594826682827256, 3.861056635552826, 2.3299211747997983, 2.411004127039188, 1.4276699528179897, 0.6487881863608141, 0.16334434772692652, 0.03245048186220982, 0.0, 0.0, 0.0, 0.0, 0.0, 0.0, 0.0, 0.0, 0.0, 0.19807960693891755, 0.28721307388568673, 0.4250884009140763, 0.7479159761809326, 0.5264048273911831, 0.13627074018908453, 0.39887256620430106, 0.3109111665688715, 0.35008811934995626, 0.2541625553991059, 0.6056410585537567, 0.25773844031363685, 0.08741168483825087, 0.02690866027376308, 0.15065714685074777, 0.3416620894388925, 0.1875179151289507, 0.36843299810028235, 0.1377676885096596, 0.160920956370925, 0.21112791495019229, 0.10042826479058124, 0.23140108814134525, 0.07752678375067842, 0.1985650383470713, 0.0014705691612572041, 0.0, 0.05128245716662728, 0.0, 0.0752657069802636, 0.05281796895185431, 0.04192087959361638, 0.01884718912732225, 0.03798076000065769, 0.010411703258989878, 0.010895000491276407, 0.0], "R": [1.1188960857703305, 0.7841908843226085, 0.6041838065178112, 0.30075564818721884, 0.3051424778994839, 0.0, 0.38482938440315884, 0.0, 0.0, 0.2791610374739567, 0.19428169004325316, 0.22462248718489844, 0.35834345028169456, 0.6191629545685606, 0.6626198104767569, 0.9124286792678776, 1.2072164178256415, 1.4055568716406357, 1.4258037993995452, 1.2841950767002106, 2.036465864850067, 2.684716221178214, 3.1115508047265164, 3.5267947581246326, 3.7556890844308453, 3.961356888473208, 4.074675998825449, 4.301358617880596, 4.42297031568972, 4.47879737814322, 4.462168802466252, 4.2273177458079605, 3.969258589010776, 3.3017321436829423, 3.290948925612043, 3.4735668527814636, 3.1431404582085665, 3.4585736573752732, 3.285465085736362, 3.291623818270568, 3.8710122971137078, 3.601023041108327, 3.3547190766642188, 3.5177173635044077, 3.1839175490408658, 3.2068020773727914, 2.9200656419475073, 2.986214781954653, 2.92712116424588, 3.327453226413585, 3.4439772569867637, 3.512699053289192, 3.5020677662433384, 3.729878722327595, 4.292593641623512, 4.763955986076538, 5.022435053622603, 5.069911704204037, 5.8224103270183125, 6.218938020667096, 6.920774393930179, 7.906619611893908, 8.834195243333776, 10.234451943147292, 11.3592630994595, 14.119588420602692, 14.010907332566006, 13.599435380378985, 8.279663792525223, 9.153586869243325, 11.318199654507175, 10.80719242113753, 11.645915866264305, 11.255163264255277, 9.597704600111529, 8.340155243794479, 8.504195467066792, 8.62979597491548, 8.360505886535167, 8.098872979349608, 6.934230494802034, 6.831660232817428, 6.243708070830667, 5.405068992012247, 4.740896320241543, 4.355597093935524, 3.784581521770877, 3.1604967998769666, 2.9596657534031054, 2.4336406931317485, 1.825239833588885, 1.5628179510954974, 1.3337143608778814, 0.9405316729605904, 0.9266461317012412, 0.6012024496735635, 0.48625631998688484, 0.3456160623128011, 0.24796394860611437, 0.17261499434650854]}