{"B": [0.0, 8.452606759152552, 20.117934967796838, 25.92334541113133, 22.620576004410463, 9.355964236846152, 0.06570988935692176, 4.519166949338717, 16.456787204242556, 28.210315378082793, 27.963490713861727, 22.046367671586406, 12.267553457498098, 3.5427767137177093, 0.23814968081534507, 0.23978295403017144, 0.0], "R": [1.5784333818352596, 0.0, 0.1451203125462293, 3.5404335222399164, 10.648088569298753, 15.591453022673859, 14.790040149366984, 12.131146149242756, 7.70069001611721, 6.341017858546858, 11.475393080563542, 24.48636617370271, 36.784632658890885, 37.69302960956623, 32.022052977571335, 25.78519023374564, 31.336733569065423], "G": [31.833662457665017, 25.90291904405334, 13.327018652694314, 3.3827171926005097, 4.752669609459579, 17.06257862015955, 35.75583496784153, 42.27530157582819, 26.47121127070707, 9.343046342401488, 0.7999968695450789, 0.0, 0.4427232070827761, 1.171412923308221, 1.3616154484530814, 1.9100554967092893, 1.9515364321654922]}