{"B": [0.15354413861764188, 8.737064644994602, 20.943974359214476, 26.333568345991957, 22.123893921859672, 8.321296589755109, 0.0, 4.499211757411794, 19.227696027778006, 27.45100115484268, 28.94259940918928, 21.221267785068683, 12.372662051487387, 2.2014517058159764, 0.0, 0.16600067555309195], "G": [33.15580097105302, 26.156014758761916, 12.83013631400342, 2.6684293457785966, 3.6497926486797887, 16.835403127425764, 33.93355386483083, 41.79475952377673, 28.13926782936911, 9.880737304508404, 0.0, 0.0, 1.2316547768617805, 1.9113152000863385, 1.892983876989986, 2.169902522104032], "R": [1.137180183297532, 0.0, 1.4339519382358474, 5.253141635988052, 11.54682309451446, 16.355434309610185, 13.317474807796067, 12.072584300340663, 9.483256447661363, 9.18541165713032, 13.271527941670643, 22.05399328072174, 41.78477339081503, 34.88991195602189, 33.25751381446618, 27.084476774887623]}