{"B": [0.0, 8.184627273711811, 19.972226802633134, 26.046781956093415, 23.412089826676006, 9.684666436725818, 0.25371251801368544, 4.3700768378381625, 16.35874206188196, 28.20395794114777, 28.43438786117285, 22.61049699082776, 13.076063655706509, 3.674687206381082, 0.26944155697794175, 0.17842993178551098, 0.0], "G": [31.814518413361704, 26.159413122151964, 13.666392643398739, 3.691732674816876, 4.584245120106342, 16.81742093040627, 35.30420923463912, 42.528667170099304, 26.784868554653055, 10.033313006949333, 0.9265603927797635, 0.0, 0.41398992125835776, 1.1238772782649256, 1.3728967279559234, 1.945103601207289, 2.0282236918216117], "R": [1.3781745434795911, 0.0, 0.0, 3.188798908622923, 10.023300705283116, 15.219814823968125, 14.391036441696572, 11.969088438096785, 7.594285871953893, 6.14235957320143, 10.92007728080756, 23.346508211009652, 36.736907688969964, 37.392204087084494, 31.951597513640802, 25.9670144509388, 31.563342393499898]}