{"B": [3.8283831068736216, 15.867008328735434, 25.921959056048465, 27.587683305030808, 14.163058553699551, 0.0, 0.0, 13.951886762205346, 27.08641788066136, 27.644723872112387, 23.25231562205113, 7.975174444236868, 2.4584489828782083, 0.0, 0.0, 0.0], "G": [27.519503952519454, 18.592951574483806, 7.1493233729805326, 0.7318368805588596, 7.697492743979786, 23.987867534521516, 37.37533210275274, 27.52255341120518, 11.98747963292792, 3.6515082039363262, 0.0, 0.0, 0.8651805874583764, 1.6689612933022233, 1.4625950129937817, 0.4195981937352235], "R": [1.2857810839853674, 0.0, 2.4083960559113224, 11.207407866295329, 20.252855468126935, 24.63740964803675, 13.747024760637824, 4.3497384745896035, 4.320619048035796, 12.476594470881162, 31.42406638659422, 30.20820473683198, 31.504159922480415, 29.09533258678113, 22.380203010815325, 15.554891896103337]}