{"B": [2.5261356066479443, 11.707417892824182, 20.301643013545483, 24.005020727467606, 17.774527281450982, 4.270445824827605, 0.0, 7.178702352248346, 20.476105212423885, 25.754836488668637, 21.872266113827067, 14.607806238442588, 3.8098882975912027, 0.2663363666777481, 0.0, 0.0], "G": [29.595188225343378, 22.63878296940619, 10.471854078837652, 1.3112179691802721, 4.9867321684704535, 20.043245982721796, 39.832413245231145, 36.41273993059014, 20.859141590292197, 4.835647917977107, 0.3802597793295792, 0.0, 0.6468223786086343, 1.9416415497299844, 2.6684279400585877, 2.133147822397191], "R": [1.1684020381267897, 0.0, 1.5703958425730828, 8.36870930643262, 17.7661710033673, 20.568525177342597, 16.994568236965282, 8.44519941250175, 5.128007281440426, 9.562544128392437, 20.609722438923693, 37.99496467807464, 36.44230437716857, 32.550228008858305, 28.65192249816732, 20.795318344887242]}