{"B": [0.6480335339776873, 9.002057727412007, 20.815600772372704, 25.910723242097056, 21.71722742417144, 8.023059482799841, 0.0, 4.91690941630306, 17.605836806354404, 28.605680486735473, 27.640493586519217, 19.844386502265877, 11.057306638656735, 1.5641667265077854, 0.0, 0.1914076092320055], "G": [32.600989943499464, 25.47932540005088, 12.442757764218703, 2.4595372503120556, 3.8896390801196037, 16.873545979741227, 34.69691309715824, 42.54750687153901, 26.30868969591848, 9.547621527103143, 0.0, 0.0, 1.0410937373115599, 2.1177187179041344, 1.9855516057373819, 2.510254492776842], "R": [0.7258407964430316, 0.0, 1.5596600338997975, 5.2132384475039295, 12.524474618483255, 16.781914018553135, 13.58248644330374, 11.74674951011197, 8.5051949813175, 8.746385126287624, 13.918966081736105, 24.530945779555285, 41.35545662726678, 36.81624138304121, 31.604360882111816, 26.034549030903715]}