{"B": [2.2938444342977897, 11.39591448931968, 20.44746507460717, 24.505555039953983, 19.067243512858383, 5.008980767141893, 0.0, 7.546757192602271, 19.069975337610348, 26.3560821654829, 23.298229310996465, 16.852946630638073, 4.625809765252954, 0.7606569212049986, 0.0, 0.055315429562081436], "G": [29.753179851534316, 23.241577294837686, 11.34143165108889, 1.6418742800995794, 5.134537898806708, 18.968909902975454, 38.699799187711555, 38.89645468535069, 21.276700404132903, 5.8351330916188795, 0.3917883724046352, 0.0, 0.630666125600945, 1.633564646236214, 2.2682393074851905, 2.442259128012966], "R": [1.1783172969352778, 0.0, 1.626675690701263, 7.410843307521291, 16.7027051682341, 19.609997811935795, 16.897162008945855, 9.735244212115813, 5.9435964428766095, 9.034864387801981, 18.30203363368828, 38.32566117155615, 34.525658489107094, 34.40287861549532, 30.06498128241801, 21.55139891569578]}