{"B": [0.42845847891273925, 8.983220817378225, 21.051581293496895, 26.44586513180414, 21.390261952979984, 7.835411937201816, 0.0, 4.74512089536988, 18.06256588728816, 28.86695945918556, 28.37421206521993, 20.312702427022597, 11.766916921451864, 1.6584379697285074, 0.0, 0.17202648626252645], "G": [32.803014691849846, 25.705069340120534, 12.543462407607556, 2.3427536532271858, 3.9059763819423035, 17.03671077748749, 34.27975366352833, 42.46089195275694, 26.86643362663342, 9.396670031764133, 0.0, 0.0, 1.1065238634766787, 2.1360183968462634, 1.9918222801256802, 2.5141344171946463], "R": [0.934077474563432, 0.0, 1.5432654835865478, 5.307239832212749, 12.364141224268748, 16.64756758610945, 13.43173973454941, 11.84404548930551, 8.697718837339844, 8.76698117642659, 13.630095343965142, 23.572870458356903, 41.450188029255735, 35.48993172495584, 31.657844304134912, 26.03607074099978]}