{"B": [0.0, 7.675203146433524, 19.99067537013361, 26.656956985657533, 23.276195842191438, 10.18576548124908, 1.09762518563336, 4.440455028241246, 16.728981274478986, 28.371921512568186, 29.80490088242222, 23.139680731040155, 15.90094913789894, 3.9950064604619375, 0.8201808013147924, 0.0, 0.0], "R": [1.1352734074618887, 0.0, 0.20493640519745923, 2.500990207052044, 8.9524073189884, 14.327196505733784, 12.68121101847941, 11.692281311461368, 8.107159136317923, 6.517067922697428, 10.05432159057093, 19.64106034211911, 37.8112076127597, 34.34750519661438, 31.998993095065067, 27.40514780852708, 33.76182602966037], "G": [32.89759565414433, 26.485153089159052, 13.730355872711682, 3.3445159556793764, 4.0746350444042845, 16.465440161348727, 33.870695658715825, 42.697429850149916, 27.91095892918723, 10.561037846025325, 0.45018317020883186, 0.0, 0.28232898198767065, 1.3836461368914779, 1.5095174960673265, 2.0446340968715586, 2.5553998049239306]}