{"B": [0.0, 8.195377171638963, 20.914836066156326, 26.683614169736288, 21.78733435882741, 8.403361433731021, 0.0, 3.9292356698548274, 19.31900537695118, 27.632690631628915, 29.638028418814763, 21.389237789662662, 12.855211515678056, 2.7306007459574224, 0.0, 0.1388474694217277], "G": [33.4469283176572, 26.65517971288874, 13.161123885401581, 2.795170184615917, 3.3531124986582155, 16.254282931718933, 33.64395468175798, 41.482968211619486, 28.306119222575447, 10.350175603096641, 0.0, 0.0, 0.5559767720671186, 1.900832924514951, 1.723319146775042, 2.004679009959259], "R": [1.0955748487229584, 0.0, 1.2635732672522, 5.091149683061387, 11.847139314058696, 16.439016533431065, 13.230361875122206, 12.21091853384504, 9.751720190306347, 9.589311655287855, 13.229861732129626, 21.203524794809407, 40.91018017776713, 36.01828336269994, 34.28045448855525, 27.700399784881153]}