{"B": [0.0, 0.0, 0.03611542210053008, 0.27544103635076533, 0.561817941290186, 1.275889479490167, 1.3381396653166415, 2.0710858206239533, 2.6180173592178058, 3.475326699913945, 4.1489839852584804, 4.87612706740894, 5.545252808883098, 6.21135463811676, 6.671121898426407, 7.13387211111443, 7.136139993110928, 7.570663327921812, 7.971592059772252, 7.57434283956456, 7.109319178998824, 6.972156267739514, 6.020638817956355, 5.69226508978285, 4.765448124313942, 4.516740067733069, 3.870365668965464, 2.735116559032887, 2.0732848050469643, 1.6328377331929973, 1.2063797002448815, 0.742649239762339, 0.39700329687485175, 0.3309199546545459, 0.0, 0.2970092762106121, 0.3415945996235593, 1.0102083002008968, 1.9035205838470632, 2.488477238039375, 3.2418873131691033, 4.6629891332188445, 5.1176897244973505, 5.800009401675777, 7.167794730994025, 7.244072007918126, 6.873643548021884, 6.83209906050174, 8.553676385253507, 8.2205726361391, 8.901939214017446, 8.807089224907823, 8.446332657572663, 7.933420875723077, 7.964723839092078, 6.981264603500674, 6.762654196256521, 6.052346579673119, 5.799232241523438, 5.261889011506918, 5.439707509344793, 4.482796786533626, 4.184275038031766, 3.463697870588701, 2.9937962916246135, 2.5898724884894584, 1.921936647463831, 0.7570443001528179, 0.4037639439428387, 0.742379118624714, 0.3757320712977489, 0.009784223542470133, 0.18984983415049014, 0.0, 0.0, 0.21133299964669194, 0.0, 0.0, 0.0, 0.1254161848005646, 0.40756800289852463, 0.33661959213148973, 0.4035968951602614, 0.29539013394282293, 0.4804744756488374, 0.2088209479247068, 0.19448267096850283, 0.12409267550896473, 0.2589257746035075, 0.2030428211352784, 0.0760088009105627, 0.2289244254071315, 0.09143713253626748, 0.0, 0.0, 0.0, 0.0, 0.0, 0.0, 0.018293910975137846], "G": [6.932625478565189, 7.564805492401884, 7.955572618124738, 7.89914930584455, 7.919464321338335, 7.033435040924441, 7.268673644803071, 6.354089976965559, 5.681171575444554, 5.129959088095532, 4.550406836022715, 4.089398382420565, 3.17703378974791, 2.525269234211851, 2.219084826766401, 1.3064245913997152, 1.095600961554372, 0.5932162883695865, 0.45541755833203096, 0.2791746012608885, 0.35014116134153217, 0.16342919185196714, 0.8589317549686727, 0.9899241235716518, 1.535986391482711, 1.848523234353378, 2.4564967852710993, 3.249957201395945, 4.263814627646391, 5.154617232502536, 5.796096298286715, 6.606966028125468, 7.445607028723442, 7.918835532586464, 8.531341912291081, 9.253240553572997, 9.297126138270661, 9.272548627485829, 9.539791324155587, 9.2585977161985, 8.76534812947044, 7.88206496137839, 6.9153459421321415, 5.73239000782764, 4.921796079974929, 4.2717353714649935, 3.4029111710189386, 2.411997878472091, 2.1146321193105275, 1.5194256779627051, 0.8653239981639785, 0.32072548488839964, 0.225460003089436, 0.0, 0.0, 0.0, 0.0, 0.0, 0.0, 0.0, 0.0, 0.020553452149016938, 0.0, 0.23317709921783522, 0.3035542381545512, 0.4423991127128818, 0.47784434163602485, 0.27134600536920905, 0.4347072684631852, 0.2618221338311019, 0.36794546475783957, 0.3664441692867389, 0.5278450705779111, 0.33949074596794143, 0.03999405326257504, 0.2046678592226577, 0.33585924625783137, 0.28544779135455506, 0.3806662929417483, 0.36142401801409113, 0.206565644441504, 0.3168642087655041, 0.18286401558165474, 0.2535926944378547, 0.18674707605966187, 0.1732781342292324, 0.20617047786764034, 0.15961002715263317, 0.020788427531190607, 0.11256707639583523, 0.0831184053008398, 0.04755239767897118, 0.02509530381254083, 0.026768793800402313, 0.03203170534006864, 0.02497093502575614, 0.038701753390832615, 0.0, 0.00683820270670367, 0.017446810444667907], "R": [0.9198730471625065, 0.4964970010165062, 0.30440136548585517, 0.1942068006110236, 0.11691856178444336, 0.1257033181191138, 0.0, 0.0, 0.18941071250807096, 0.0762176648864737, 0.1556913054784947, 0.16155942532734835, 0.3963383680712047, 0.326176282329334, 0.6304571286480956, 0.8097880725799004, 1.0364991719828631, 1.0642873684863179, 1.2874549960612385, 1.5429300348999992, 2.2171578048794722, 2.386184557385327, 2.857747993362978, 3.2546175459857927, 3.7227621931839776, 3.5878789347040416, 3.8714526578171364, 4.372658186330099, 4.158919814089328, 4.169824235086748, 4.005027057539441, 3.5700189743273496, 3.245615765788819, 3.324361511706134, 3.1263125492971846, 3.1386277389781214, 3.079437240614777, 3.329553062847455, 3.071715078216978, 3.542963273722101, 3.2628795827733024, 2.932924024939189, 2.7778624116199873, 2.9851371140603917, 2.6478463248288304, 2.462426946224749, 2.5264862970552424, 2.610886434301465, 2.647271539561779, 2.801513087282252, 2.8228338551835597, 2.863960916491871, 2.9800333824146925, 3.69928560455524, 3.97027004799057, 4.216637357275245, 4.319415955327671, 5.064334124233159, 5.552748486789791, 6.398634085134342, 6.934151568824762, 8.094678568701926, 9.536768798486637, 10.966853955731064, 12.704167509501707, 13.07695787370676, 11.446030254817266, 7.117207306189933, 8.951517971580309, 10.653232045473768, 9.926679695337825, 11.0665291492343, 9.94859221308771, 8.706052619581168, 7.724035477918747, 8.253292765173699, 8.079453376372628, 8.161855603084362, 7.395564553719205, 6.739165633096968, 6.567136421697687, 5.80483787668547, 5.2377240620067935, 4.659069431314464, 4.299466509711159, 3.7566792725204925, 3.1734644901793465, 2.952089774338117, 2.4727245570334935, 1.9093460523819605, 1.5843458431363824, 1.408344650924157, 1.111751825034694, 0.963545413488732, 0.6567770214491662, 0.5417501554899744, 0.3874711882195398, 0.3173588132975584, 0.2202640192906793, 0.14320641553007482]}