{"B": [0.0, 0.0, 0.0, 0.29846887300497577, 0.4596669853505599, 0.9761314567323319, 1.4605631839884763, 1.841866262158038, 2.6133938003897024, 3.184189151816069, 4.042388818289001, 4.531971288674507, 5.301319115200438, 5.9693937084292195, 6.276544785068332, 6.732329301222757, 7.183467200835066, 6.956045416907483, 7.574397864627368, 7.421719027310388, 7.174978270372374, 6.748901722342334, 5.966998720347008, 5.337548187268812, 5.0860857760308535, 3.920217772123545, 3.782599952953903, 2.892038554459642, 2.1165540118603445, 1.207891280094741, 1.137648286373438, 0.7529389296976204, 0.26686993287737165, 0.2631594604742106, 0.13893472376587132, 0.16984832660884147, 0.4136644522948283, 0.6012284159774813, 1.6820403755994282, 2.4143928369895153, 3.123553706705711, 4.190208771007393, 4.814953542602491, 5.76312556726216, 6.359698363252414, 7.313358518324537, 7.844761107048467, 5.45731767507591, 8.215760314345971, 8.11612038455056, 8.671773875269132, 8.413711832168602, 8.129925411061043, 7.860747431317705, 7.268525844385469, 7.098715711854476, 6.3188565166787045, 6.092656120468909, 5.372542155330068, 5.248025151241761, 5.017061588442906, 4.62439271566808, 3.7326391201804876, 3.5426186762173755, 2.8875961755935684, 2.3997235040469276, 2.31349449425937, 1.0998165367172406, 0.49533767865058664, 0.4910667989252784, 0.38246520904045744, 0.30820620276837957, 0.0, 0.03952431005875559, 0.0, 0.00011441871302324273, 0.05575936872830328, 0.06611920295897308, 0.0, 0.2946881568069946, 0.3597137454885175, 0.23679646007465674, 0.46848145550574427, 0.39437050433561266, 0.28168637261074037, 0.38839379204577523, 0.16285882212390965, 0.24340260715646203, 0.12847795960744585, 0.25213516299639416, 0.11827833371050224, 0.21843555666767053, 0.11967999905785541, 0.001659552796109843, 0.0, 0.0, 0.0, 0.0, 0.0, 0.0, 0.0], "R": [0.8269066024394109, 0.7589764551334617, 0.36329846169243946, 0.30375961490814685, 0.10451613255052274, 0.3013302807037695, 0.0, 0.0, 0.10304377858632478, 0.15335567072200015, 0.05282531197879442, 0.18168019352541967, 0.45419235091242555, 0.45181130925215673, 0.599400905818688, 0.7955660270801054, 0.87718303390403, 1.4544643420965018, 1.055591678867053, 1.5471113993297334, 1.946021691233183, 2.475897517263298, 2.6775307713216288, 3.3358506896739226, 3.4355454298109183, 3.8579056683074797, 3.811819543531456, 3.992210066472905, 4.23967839782926, 4.32920060164041, 4.013133079767306, 3.7082721382148995, 3.405297933250214, 3.08860450778013, 3.212561009447491, 2.927294968292724, 3.2289558696293787, 3.1430247786289303, 3.066664470092268, 3.338396342563151, 3.5026512733669186, 3.074585509194321, 3.161754709437177, 2.7858832793245547, 2.8907386979337333, 2.7260205143443508, 2.563543435038993, 2.4015367262774716, 2.8962341928222397, 2.885837412987386, 2.8572464425870496, 2.987616192061809, 3.0909612568041243, 3.511733033638897, 4.007441116349672, 4.248476994104511, 4.313546107250304, 4.908630094666817, 5.456232210610052, 5.992013328494989, 6.825463920988766, 7.756197457115342, 8.833410218642788, 9.890364309662212, 12.57545354632497, 12.928189627611575, 12.769136207076121, 8.607548616087682, 7.953927989385413, 10.025472816275027, 10.328086904750062, 10.113525980804368, 10.841557423187515, 9.446411441115252, 8.004097571020981, 7.68114400652877, 8.446301018270292, 7.6902115797291986, 7.9734537437377, 6.651305003045059, 6.522204680793648, 6.329216344063642, 5.08112499441366, 4.816033560829212, 4.37803062505413, 3.854363810412551, 3.265126598864007, 2.9763142048536255, 2.5150752507523566, 2.0335538712023795, 1.7031405528312469, 1.3584717055578763, 1.1121166613196718, 0.9872980317137554, 0.7062029525145077, 0.5646688460518702, 0.3983618092996877, 0.3028599608287567, 0.23151631358536628, 0.15320456332427312, 0.29480873902175186], "G": [6.9159976282912705, 7.595531731233246, 8.15675638055138, 7.81987211778039, 8.207442716425211, 7.444819841818092, 7.060118002796219, 6.883492776071858, 5.721056154001995, 5.285110832733245, 4.800776731333779, 4.100785627670546, 3.219956990983684, 2.654990306478772, 2.050990259698602, 1.7174996459171914, 0.9746477957602235, 0.6803046083594184, 0.3359618858424768, 0.33849850535809517, 0.13277645303297483, 0.30538153357122005, 0.5816938336253302, 1.026562012891877, 1.2235630210889956, 1.9733365237759064, 2.394060826123784, 3.3345860571796844, 4.13081143485373, 5.2186205747262, 5.80777792444778, 6.727338527775901, 7.532156695898295, 7.931038450322114, 8.471820801381876, 9.521391421252355, 9.38291188612435, 9.477894963805458, 9.536649380913463, 9.273879377411918, 9.145090802409221, 7.925564609677115, 7.166244179258412, 6.2588132961475305, 4.985254204727068, 4.235254162405726, 3.7360594554964885, 2.36314676967331, 2.2839604918642182, 1.701463419224108, 0.8652630607934899, 0.5274591139272543, 0.19480556887027217, 0.0, 0.0, 0.0, 0.0, 0.0, 0.0, 0.0, 0.0, 0.0, 0.2007300093601073, 0.04711791763604416, 0.3490241127758414, 0.5646276371346589, 0.43126500566899045, 0.1985321788672546, 0.2896034406398818, 0.3939317674398189, 0.20447163154606968, 0.39950902282565537, 0.40123267815450897, 0.3062454877747511, 0.22453598332650612, 0.0595536994741155, 0.20303323644899327, 0.2429912156154243, 0.22352124577823762, 0.32169253024136524, 0.23792070758734726, 0.18503932017868643, 0.2595836854605389, 0.13335131591715987, 0.18235843013295924, 0.1670662638200098, 0.23390323106442157, 0.03333214691106447, 0.13119432285241642, 0.024231545327399386, 0.05407505121439806, 0.03488756187174995, 0.07454765085692981, 0.02925987167688702, 0.012199767406092243, 0.014551528461165874, 0.044696835272051046, 0.010853036230163902, 0.0, 0.02529567350215749, 0.019607461510417534]}