{"B": [1.2216504588965018, 9.942218831884183, 19.492536393970667, 24.574758989284415, 20.42260248062965, 6.21878673230575, 0.0, 6.206198257053019, 17.76300681628231, 26.08073520625848, 24.43222726588316, 19.715616313243395, 6.826348518032489, 2.45325754991416, 0.21324542847846553, 0.3422500562494384, 0.0], "R": [1.9679682138361296, 0.0, 0.1684020093724066, 4.743785345636305, 13.752744692592868, 18.616479259638062, 17.551980271917085, 10.550142831949374, 5.2531710420302735, 6.608058414409106, 15.175544069130268, 35.049284904575515, 33.135778496776666, 34.15615972909888, 31.059719894011884, 22.538338771321726, 26.200665717346443], "G": [29.972608331617305, 24.32944505644811, 13.019322077720549, 3.3242661273312586, 5.980193509143775, 18.616614478241786, 38.16582122788878, 39.32509037434089, 22.706079866894953, 7.622825450178773, 1.5687521589085862, 0.0, 0.0, 0.6126584862774607, 1.6150293415134191, 1.6183052082744112, 0.7556099074433842]}