{"B": [1.3342056145670453, 9.919462815312158, 20.35492684002406, 24.875079179373866, 21.058062676244077, 6.807506182068834, 0.0, 6.278679105641848, 18.20053809480117, 27.349499580497653, 25.083899416575374, 20.058597579860084, 8.426930737279362, 2.634368999294782, 0.36944847443253703, 0.3187320921117918, 0.0], "R": [1.5331225372556117, 0.0, 0.34998388886539056, 4.925836958261313, 13.025750450603244, 17.48388673415106, 16.268709849132808, 11.048824502039178, 6.153709648835396, 7.024734947227805, 14.179407872202532, 31.948124005509968, 34.30894955968871, 34.64062695285103, 31.338543932710518, 23.93285133274073, 27.64649341673467], "G": [30.491397348967727, 24.61693758704659, 11.797949713688944, 2.030633772218735, 5.0112233386210105, 18.543637539191376, 38.54102508977415, 39.84421123059754, 23.135655269467158, 6.75431162273524, 0.0, 0.0, 0.35625801966732207, 1.061876934837539, 1.918146941513128, 1.9677258978704724, 1.3637585298080162]}