{"B": [0.76975558314492, 9.201899472498345, 20.4935012746419, 25.40209954849465, 21.663633640484193, 8.255726052223006, 0.0, 5.570252492030434, 17.26355292004204, 28.133585171198572, 26.999337176463232, 21.484244422012843, 11.029251947725212, 3.5366343314077002, 0.23598535264384132, 0.1930970236769718, 0.0], "R": [1.4097773318748321, 0.0, 0.1835877237974522, 4.069899028086663, 11.544526028669829, 16.244108425698766, 14.947000197205174, 11.855017463112846, 7.110714685391828, 6.340342334162544, 12.057318231462201, 26.679204137916685, 35.70248761340807, 36.40426313273316, 31.546515042696367, 25.231577375383747, 30.32298981829325], "G": [31.448293051940873, 25.331655007946626, 12.940735802354448, 2.879456022016721, 4.854218415868452, 17.64772987186332, 37.064775603185964, 41.22451442515672, 25.614562245936064, 8.415548819533686, 0.8187845395398492, 0.0, 0.7293619987328065, 1.22508956854097, 1.596312001511512, 2.0695155415578865, 1.9682165825042506]}