{"B": [0.0, 6.983649842772038, 19.561967689267963, 26.753802000887756, 24.006927486674492, 11.596061787696444, 1.946744032228724, 4.253570374724347, 17.99474333809084, 27.00922953189986, 30.990950270622367, 24.473730426385337, 17.46542894324714, 5.4274723279754875, 0.8545682293146891, 0.0, 0.0], "R": [1.1201532542330785, 0.0, 0.007137305265112848, 2.0979711857355605, 7.796735329247078, 13.111796700735917, 11.709412641436158, 11.494212592626486, 8.745871465998189, 7.232938115862753, 9.110011389414606, 16.452993714280783, 35.70446640194532, 33.61267867933028, 33.80968140386953, 28.50517214128635, 35.992544730240645], "G": [33.44792927995035, 27.545869886555728, 14.672666943619513, 4.057966887169883, 3.5556472194000768, 15.498079286332455, 33.01865155865158, 41.69333892824814, 29.723856739990335, 11.776480707272336, 0.777970631135916, 0.0, 0.0, 1.3564643162532855, 1.522656451474706, 1.6926857198940595, 2.461893486716773]}