{"B": [0.0, 7.5771193840141535, 19.875156453726635, 26.558932006260747, 24.06188433795394, 11.014093682104786, 1.4301120770023783, 4.572378620127041, 18.00168080493004, 26.99114567925718, 30.352091865847648, 24.14083331463515, 16.699566336835773, 4.516604190610696, 0.741833923810109, 0.0, 0.0], "R": [1.2804919294709196, 0.0, 0.15820974118076095, 2.467760358491209, 8.019000620491804, 13.73711559709503, 12.399475058712698, 11.753845264790838, 8.770328960207998, 7.110960517064539, 9.623206566281137, 17.92015447192304, 37.79642864782989, 33.57434583821443, 33.58042298710064, 28.472277430937496, 34.93310954492757], "G": [33.20170737424716, 26.958667422020653, 14.104839492546752, 3.7228266250032034, 3.868906828670626, 16.20939993609004, 33.469124525777715, 42.016642807440796, 29.32653061923521, 11.05359195496877, 0.5695111544709462, 0.0, 0.45819201202873105, 1.2559203555176814, 1.5061229835754937, 1.6909940309306668, 2.4953101026365747]}