{"B": [2.5776256507777355, 11.679084756282371, 20.6446574153625, 24.465361360475423, 15.56597132159677, 3.195532734019937, 0.0, 8.589417404039342, 21.385304524758713, 24.59756347406626, 22.355659997062528, 12.023231821275562, 4.763491750300031, 0.655489707932849, 0.3401697929357452, 0.0, 0.0], "R": [2.10904969978223, 0.0, 1.3671536878529782, 8.450799775584201, 18.080177884849412, 22.958151935704386, 17.178082318408492, 7.651934790854938, 3.9472533983701132, 9.440906815114515, 25.12997016966681, 34.067992457101724, 35.82711447100937, 32.55991468025688, 27.359213960403316, 19.714758496860856, 21.346526073181387], "G": [30.06706966144094, 22.194831153486348, 9.633358001457895, 1.5199564068071352, 7.280381320974963, 23.649001172334376, 40.86557541379549, 33.734643931006886, 17.627379256304224, 4.966997426695795, 0.3271005477522261, 0.0, 0.2748300220044594, 1.1751315597584135, 1.8225940438796595, 1.0168808864382082, 0.0]}