{"B": [0.0, 0.0, 0.03488739135710129, 0.266208806689178, 0.5430292925871999, 1.2332388584830183, 1.2934373546654307, 2.0018009248158917, 2.530554480352984, 3.3592857413644754, 4.0104600585097465, 4.71332207440791, 5.360149161635477, 6.004051435345803, 6.44854115858493, 6.895868892091562, 6.898110673758275, 7.318159924408266, 7.705762971846795, 7.321807097161887, 6.87236991353352, 6.739765324937888, 5.820024155674312, 5.502651040978993, 4.606796133647156, 4.366375858907139, 3.7415666457110297, 2.6441669995253587, 2.004432173058008, 1.5786453886349903, 1.166398937213615, 0.7180692694937465, 0.38395263948417974, 0.32004476989877817, 0.0, 0.28718357419885215, 0.33021480544753423, 0.9765577283660832, 1.8400000261265848, 2.405434878005597, 3.13371192052014, 4.507344262776306, 4.946873391696216, 5.606460651371684, 6.9285961415152055, 7.002365071502561, 6.644330981193289, 6.6041945050906845, 8.268395260010152, 7.946431021202623, 8.605070903311084, 8.513393219326705, 8.164712899302412, 7.668970972667242, 7.699283743287092, 6.748595944769912, 6.537307352220051, 5.850704125571678, 5.606050505385086, 5.0866347729252315, 5.258581222614059, 4.333653571955966, 4.045061297500001, 3.3485774232463656, 2.89438214528774, 2.503905511780895, 1.8581652738908798, 0.7319715525754178, 0.39050234831072406, 0.7178225414390879, 0.3634219542773646, 0.0096212703756649, 0.18368563070808247, 0.0, 0.0, 0.20434243997712118, 0.0, 0.0, 0.0, 0.12123972246546989, 0.3939559722691267, 0.3253423400267959, 0.39010050790153916, 0.285499005827087, 0.4644054216353394, 0.20180710823863923, 0.18795168909412094, 0.11989252060719571, 0.25022586934124796, 0.1962338432699633, 0.07342664228064548, 0.22124114595245567, 0.08836550310695206, 0.0, 0.0, 0.0, 0.0, 0.0, 0.0, 0.017681445088855347, 0.0], "G": [7.116819197629912, 7.765797031670612, 8.166953913358073, 8.109044738835278, 8.129909109032688, 7.220355222028379, 7.461926137405746, 6.522994243834747, 5.832187873368044, 5.266334254159151, 4.671397546356924, 4.198147963626572, 3.2615370618083297, 2.5924565406842475, 2.278127870751357, 1.3412139357030197, 1.1247780429585146, 0.609046183799768, 0.4675735561746137, 0.28662656442904133, 0.35945239890650765, 0.1677649162351984, 0.8817216943771929, 1.0161732386779507, 1.5767242698487702, 1.8975664584019345, 2.5216775322613136, 3.336219042599206, 4.377007807041564, 5.291484355965466, 5.9500110239779, 6.782435536378418, 7.64336602421788, 8.129174753286806, 8.758011585849298, 9.499063289412877, 9.544131335254253, 9.518908167557953, 9.7932827918684, 9.504625250667361, 8.998283517450275, 8.091554971507575, 7.099160607590305, 5.88477839807106, 5.052653260916493, 4.385315176204606, 3.4933971807298083, 2.4761436380960973, 2.170881168075487, 1.5598431997059399, 0.8883656979197994, 0.32928914474293647, 0.23147910284858042, 0.0, 0.0, 0.0, 0.0, 0.0, 0.0, 0.0, 0.0, 0.021023123455389127, 0.0, 0.23926462814753008, 0.31150793858644305, 0.4540550749827198, 0.490444829224223, 0.2785071650825287, 0.44619167014882877, 0.2687195005189921, 0.3776636826453708, 0.3761253887583623, 0.541826188323106, 0.34853784575529306, 0.04105181453229719, 0.2100884404459797, 0.3447879948615079, 0.293016490117565, 0.39075563943367364, 0.37100987833523413, 0.21204793177975456, 0.3252772552458338, 0.18771525398296876, 0.26032042709000147, 0.19169839506666864, 0.17787264377975762, 0.2116431131317078, 0.1638450296902439, 0.02133981260318937, 0.11555030302233561, 0.08532190645416128, 0.04881230898768774, 0.025757537210796315, 0.02746125959138454, 0.03286694535591865, 0.02562415946435495, 0.03972247116684134, 0.0, 0.00701232295485854, 0.017909641196271864, 0.020400093727312902], "R": [0.9187798818587662, 0.49613405956721773, 0.3043843574165499, 0.19431577848983914, 0.11707733265313222, 0.12564837579300792, 0.0, 0.0, 0.1888610537124189, 0.07558220028326701, 0.1547231659698192, 0.1603954767299215, 0.39455510199245686, 0.32428126055792067, 0.6278788243680224, 0.8067398298229412, 1.0330249522889616, 1.0606071451505616, 1.2832645695507008, 1.538387361157217, 2.2115805031983333, 2.380391043681059, 2.8514479878857526, 3.247730688057037, 3.7153428742066277, 3.5807665808944313, 3.86408676126602, 4.3648233682452355, 4.1516405180781355, 4.1627173822785535, 3.9983430577706547, 3.564271256356089, 3.240523980556606, 3.3192102847356133, 3.1217103237793453, 3.1339249549903907, 3.0748790371420096, 3.3243757382731376, 3.066798256564822, 3.5371195372277486, 3.257265010561722, 2.927492661485999, 2.772507750260636, 2.9791699855697624, 2.6420655404257833, 2.456857661640715, 2.520821046261249, 2.60502457180089, 2.640847293412446, 2.794872665795845, 2.815946419283882, 2.856998388865772, 2.972932643056226, 3.6910884646827045, 3.961566734529057, 4.207815484020838, 4.310448312393052, 5.054317330469838, 5.541979452871834, 6.386616853427749, 6.921153003245776, 8.080024825310591, 9.519801293760853, 10.947784065487948, 12.682351866501026, 13.054656519747308, 11.426647807481507, 7.105282649978067, 8.936688667928875, 10.635525679516025, 9.91023561038207, 11.04837975589328, 9.932211493290763, 8.69182775280558, 7.711439943169033, 8.23974605349828, 8.066282205981723, 8.14857720549422, 7.383557857548047, 6.728176787448111, 6.556363942197844, 5.795368815969829, 5.2291406269823755, 4.651468439964738, 4.292407192842863, 3.750577641864122, 3.1683094925507382, 2.947331035342243, 2.4687027072223007, 1.9062396043108902, 1.5818077778532083, 1.4060524495410183, 1.1099481115509875, 0.96200209402277, 0.6557293254306017, 0.5408818549062626, 0.38685200988089685, 0.31684673986205203, 0.21991604143829904, 0.14297274732095197, 0.2938172906864433]}