{"B": [1.4178965873195377, 10.412532682665177, 21.411764963989548, 25.50530395287797, 20.456788770042586, 7.2266792961153, 0.0, 6.310622085522322, 18.5047975337988, 28.431026764325047, 26.340301298669555, 19.113081807666973, 8.620082183696157, 1.67613692210394, 0.0, 0.3603478459642992], "G": [31.42310812216683, 24.74855178050216, 11.723904899065932, 2.2291979878756503, 4.568935855537123, 17.89125942627821, 36.872629973997235, 41.35753055199524, 24.907355822895447, 7.48270491839978, 0.0, 0.0, 1.4308539631835213, 2.1571274512777054, 1.9659123987532476, 2.6219383585214926], "R": [1.1735450814461912, 0.0, 1.6459511820274766, 6.362373702682375, 14.252939830055993, 17.762155080532946, 14.943614840579846, 11.769257922768018, 7.950491492339272, 8.753289167409877, 15.045687054063286, 29.136594919789356, 38.41567424977116, 37.8272616249996, 30.912568371672535, 24.261258977751126]}