{"B": [0.0, 0.0, 0.0, 0.036736584032555315, 0.4915917948978472, 0.9825416410529692, 1.6738995290111947, 1.8471197636928645, 2.5225471565985154, 3.13119586563745, 4.0111030797460865, 4.750572956934461, 5.470113874328635, 5.890882381702845, 6.574618814813029, 6.837070377566788, 7.2851524823367395, 7.207476547872312, 7.968965259201069, 8.142312191134438, 7.462094970741049, 6.941715072916482, 6.109366527413076, 5.108839874929191, 4.971030856596194, 4.162035159076731, 3.924762302962915, 3.08823133178085, 2.1468175650306507, 1.525000418707183, 1.0279104345615346, 0.6623969209970579, 0.38561713857293933, 0.17235907380025128, 0.20182636305297755, 0.06698293264549685, 0.4425719387244155, 0.7168856858185708, 1.288630015602731, 2.4447342115991884, 3.1240721957770936, 3.940207977226828, 5.371707086603656, 5.743802813407143, 6.428426515992361, 7.677207390459192, 7.749092128468992, 7.298347954948205, 7.05429653686418, 8.714602627067732, 8.34134448712322, 8.79826924752771, 8.615778660741583, 8.259134831103998, 7.452584309447512, 7.5332719516752835, 6.542546282809588, 6.371368092010294, 5.665720936897741, 5.409183214457588, 4.9165669471754985, 5.004970439524777, 4.097510642546849, 3.7191965452383915, 2.956442021604298, 2.5953076959106833, 2.279733457584595, 1.6346092823009784, 0.6482498355959058, 0.3420873688583997, 0.5851385833031351, 0.31946738329433993, 0.0, 0.16276773257545377, 0.0, 0.0, 0.1762235945016618, 0.046560180640802896, 0.0, 0.06911262783309845, 0.19091182772489498, 0.5049492186291591, 0.33988713067810433, 0.41028706595305126, 0.38242464022961753, 0.48923758265385414, 0.21499613444115265, 0.26949463806891444, 0.1703561268827245, 0.24470481094276342, 0.1621844614793567, 0.10038709535837224, 0.18852850832021079, 0.047220636070945086, 0.0, 0.0, 0.0, 0.0, 0.0, 0.0], "G": [6.925115483288727, 7.68650597268837, 8.19073754799544, 8.44300677260202, 8.269990587186077, 8.083799330559504, 7.015505576690092, 7.220061976144267, 6.278189178211826, 5.486772334769409, 4.823785672760496, 4.224814608483901, 3.600380553674805, 2.8087713500947986, 2.08045618414302, 1.9007278496513378, 0.9224624667672773, 0.7844458270135892, 0.43142119805223544, 0.23490610097164344, 0.16426974917124273, 0.27148084290726615, 0.49906271788413037, 1.201215862688844, 1.3118820020596498, 2.013372811865863, 2.4177779371036494, 3.090668563440034, 4.058985535196849, 5.091146871571878, 6.061746580137642, 6.947405478646383, 7.539054989887601, 8.239077455659608, 8.735502095988092, 9.254552255867477, 9.899886948059997, 9.714967754325432, 9.637296172750514, 9.70204121998033, 9.216731969308777, 8.497314053166955, 7.480488323104727, 6.513490521378993, 5.2508182326037005, 4.517687471542487, 3.778089800834763, 3.0260090724250963, 2.1108182534952484, 1.7652656087914333, 1.1832865158444907, 0.6589651387916658, 0.16554119968574946, 0.0030009914006268903, 0.0, 0.0, 0.0, 0.0, 0.0, 0.0, 0.0, 0.0, 0.015409630202938817, 0.0, 0.29988972609607867, 0.33817709174097577, 0.41842371899977737, 0.5524701358731634, 0.23010982541871178, 0.3932483841714992, 0.21446919121267763, 0.29703652303879097, 0.3080251951603855, 0.4273657656966024, 0.2551744468424296, 0.0, 0.09160992247541751, 0.23941825740676967, 0.21663493820970356, 0.2869261437380514, 0.2786548550676617, 0.06821051970701825, 0.22703982362449115, 0.125144247926644, 0.20369839491912917, 0.13308478324507936, 0.12513272434360015, 0.15681694505224408, 0.09574918962203688, 0.0, 0.06983211482987718, 0.023750987501123446, 0.04290611499444675, 0.028741820674347295, 0.03008434132199429, 0.013322999144472965, 0.03911582860358763, 0.0, 0.0, 0.0], "R": [0.8447048623234279, 0.7306496487504134, 0.39138637887709427, 0.24067145421253378, 0.10157143566793543, 0.05389133562762186, 0.10326599130879967, 0.0, 0.0, 0.23001330547132562, 0.12086005522833028, 0.20407005905954834, 0.2965835920028206, 0.5841446246192018, 0.5552192544971205, 0.8629260576416742, 1.0799684100325355, 1.2929767553162743, 1.1166428080099267, 1.4558984484145734, 1.9097449755549554, 2.578512766684923, 2.8875770220650887, 3.204692523011669, 3.5127963421732478, 3.803159667865277, 3.589266502446317, 3.9864048786204473, 4.208151839680304, 4.053670128485722, 4.003073389459054, 3.8712607482576527, 3.4017117319780037, 3.021024465819561, 3.202484659099134, 2.993305141869006, 2.8993757952113572, 2.8706415908092775, 3.1899720853863145, 2.9844841745483386, 3.508176919896114, 3.3091548163321436, 3.034682419803291, 2.9072652036370084, 3.1069686624153916, 2.77214731273096, 2.6324666760846047, 2.7035337605875602, 2.806838623232811, 2.9688662415212543, 3.1593669141832788, 3.160425368323749, 3.214405308501297, 3.346361602225364, 4.107424249807373, 4.362750632842479, 4.609712681474971, 4.6637903396595535, 5.3612558872852345, 5.859083161843983, 6.659729519778729, 7.256581054877964, 8.345788536518223, 9.80411927284736, 11.243313867551983, 12.896687733580176, 13.220013466269059, 11.520823802859871, 7.132868449539925, 8.919339114802309, 10.668230554035805, 9.890798857625326, 11.002202316922101, 9.891394086352962, 8.604882982461993, 7.6125051467985, 8.101261840622119, 7.887273441154138, 7.944261825483253, 7.17410546222214, 6.490687818061669, 6.311842071567485, 5.567539735974146, 4.990774701901111, 4.319378707703996, 4.001210260012173, 3.47689972050885, 2.850694580470527, 2.676153002547769, 2.2105629003875595, 1.7167264299675125, 1.3943364269759766, 1.2372074433036795, 0.9425806646556282, 0.7983136689738697, 0.5628700219328882, 0.42839192509287577, 0.3223608800920822, 0.24689036693629116, 0.16568506106617123]}