{"B": [0.0, 7.895268119459467, 19.981760813972812, 26.807786827686332, 23.44454137930357, 10.090677336204024, 0.9248466042450005, 4.386157891635502, 16.207261928272953, 28.41294469890834, 29.29413721823888, 23.034297265358106, 14.125329471208332, 4.067449616635083, 0.3754747202247848, 0.0, 0.0], "R": [1.2501911810169224, 0.0, 0.011569851081643096, 2.5761406596861423, 9.95226129464918, 14.841716061641252, 13.793847786212197, 11.75195597390108, 8.095787299917749, 6.163987348998443, 10.618208181414044, 22.01825881775536, 37.23949356000144, 36.76062717039924, 32.12847513052927, 26.884018610591895, 32.5782687079069], "G": [32.34315052085429, 26.490543675772958, 13.940983695338575, 3.7868666841758496, 4.2030359506858925, 16.51741256968784, 34.564569728153124, 42.985002528019564, 27.10376968993617, 10.680616448344518, 0.6893261041906701, 0.0, 0.24189716147453463, 1.1506613070193963, 1.381169034568296, 1.8386979404613482, 2.1342157962576658]}