{"B": [0.25037645279335696, 8.921959606823567, 20.711607264083824, 26.22696133611929, 22.461394523693453, 8.927470088497955, 0.0, 4.966034441992107, 17.230729284015165, 28.553650744103752, 28.04796750432397, 22.091653798305515, 11.637803549770146, 3.568604787852195, 0.24512711724798253, 0.16148040678462888, 0.0], "R": [1.595518007002477, 0.0, 0.3145074725113432, 3.746871281969449, 11.14808898749139, 15.888707906149865, 14.704029846863834, 12.050164443757353, 7.380851583970837, 6.474381651946644, 11.785217297531808, 25.5146947427644, 35.8548407175255, 36.86429145022592, 31.437768600161267, 25.309342532108516, 30.4315341565623], "G": [31.652340876249013, 25.606165490399817, 12.951996747652233, 3.2383224085839735, 4.813081403791697, 17.444480141079026, 36.52685630776364, 41.71451205353223, 25.942326852695583, 8.680250472169092, 0.6605725991473281, 0.0, 0.7375099832478057, 1.3658988478449896, 1.513312164889834, 2.1030120008807884, 2.042295142310028]}