{"B": [0.24652404960468266, 8.77554391701007, 20.371130597808815, 25.79555066465664, 22.091740859277422, 8.780450385979936, 0.0, 4.884620140760411, 16.947557716367275, 28.084029411723005, 27.58641712877947, 21.727804241457623, 11.445766959980162, 3.5093768242311936, 0.24071794890379353, 0.15859199460363532, 0.0], "R": [1.6001589571934658, 0.0, 0.318132707199017, 3.765420861105576, 11.195236120764886, 15.951864603361779, 14.760159752737703, 12.096228403927762, 7.411139399583128, 6.503733124561613, 11.83593456093764, 25.618837707954857, 35.998157215713576, 37.01031251987529, 31.561825030417733, 25.409134075764243, 30.55138450267694], "G": [31.689433862725686, 25.635666298269516, 12.966332703177823, 3.2412548194328896, 4.818307088260545, 17.46517283531947, 36.570177053324244, 41.763485793450315, 25.972199013356878, 8.689518812386632, 0.6607072325524515, 0.0, 0.739133259169601, 1.3685184168229543, 1.5160053549495838, 2.1061719414159845, 2.045358837961128]}