{"B": [0.0, 0.0, 0.1469090833955009, 0.22587620511969345, 0.6999409918903232, 1.1132547362026997, 1.4706328576271335, 2.2329799688593734, 2.6822638755500656, 3.4786355627411654, 4.071507546773565, 4.834364652851574, 5.641356784130574, 5.994772369531345, 6.415008698935513, 7.026131961829389, 6.851129279581747, 7.382837694081612, 7.163544458075808, 7.232980604061337, 7.005979305170142, 6.6253108004719214, 6.244114899786401, 5.630471472953277, 4.444069332179702, 4.300887101938809, 3.320442180641081, 2.5626326801443122, 1.8588719215963667, 1.4869539581998883, 1.007032364835295, 0.49754158076781474, 0.40824299790850843, 0.1974160272071833, 0.08104100143474023, 0.13932919056011064, 0.4431944829832752, 1.1142500410814118, 1.9265529672825044, 2.499513791356767, 3.5538296579459328, 4.262792763940667, 5.131469605590905, 5.832322327042566, 6.717775537624478, 7.327934690133361, 5.130403454195262, 7.913560886029125, 7.8773768794457055, 8.502535407270669, 8.502986573856003, 8.18961654017256, 8.09573954271413, 7.647458941141402, 7.459149755245421, 6.602485683758478, 6.454279611847, 5.716965788011202, 5.56758566361019, 5.287356802572053, 4.969919392564929, 3.9622371719720744, 3.9317244835039786, 3.351189454316568, 2.7092210061188577, 2.562392472493102, 1.2395649941208882, 0.5925223116556596, 0.5604558767616246, 0.4430258208074138, 0.33370474479755474, 0.0, 0.05888540829903496, 0.0, 0.01484378472978527, 0.04168461757113078, 0.035074777994897624, 0.0, 0.23604312776828665, 0.2705813977177347, 0.16142062249534445, 0.4711881436573334, 0.337438894295769, 0.25656173316372577, 0.37917113162783395, 0.14616803092745684, 0.18733283599210265, 0.08577394273931488, 0.2602637687433868, 0.08446275366757551, 0.19750981396141712, 0.09285223787439122, 0.030133325699157207, 0.0, 0.0, 0.0, 0.0, 0.0, 0.0, 0.036442410242209185, 0.0], "R": [0.9030569288649394, 0.5305168825841987, 0.4029891694026286, 0.22494010032723352, 0.32713279948334306, 0.0, 0.0, 0.06832994195944223, 0.1808529251529416, 0.024318659306943245, 0.09372674466434894, 0.3689204993229548, 0.3004985846319205, 0.42080966760221555, 0.6103554135947276, 0.6905773332064652, 1.303782845427666, 0.889210373564701, 1.5593099798441643, 1.8138763954407162, 2.178944510005046, 2.4490661525538644, 3.1422559777546204, 3.6120574345659744, 4.154618620588762, 4.140258713609036, 4.422680471760742, 4.759409695876579, 4.787988234360165, 4.6649709136854804, 4.3395797970158165, 3.8842124355483856, 3.565467965591276, 3.740387679601038, 3.4373318199805434, 3.723450878854885, 3.5577078374118507, 3.5482766770329124, 3.784404979147254, 3.786549491838274, 3.30905247339187, 3.327542409843207, 2.874338952068267, 3.0310287410350036, 2.8033456751615176, 2.5342146944197332, 2.516795966201227, 2.8477497708783175, 2.901961873984089, 2.8661722088619443, 2.8203317026328434, 3.028320615189117, 3.5271954039333573, 3.956546938893039, 4.28531795601559, 4.3166978905387605, 5.021887524013236, 5.604826242649308, 6.1987574979148095, 7.165770422869509, 8.145154864651888, 9.406188805453649, 10.494272253559622, 13.37054661191929, 13.864444574182945, 13.75154524457647, 9.314260190463342, 8.654641856881193, 10.979108592821637, 11.272130233261134, 11.081026930262267, 11.861891477547742, 10.343950820477955, 8.838182235660797, 8.517190680165477, 9.441600587987283, 8.537195309649908, 8.947006972587143, 7.493260550580481, 7.385115795489488, 7.2331595184417825, 5.803040742006906, 5.523530298046297, 5.096844423648042, 4.49931130358633, 3.9116539841322155, 3.5584013256437554, 3.0449314163449515, 2.4829676587366514, 2.1206007946582903, 1.6957829031539844, 1.4141850728132992, 1.255150982759454, 0.9405287197445336, 0.7276576734938094, 0.5499683899664423, 0.4055317940347116, 0.3355789795479867, 0.23923994247331837, 0.14805163659997025, 0.2708936287481881], "G": [9.060612098331642, 10.116529892244225, 9.875724469644721, 10.52070472852354, 9.648720188112328, 9.337212625980255, 9.109053893566946, 7.717562592385799, 7.287202103793314, 6.680147824689762, 5.818990923653681, 4.724928451342026, 3.9090038629024697, 3.1598467263265304, 2.7554507313157957, 1.6882349040295332, 1.2558877739702217, 0.643773591936974, 0.5584618874395618, 0.28422791396797387, 0.4432689654431924, 0.4444306043581141, 0.836073294958417, 1.2241084403212985, 1.9730920240820917, 2.5122421997319373, 3.6785362180155685, 4.418893150772673, 5.697899851982838, 6.465903576543715, 7.748779787471082, 9.115261146669784, 9.544103440011682, 10.314517952042609, 11.698124161091446, 11.953618601779734, 11.96263192483122, 12.406841163865096, 12.071923610181372, 12.229049301246533, 10.765215579177376, 9.904544984190899, 8.84684070315599, 7.084602409234541, 6.154807024976277, 5.59760378485065, 3.4493398599815395, 3.5217306561121022, 2.6887404203145953, 1.5076082889020517, 1.0075010313841373, 0.5028053090208726, 0.041936357802456935, 0.0, 0.0, 0.0, 0.0, 0.0, 0.0, 0.0, 0.0, 0.28992873598354013, 0.0, 0.38416631155589015, 0.7541805176020839, 0.5565938275219043, 0.28522782594019874, 0.4118691120761303, 0.5689273337912446, 0.3242327098758503, 0.6320559517077092, 0.6843454437603177, 0.5154299168761575, 0.4181583576754332, 0.22535188293630226, 0.3700017134705562, 0.46784765905473, 0.33976160712064885, 0.5082349844716083, 0.43496723226477396, 0.3473270108711554, 0.40331957624888765, 0.26183235903539026, 0.25731868582389367, 0.25127059438941574, 0.3191195453165122, 0.1456852571270801, 0.26216103156229476, 0.06588007790561418, 0.12922435697991508, 0.07837456152635269, 0.11386303098587641, 0.04586912820116004, 0.021566045396328858, 0.05048479260559834, 0.05331089055225654, 0.03728564630611886, 0.0, 0.0394552956475543, 0.0, 0.05774737199382966]}