{"B": [0.0, 7.327169264485132, 19.209396872917846, 25.93752505186779, 23.092330328060317, 10.127346689412722, 0.9969675934466026, 4.005833752460412, 15.730927164904289, 27.571279245597225, 28.52137880012181, 22.371827638608973, 14.21451229583666, 3.9095838274795898, 0.48521731646059135, 0.0, 0.0], "G": [32.548245069368576, 26.573717416396246, 13.898254647042945, 3.7429132451475775, 4.145649256070219, 16.436417383116044, 34.257977887829234, 42.9829063765294, 27.537371993731817, 10.78744516762278, 0.6906580512159365, 0.0, 0.24915484698046855, 1.2783825281567223, 1.518871044411739, 1.8662164985969258, 2.2646508795651816], "R": [1.1076613676199176, 0.0, 0.12498571192635248, 2.42968574514605, 9.371272209722258, 14.464320209860078, 13.22135001238442, 11.84545555186754, 7.8457032168131295, 6.337488651257672, 10.51942528238093, 21.27668496618949, 37.52740339039711, 36.49021674618401, 32.00160332292451, 27.158202264268887, 32.88771110694636]}