{"B": [0.0, 7.481638979890069, 19.61396035735561, 26.48357750841012, 23.578164479437582, 10.34009746750993, 1.017607770212607, 4.090037874747251, 16.06218384447, 28.151743892629963, 29.121549850904007, 22.842051697824658, 14.512757478136063, 3.991096642550305, 0.49490837266077375, 0.0, 0.0], "R": [1.1066288332883791, 0.0, 0.1308914926362065, 2.4439120871395397, 9.398825535724585, 14.496359096197091, 13.24560512386383, 11.867055963898274, 7.864883950146328, 6.359647023872784, 10.55170392870043, 21.329132905920837, 37.61045327494973, 36.567130951654995, 32.06784911456226, 27.2140209410951, 32.95526732082978], "G": [32.54937811279692, 26.573801965545748, 13.89711342436851, 3.7411763698985636, 4.144773453035941, 16.43733304633767, 34.26001667789418, 42.98471960618958, 27.537407607783162, 10.786013254117208, 0.6892644680646611, 0.0, 0.2507652842974273, 1.280593224035777, 1.5209214477777273, 1.8677208517876316, 2.2664830847597965]}