{"B": [0.8063648898578404, 9.575180408764334, 20.591700633669053, 25.75721286808261, 22.0131294918051, 7.881862869221384, 0.0, 5.838084281930691, 17.680626071913196, 28.38838013401393, 27.036838092532747, 21.524240962709236, 10.477452996494984, 3.204581422784246, 0.31195265486499846, 0.21784950050678323, 0.0], "G": [31.329727052554972, 25.009541899690152, 12.68870399650538, 2.639074027778524, 4.963603257927323, 17.88264452768455, 37.64362154779974, 41.22110134040925, 25.07334669969172, 7.920741084576463, 0.5607942768539448, 0.0, 0.7489073564433293, 1.2192224773627665, 1.6756331122633945, 2.0105934926911075, 1.8698873546691523], "R": [1.4292814929658642, 0.0, 0.3143436599661241, 4.163556462409595, 11.776221812677939, 16.605929361073123, 15.109821299120147, 11.649782805025875, 6.933474628218721, 6.5897348107673785, 12.47771482800419, 27.89196320439929, 35.6612893948809, 36.23715531015187, 31.41917172134448, 25.14181559166933, 29.59629114485427]}