{"B": [0.6337682629541872, 9.359892746326329, 20.982388536731484, 25.944360059705975, 21.206210948441285, 7.602146261254416, 0.0, 5.183270196369645, 17.530367363173102, 28.793358056073224, 27.500644073988106, 20.04106928239717, 10.377001517011939, 1.9197643371340973, 0.0, 0.366970428672202], "G": [32.00693282362561, 25.614728558206252, 12.448277153270757, 2.5995048591237655, 3.879958296801607, 17.291062056148863, 35.48681808040597, 42.647138240563244, 25.805175285361955, 8.989076793890465, 0.06456845740499255, 0.0, 1.2462418968739768, 2.0719566062350054, 1.9901015325912945, 2.5154992404020304], "R": [1.079101514390606, 0.0, 1.3798615729672898, 5.670855452752632, 13.551748934452844, 17.298866145304526, 14.552811541134037, 11.76536786971272, 8.492372491749094, 8.357883273940235, 14.229127652571446, 26.420955103316757, 39.97960392392022, 37.90370844263131, 31.501778372930588, 25.333821996280683]}