{"B": [0.3788953797536995, 8.70651947170913, 20.84626253656596, 26.307218718556477, 21.761332149998168, 8.041525867601145, 0.0, 4.610710572806129, 18.632795912388037, 27.85713795806748, 28.658898426385868, 20.796769978763432, 11.826228610134795, 1.7034775881729458, 0.0, 0.08120993527064392], "G": [33.121858995038416, 26.0142684426971, 12.734084826087825, 2.6565739176719725, 3.8204333137274107, 16.812032850873738, 34.09374899600295, 42.21192281762816, 27.8039708133055, 9.437971437353427, 0.0, 0.0, 1.2320268233191312, 1.9035139232947802, 1.9532424131093293, 2.2689651389755428], "R": [1.0686833608886412, 0.0, 1.512564910425238, 5.207837922521347, 11.936272031762904, 16.756135924751412, 13.499567681554995, 12.038908649443231, 9.474023805732044, 9.083791962589107, 13.540013791313923, 22.789045967671008, 42.66606529492703, 35.556978293921524, 32.89693758372833, 27.06790891787209]}