{"B": [0.0, 7.809480393810103, 19.764629454889388, 26.51648585891034, 23.189791637254864, 9.981037342728017, 0.9148040532618508, 4.338497801825, 16.031145356127904, 28.10419970619073, 28.975824199763093, 22.78401638946324, 13.971859341997886, 4.023268291443615, 0.37140722900873485, 0.0, 0.0], "R": [1.2538711764145405, 0.0, 0.01166256949130974, 2.5838330838386048, 9.981727954576312, 14.885576471072609, 13.834576581784788, 11.786661526831319, 8.11973981059823, 6.182279928054218, 10.649660316901592, 22.083354255047183, 37.349515461340516, 36.86920235141835, 32.22335900558235, 26.963417621343932, 32.67448510800219], "G": [32.35468566023423, 26.50003258148873, 13.946036419959466, 3.7883089727373145, 4.2045828799013085, 16.523283199446844, 34.576850733170936, 43.00031501609748, 27.11347674141369, 10.684513280108193, 0.6896402544827192, 0.0, 0.24189498340270538, 1.1509510613771847, 1.3815465704912282, 1.839262937531676, 2.134866929924029]}