{"B": [0.0, 8.398196979799565, 19.98863307373213, 25.756854716038784, 22.47545156362878, 9.296120356729205, 0.0654955642354851, 4.49022557249111, 16.351062764046663, 28.029127094722146, 27.784036705906374, 21.905124703409225, 12.18930470806684, 3.5205149190367018, 0.23697671524497307, 0.23846543565010891, 0.0], "R": [1.5536045188620953, 0.0, 0.13983004317596973, 3.4760021948279296, 10.463995215330383, 15.326814121378655, 14.541767872532231, 11.927479468463646, 7.568952947134993, 6.229133756235732, 11.276090688484441, 24.067750670461095, 36.15966220422292, 37.05433339184999, 31.480003271866646, 25.34878289509799, 30.806527073594676], "G": [31.81178690898632, 25.885593372300633, 13.318683575933067, 3.381253411466425, 4.749840212072164, 17.050615781036385, 35.730765698936665, 42.24610503405136, 26.45348130554524, 9.337510751693936, 0.8000734133412174, 0.0, 0.4415377169830076, 1.1694222128717835, 1.3596144552594074, 1.907933795231009, 1.9493675619099107]}