{"B": [0.0, 0.002156788593805828, 0.18553181202436203, 0.2841917354594332, 0.3265705210471566, 0.9919259490008895, 1.3817659224024028, 2.204053857081197, 2.425605748921865, 3.0033975792727716, 3.633452046036409, 4.552276485363204, 5.089807883426446, 5.845047583280742, 6.153717897289059, 6.804717965120384, 6.854557799875434, 7.188422727717322, 7.346319360638594, 7.862754711669804, 7.5910145356278615, 6.972165466590034, 5.883520757633783, 5.382441011851245, 4.4584651240549125, 4.27017760978819, 3.5683133953261574, 3.2257078542793236, 2.6884047447723534, 1.7219431323989576, 1.140807311044284, 0.8606170410435627, 0.47910911851143334, 0.37419944422725104, 0.30137760896448795, 0.6258606858203385, 0.45014947957167056, 0.7148576737270308, 1.250649512161788, 2.0345253392088476, 3.1260010722693536, 3.832866891644434, 4.576148276953579, 5.9828233284444705, 6.329147942350717, 6.857859764446044, 8.05160397168666, 8.036087055517644, 7.422584541937437, 7.110658768331451, 8.715784399268912, 8.130839370869024, 8.562348538150896, 8.308036118994155, 7.745129428625215, 7.014402228719518, 7.049087674043044, 6.029885629796891, 5.8959175061677485, 5.276036632432521, 4.950052379081151, 4.447459988079361, 4.56717651938879, 3.6735075832091977, 3.295328318899143, 2.4769900455440466, 2.1484694499181587, 1.9967794693831455, 1.3053527230329758, 0.6067603192067317, 0.23335811958949804, 0.5050729201496442, 0.2566370287081571, 0.0, 0.07973560382811798, 0.0, 0.0, 0.1376349747517698, 0.01995479708226475, 0.0, 0.06712933340793492, 0.2928251526154356, 0.5717422636296604, 0.3241298156750169, 0.2788101515832159, 0.3652032549860494, 0.4708656505947059, 0.1952988542263341, 0.2792457699142978, 0.2061750277366389, 0.2190315611883139, 0.14433059495055559, 0.08488697013216955, 0.19693842619490545, 0.046706881309374074, 0.02052074552271457, 0.0, 0.0, 0.0, 0.0, 0.011634480411400755], "R": [1.2280724762795632, 0.9086279517765906, 0.721961044874044, 0.3604251004491828, 0.34578387287444967, 0.0054417560744205555, 0.0, 0.09159175163685447, 0.0, 0.0, 0.2774713833859997, 0.15637348583848912, 0.3024033778086637, 0.43066282772056114, 0.7458097843372299, 0.7436261262322905, 1.1580103679630527, 1.4036300323161817, 1.4262809696495247, 1.413127150511432, 2.0756371866583736, 2.4616831916386337, 3.1795992735413607, 3.3599754566535975, 3.7077986838949775, 3.8931887183865763, 3.9797891105470726, 4.036114341497673, 4.165645732778078, 4.447573498146445, 4.2960246669943425, 4.215739028297171, 4.0694151198010715, 3.587772278274087, 3.148278224617597, 3.308686778327897, 3.158800409401757, 3.0985748093881758, 2.99933696867339, 3.300031222079724, 3.094870361406465, 3.8057613800876675, 3.6530022289944646, 3.4077377544186906, 3.169604682155071, 3.397097729838045, 3.111818888122813, 2.963937248466951, 3.081977224586606, 3.2133274826237175, 3.463972877659788, 3.6576106155678123, 3.658961218818611, 3.718490923936061, 3.8968406656990053, 4.702639516479669, 4.9736533447620515, 5.324418122027996, 5.36681417960667, 6.024717924691179, 6.612645153795436, 7.513119178866442, 8.147260091233552, 9.312840436936598, 10.8528602739028, 12.391402715467969, 14.217438810561607, 14.420727619279191, 12.611296203908797, 7.718861478138965, 9.69772122349219, 11.563908212250054, 10.696076104954452, 11.878557180588283, 10.70256532829418, 9.26108625767004, 8.10494626520538, 8.676328217186255, 8.412494108820841, 8.407405161370342, 7.530843179747123, 6.787171660660501, 6.532020832676902, 5.791640324995892, 5.157872465072058, 4.421151608441753, 4.04726468947866, 3.501005366768574, 2.8391525159551385, 2.609498631988729, 2.122143803146486, 1.6378246335360793, 1.2920185888342153, 1.145857324557405, 0.7922729776111882, 0.7038395831025515, 0.4815861108912788, 0.36959625604788543, 0.24215182896663637, 0.1881425390523137, 0.3359348286134452], "G": [8.451230610433077, 9.042507094676196, 9.467257448386023, 9.969034311940435, 10.157259913759827, 9.830824025472664, 9.645613089842241, 8.133822539873474, 8.34020750173293, 7.224112848218133, 6.12958407676708, 5.251660323838669, 4.63374930208934, 3.7518148385812378, 2.871868131692777, 1.9749101150095056, 1.8737582272050117, 0.7581530544042007, 0.9048656549624484, 0.41925593246027654, 0.22083196187526047, 0.311044939339018, 0.8041953135256853, 1.0061982645558651, 1.8228103588757258, 2.046524112395491, 3.0484999715146044, 3.4682046171047847, 4.5281779341672, 5.666400170224619, 6.855150784903409, 7.858877376211209, 9.088587198240484, 9.602654960247024, 10.359209282676098, 10.687805187804535, 11.284775093053009, 12.080346716154704, 11.613132857991697, 11.313809882817113, 11.420135948094982, 10.626157434083856, 9.681536751899854, 8.336529621402002, 7.239507968256091, 5.8518677865861, 4.86431982224717, 3.9134077935299634, 3.1303942289326794, 2.125679111233168, 1.5889570988442427, 1.1217227563537955, 0.5323778432156576, 0.022727813858819758, 0.0, 0.0, 0.0, 0.0, 0.0, 0.0, 0.0, 0.0, 0.0, 0.005326514067431344, 0.0018898591024727504, 0.44038592457691444, 0.45783954078576583, 0.544055729894566, 0.6693444528969291, 0.20937440603480414, 0.42392826894097835, 0.14497676196847267, 0.22820569581718292, 0.22494060739011731, 0.4159112969563602, 0.23320241869226543, 0.0, 0.025392295292815878, 0.2441384431480552, 0.21969534124524043, 0.25902976352008167, 0.20052547820936803, 0.044052425450374674, 0.16350791268379775, 0.19088859028743418, 0.1850588419718083, 0.08604552301011156, 0.10689644043081312, 0.13773431527564003, 0.03967868564189864, 0.0, 0.05120261342074458, 0.0073331132328046346, 0.0, 0.026441392289400924, 0.015267528692237863, 0.027263946717985984, 0.052847496905189625, 0.014305531384388595, 0.0, 0.03053569425798237]}