{"B": [0.0, 7.534290156737658, 19.7520006359795, 26.66997949855582, 23.74413611835734, 10.412903013693441, 1.0247915490154265, 4.118831734703081, 16.175228428907023, 28.349884756180064, 29.326536316915483, 23.002870560276538, 14.614967309973402, 4.0192383063392665, 0.49842627107917464, 0.0, 0.0], "R": [1.0964491092738304, 0.0, 0.12944331656706645, 2.420722613425611, 9.310759395272338, 14.360965235908887, 13.122107532988798, 11.756421680871986, 7.791361612958425, 6.2999171599986505, 10.452777337522877, 21.12968601120398, 37.25915601489347, 36.22573745457828, 31.768511897220165, 26.960013121986563, 32.64767411362776], "G": [32.527541349274934, 26.55604340646203, 13.887925468088739, 3.7388217956514866, 4.142076767190689, 16.426273360764682, 34.23695751674732, 42.95585066366214, 27.519006220933882, 10.778925256482426, 0.6889175667851861, 0.0, 0.2504495554750794, 1.2795365385604895, 1.5197166401108086, 1.8663274123714213, 2.2647920579927705]}