{"B": [2.835596120394439, 12.892351882865622, 21.69471726974515, 23.77478671559094, 12.922855096568005, 0.7810571074618332, 0.0, 11.262492092727703, 22.5627618274239, 23.718905884870896, 21.06444627570618, 7.890305645452676, 3.0801875054550862, 0.3551722668880535, 0.3141409247587572, 0.0, 0.0], "R": [1.8041872983248533, 0.0, 1.8836589508439758, 10.458936994444896, 20.135513416075096, 25.625168605297734, 14.987349788218234, 4.889624932476524, 4.069779209232365, 11.97470052470769, 31.419193062151447, 30.794998800476275, 32.63877307349028, 30.771536387782472, 23.83625670666941, 16.7971825734403, 17.90908751073683], "G": [30.24495520467164, 20.76993016398067, 8.31560139567967, 1.254178657279972, 8.579353331631859, 26.167732018516368, 40.82722820187629, 30.40122747471897, 13.612431633819321, 4.4302990932842725, 0.0, 0.0, 0.7616226115397082, 1.7258367330689657, 1.3273095598302203, 0.2822855697111455, 0.0]}