{"B": [0.8138286991073079, 9.666386728835128, 20.788362074761867, 26.003451509744053, 22.223725664567294, 7.957351020447019, 0.0, 5.893630723286505, 17.849415202106734, 28.659717776587424, 27.295472258029726, 21.730450465509097, 10.578129594630674, 3.2356782351026183, 0.31527218196585916, 0.22014565191621174, 0.0], "R": [1.4219207589899627, 0.0, 0.3105498598539481, 4.135239721619055, 11.702127517448707, 16.50474900231173, 15.019580323722959, 11.58010946142086, 6.890344168354256, 6.546600367836207, 12.398548646192177, 27.719595823406184, 35.44306531134633, 36.01635290162816, 31.22808010004245, 24.988958772307516, 29.416481984053164], "G": [31.33311219885526, 25.012703823720717, 12.690853916822201, 2.640162053956503, 4.964553047011695, 17.884347226944733, 37.64720957763917, 41.22551947561906, 25.076578215923934, 7.922456908390089, 0.5614578173793306, 0.0, 0.7483813776581424, 1.218523509675476, 1.6750492217694162, 2.010235366069377, 1.8695539648147075]}