{"B": [0.0, 0.0, 0.18812034149444803, 0.28303629063205676, 0.8433150727739399, 1.3401813621399223, 1.7662343344789155, 2.6561726825510594, 3.186966727127525, 4.128484549870962, 4.829088397479843, 5.730084156176839, 6.683916838587288, 7.100087198769749, 7.5964397155887875, 8.31787762834518, 8.108454101734486, 8.737801281571837, 8.476370831374917, 8.556959239708535, 8.287705101699991, 7.836128708439431, 7.384636011118693, 6.657665925954983, 5.2541697640416976, 5.08520505495736, 3.926632157816376, 3.030806550830483, 2.200024108179371, 1.761830781949206, 1.1963107189486213, 0.5959997344024967, 0.49167293270041196, 0.24370826889445593, 0.1087127516608144, 0.17891348290435388, 0.5387714192451072, 1.3343032151967726, 2.2956998884597906, 2.9741413500288503, 4.220467980122042, 5.058605388986232, 6.08533995315598, 6.9132411709850405, 7.958304125902872, 8.679631274336133, 6.075138872235417, 9.368311088890712, 9.323305752017212, 10.061604927277338, 10.06119334788751, 9.688729329640704, 9.576019804042414, 9.045654469207038, 8.821980456743566, 7.807749319447842, 7.631868976099696, 6.758158581222422, 6.581345784762337, 6.248310065488733, 5.871125219380206, 4.679929330576642, 4.640457397309191, 3.9535532282942945, 3.196957961919141, 3.022065478007798, 1.4600863966414654, 0.6963924610097835, 0.6576909854153138, 0.5183232417412595, 0.3899943395018686, 0.0, 0.06606639821124524, 0.0, 0.01500280194058608, 0.0456999716181985, 0.0389787752692896, 0.0, 0.2779102531039734, 0.3184068498531587, 0.189526436915701, 0.5568827670215231, 0.3980285136599815, 0.30220784937631795, 0.44806173589933834, 0.17217637093730181, 0.22102040932504402, 0.10150490802029129, 0.3077052432456927, 0.09968246060029512, 0.23362040296154654, 0.1097602858012456, 0.03538861638733543, 0.0, 0.0, 0.0, 0.0, 0.0, 0.0, 0.0430691571533401, 0.0], "R": [0.9033501302488275, 0.5305602411495792, 0.3993136809374326, 0.2216329321399532, 0.3311410047761928, 0.0, 0.0, 0.09541195363353225, 0.2150093260771037, 0.07064329403030471, 0.14920124107391292, 0.4365571214862391, 0.3804818260093918, 0.5070307910428463, 0.7032967366508972, 0.793303078932759, 1.4054065597036771, 0.998246516027353, 1.6663998425014075, 1.9229060658852006, 2.2851265647593144, 2.5503819830831747, 3.2386002156978546, 3.700075384859182, 4.22533000421577, 4.208718581687326, 4.4762198867066765, 4.801513216668664, 4.818828330606983, 4.689317880717621, 4.355568097843174, 3.8912864267017815, 3.5703916732831584, 3.7416293945198054, 3.4354272034536337, 3.7220969127227073, 3.560719091918083, 3.560612629327885, 3.8087780005194376, 3.8192758842552834, 3.35764995112641, 3.386894636151167, 2.946795598064784, 3.1144334706545225, 2.9009543919330203, 2.6409591827159398, 2.5926816152139596, 2.96510979903628, 3.0198042919535513, 2.9937588005292852, 2.9482455241603938, 3.1523970678361426, 3.650786019330963, 4.074281851791438, 4.400924450604252, 4.419886315583941, 5.123186797744253, 5.696026427224022, 6.287645060851343, 7.251574832867669, 8.22741325145834, 9.47449155473622, 10.562527710888695, 13.433807070380254, 13.917007898014356, 13.80248481113457, 9.341386736219983, 8.67083932762516, 10.9966709618512, 11.288257942972718, 11.094986563686328, 11.869503592601443, 10.352750077025984, 8.843719701035463, 8.523717185411694, 9.449641212502733, 8.54408598227653, 8.952310658168699, 7.50191558982994, 7.39443214356663, 7.240628633859696, 5.813834963141187, 5.532442372051793, 5.104338973481507, 4.507917651492692, 3.9165364486793472, 3.5635858005194674, 3.0479840021485134, 2.488375919232094, 2.1232093132384398, 1.6997503512889443, 1.416447510787361, 1.2564575599453411, 0.9410436938921662, 0.7280320207046033, 0.5502104719280273, 0.40575747328514533, 0.3355598315462653, 0.23938534320308366, 0.148630447172774, 0.27097813798775705], "G": [10.020033810886138, 11.188180825140096, 10.913781116612995, 11.626525086495112, 10.662620712843802, 10.319808529095452, 10.069115782742644, 8.52828212598301, 8.052871687834152, 7.382339014799543, 6.43069137374147, 5.221708384243305, 4.320392772858757, 3.493001461171207, 3.0462760474557973, 1.8671798029651319, 1.3895756809234332, 0.713301513915337, 0.6192540643351172, 0.3166027241136828, 0.4924170186510964, 0.4937985378898883, 0.9262243328331766, 1.3550484302136112, 2.1820031695572197, 2.7779072130387736, 4.066034192372276, 4.883692356268545, 6.296787335337866, 7.145142112598247, 8.562796665808811, 10.072848619147335, 10.546707611515432, 11.397610765657612, 12.926615175693934, 13.208083836586795, 13.218058179104576, 13.708688279285736, 13.338259484706573, 13.51190455223964, 11.89456362782959, 10.943471449823543, 9.775214384892886, 7.827249868219381, 6.801062219017732, 6.185788504603798, 3.811490217462896, 3.892507296070524, 2.9724105630476796, 1.6673642769877826, 1.1149781784202901, 0.5574498775062701, 0.04827453275200538, 0.0, 0.0, 0.0, 0.0, 0.0, 0.0, 0.0, 0.0, 0.3168564614092983, 0.0, 0.4181576891613439, 0.824906845410348, 0.6069564325032044, 0.3093118663596201, 0.44875795864217743, 0.6201425997728534, 0.34942006555980265, 0.689387999752985, 0.7435385413199013, 0.560464208703675, 0.45260252493143305, 0.24108353003028693, 0.4005533724556722, 0.5091800479010856, 0.3661209432711203, 0.5545380878320711, 0.47380260509911076, 0.376818924787689, 0.44007976228096773, 0.2841919994478443, 0.27974300760491166, 0.2733290849562688, 0.34902848202251097, 0.1575724907310683, 0.28660178735497865, 0.070380285186185, 0.14076396572893457, 0.08491633189534287, 0.12444849577208394, 0.04949723076116284, 0.022883000601231517, 0.055114634899528954, 0.05848781991382845, 0.040810868130499556, 0.0, 0.04337082721908147, 0.0, 0.06364126844624698]}