{"B": [0.0, 7.676002436195741, 19.992565579005138, 26.659413721781288, 23.27821284172205, 10.186507062407815, 1.097570690680525, 4.440779638086446, 16.730529975238255, 28.374533834916313, 29.807542652763, 23.14152464189962, 15.902009394810229, 3.995086440081044, 0.8200656646746517, 0.0, 0.0], "R": [1.1321763196695278, 0.0, 0.20752710027885934, 2.5024555952957885, 8.945252266815201, 14.310405770114922, 12.66394736309454, 11.676375019395383, 8.098623955340823, 6.5134706381000065, 10.047136532151889, 19.620837593959667, 37.76713686003649, 34.30551830985217, 31.959313427044723, 27.37093047805812, 33.71965247074441], "G": [32.88878810923284, 26.47784233912291, 13.72631582303784, 3.343209962141955, 4.073328244055996, 16.46111658037763, 33.861804884496586, 42.68604850650849, 27.90325230119903, 10.557799230984216, 0.4497306902468234, 0.0, 0.2825377942321235, 1.383642668408805, 1.509447609030663, 2.0442795191171315, 2.5549562143441165]}