{"R": [0.732280511967324, 0.4783186616705439, 0.40428420530797493, 0.16737205776751632, 0.31609316573838414, 0.0, 0.0, 0.2061909262788331, 0.03964385400424122, 0.10161984217090052, 0.16282508823348746, 0.25137141764197424, 0.2373692471993658, 0.41940727102137554, 0.6720177595499188, 0.826812901613208, 1.0705129955464217, 0.9846731007189718, 1.4508371242290161, 1.9044518291804773, 2.1267916797357613, 2.5094649496753503, 3.2235768201563832, 3.646610209900993, 3.98353834496009, 4.241914543862835, 4.579373896022725, 4.686666820288639, 4.754174490946331, 4.668967631990769, 4.396918079099774, 3.6108943516085334, 3.623227022988132, 3.868890027676334, 3.472102268751987, 3.753344139705628, 3.420301354192834, 3.600112820960525, 3.881857540527686, 3.6806703332537802, 3.0764338200341528, 3.244547430263517, 2.8799687404277323, 2.9952591655391703, 2.572939130708497, 2.5588265521232376, 2.4607432757341146, 2.745813263534936, 2.7691049209204937, 2.83035819318769, 2.745130819186067, 3.0286229156896955, 3.5536223295622733, 3.924786494361835, 4.274916975606752, 4.338694767819564, 5.156236238633533, 5.528083221939182, 6.294005180843383, 7.266666841576832, 8.273828614043456, 9.659719379388015, 10.698033922683443, 13.59208254533117, 13.579686089304992, 13.297961383151135, 8.091709575922616, 9.092935006086641, 11.312628393594405, 10.853849374451597, 11.73850636642526, 11.307003500105626, 9.793004384756667, 8.540221924745762, 8.812306775407684, 9.042741042099856, 8.745295105204576, 8.602657487839961, 7.411324407351257, 7.342974386502122, 6.790448491418986, 5.920357613432614, 5.348695303727432, 5.0446900304198214, 4.39318638019861, 3.8315668229315025, 3.5623738712950703, 3.0087971894010606, 2.3524918828647485, 1.983898925052572, 1.7665830629283228, 1.3343163699018388, 1.3317268000093645, 0.8375911819969623, 0.723091069372282, 0.539306393521717, 0.3978803177611507, 0.33327205863905796, 0.22507174528656085, 0.13894725005238123, 0.2633528243110391], "G": [9.186256294110159, 10.18459136754265, 10.027879376919673, 10.412794434490282, 9.509331251938214, 9.416248167806835, 8.99864853545436, 7.735418549162916, 7.15101570017282, 6.6897097039249225, 5.809005536923049, 4.8049497522172215, 3.807344626077653, 3.4074431326861556, 2.4919352470316736, 1.6890762122672585, 1.2995159549807873, 0.718343292300783, 0.5658026030982096, 0.2669933589325389, 0.3354398737790449, 0.4784572335158188, 0.8792926907882427, 1.4591411328262764, 1.789168357952364, 2.5675510429715085, 3.440818137960474, 4.705996788138586, 5.781975112495274, 6.401423124913141, 7.817552331769868, 9.182402163714592, 9.679558202360935, 10.409796371000297, 11.563403462997647, 11.905706948420807, 12.155671541170033, 12.50804461176723, 12.426030346063955, 12.151780881987875, 10.695039865056424, 9.707299374093315, 8.56923890574138, 7.0254280162404354, 6.3580770069759165, 5.492405410545007, 3.3969465793978433, 3.569512253221138, 2.4757291618273394, 1.4227725694173983, 0.7833474020002321, 0.5430303333598406, 0.012557511674961113, 0.0, 0.0, 0.0, 0.0, 0.0, 0.0, 0.0, 0.0, 0.15331731138853222, 0.13506562804034525, 0.3172113947245331, 0.6365513601216581, 0.5686190797549259, 0.2926202219261233, 0.52746055356684, 0.5029850299820054, 0.5266961016005621, 0.4957639174340793, 0.8312352297533793, 0.5683023569081221, 0.3283130258732453, 0.30721230090654505, 0.37159568808985155, 0.5604414321186701, 0.3622072601886051, 0.6074908942725218, 0.4321830869691078, 0.42814233401952717, 0.37955938399448724, 0.24594359346789887, 0.3317851938861447, 0.236956762739524, 0.3693759326129544, 0.20057263256473487, 0.17425276499838419, 0.1502323282630567, 0.11481708356673857, 0.11722513455521924, 0.11909557958011802, 0.06698681487271316, 0.034073127385637586, 0.05954998770473161, 0.04231552029044667, 0.033059462778491276, 0.0, 0.05363532855185496, 0.0, 0.0672385646818694], "B": [0.0, 0.0, 0.3013782401702729, 0.3101779970936184, 0.9453002441555685, 1.3115731660330663, 1.5669678772370585, 2.269101708443491, 3.0138864645739383, 3.52172233341082, 4.302323739487333, 5.144684213418842, 5.887301120713872, 6.247871114405294, 6.623090584839541, 7.100785815734551, 7.028583315342056, 7.79099681343208, 7.442085459294165, 7.329315647724981, 7.2895228253166735, 6.896024045630605, 6.367631124918593, 5.609023881313856, 4.906067030376278, 4.2758221042302305, 3.400642383630626, 2.4664637787955255, 2.018368862390324, 1.5921156618092052, 0.8550508677361278, 0.7870287748833074, 0.5559229783110642, 0.05700491874656669, 0.15683346176013077, 0.21435175148688795, 0.8066320870526215, 1.3050179780052311, 1.9718789595429993, 2.6292919054949615, 4.114447888030088, 4.379811231976575, 5.336124269357042, 6.314916416368006, 6.8049509108311685, 7.066762719005419, 5.96803397215543, 8.044087749112668, 8.359600103325743, 8.746984549892057, 8.783471268666329, 8.409355651848143, 8.275958486859626, 8.123194697304255, 7.462136570447324, 6.814203912865341, 6.463213241654235, 5.974396393371711, 5.625956062858621, 5.537577175667577, 5.03243495595699, 4.201693247311873, 3.961411918753577, 3.4330117881816786, 2.6524709495043988, 2.626226705358794, 1.0605760301945644, 0.6484516320776608, 0.7564504733197642, 0.3402963259058048, 0.13446147132660077, 0.1836768579251303, 0.0, 0.0, 0.09132960399652883, 0.0, 0.0, 0.0, 0.10901026330345243, 0.26848201018958656, 0.2204137968757557, 0.38750648569247986, 0.37864837323466094, 0.2606970734504846, 0.3080446345433847, 0.20196937721438826, 0.10996446703941072, 0.10784595555594424, 0.26422653904445076, 0.08598503381195721, 0.15472091741633925, 0.07405642467673847, 0.002971866847217919, 0.0, 0.0, 0.0, 0.0, 0.0, 0.01048789956400361, 0.040108275120474046, 0.0]}