{"R": [9.402086911735372, 8.973089467499024, 9.16537848489698, 8.996471202629557, 8.810532754094671, 8.990371189060433, 9.443624871756239, 9.59201159596563, 9.096622600919979, 9.261755284825178, 9.323425928491588, 9.435340503588131, 9.78430707252521, 9.415136617329015, 9.382398770372161, 9.662597279742656, 9.45517185809589, 9.493944489569518, 9.724640821461865, 10.11854333986792, 9.91384878660237, 10.81115041118446, 10.826755946780525, 10.707666207533647, 11.159994499701343, 11.002997681846908, 12.39534007163052, 12.983487457734023, 12.984704621109353, 13.37925613977248, 14.01240417204393, 14.492599502917926, 14.364547975679777, 15.051991193854073, 15.187314688984651, 15.651296501525469, 16.095403614415062, 16.610279771683523, 16.76694996122211, 17.353460842085113, 17.634300408903215, 16.79936043458367, 16.457741959572072, 16.471244023623974, 16.46506404077242, 15.809208861246349, 15.577923320747578, 16.225357348101667, 16.719778434977272, 16.60422153118255, 17.39327792517221, 17.401815816197537, 17.515550730164524, 16.917118984295083, 17.104487308106297, 17.902826983565838, 18.59743519552072, 17.531028535480676, 17.52806181493797, 17.364575978160406, 17.002044874827977, 17.189899449434797, 16.97501849379425, 17.332762121384185, 17.163440226236386, 17.512551814297428, 18.10489567625876, 18.836103337634608, 16.52387585086625, 17.27329620890335, 16.869931238144215, 16.325732860785273, 14.47136663957876, 12.5853727150062, 14.137952659416555, 12.888224026967782, 8.823151003198213, 11.520422374866545, 12.619610075177713, 12.5212852782208, 11.818370470328269, 11.73115426468314, 11.262375027078324, 10.776791163557588, 10.015186957979497, 9.19721112598763, 8.031545547226218, 7.1157808653091115, 6.541069067988004, 5.910316907608294, 4.875067802811108, 4.157737527686902, 3.1949473438496256, 2.79358003329194, 2.0003771838592748, 4.736224743432453], "G": [4.8760437979002615, 6.425340889197388, 6.7880202470434465, 7.672095509294259, 8.283925517866628, 8.405549046576121, 8.255971993613043, 8.542448824094961, 9.028549263891522, 8.760301833890928, 7.90424554994172, 7.862396843459962, 7.986949799947478, 7.261915328979372, 7.423186944528, 6.816674421051854, 6.523681236727405, 6.196282460885614, 5.973967263711491, 5.599422894577091, 5.559074597695902, 5.063237969997171, 4.798260735220628, 4.031496042603628, 2.9414476092443587, 2.5357600505617626, 1.0085826641333195, 0.0, 0.22715716624971163, 0.025410433622868888, 0.4981660519401753, 0.7598933955929117, 0.7477725464200571, 2.2834685653057982, 2.9042594891630746, 4.793113156328439, 4.416720671855163, 5.915021423281793, 8.446090266194096, 8.197062259770993, 9.080792126431032, 9.88251873073436, 10.458113334514893, 10.272283100359935, 9.754559929861443, 9.734755341988127, 8.578515194528263, 8.695388275674777, 8.204667163362418, 7.9590236698160925, 7.151542292641453, 7.1273935507147135, 5.4703701568239715, 5.7026370551661305, 4.8884095961509075, 4.223449341392412, 3.184742481999585, 3.3632847191830892, 2.0826049105520843, 2.22041963894425, 1.550082412091874, 0.5691061989095557, 1.248813918040575, 0.5801311465662737, 0.666183381023937, 0.544109734828796, 1.1776048507905044, 1.307845663771396, 1.4282465820045156, 1.6014782552455187, 1.5848145592881284, 1.7443693630466641, 1.5758368967489984, 1.3961038259523275, 1.4783464592686575, 1.7344756962867058, 1.6634627381404365, 1.7799361957261401, 2.133500631422834, 2.0112140874276676, 1.9883244190167326, 1.878472135121016, 1.4095167941441051, 0.9985914190539997, 1.3153489052193865, 0.8722330662955431, 0.633309659629145, 0.35341828615672066, 0.0, 0.24249643043798444, 0.0, 0.0, 0.2908254141889326, 0.0, 0.0, 0.0], "B": [4.436566200097204, 3.5950767030401476, 2.808015387920483, 2.9692763226983447, 2.6265790074535857, 1.7718903376216313, 1.6380194704186908, 1.1409923282347567, 0.6225815777331075, 0.7200261867995129, 1.3497847764299207, 0.5939391824132826, 0.0, 0.22238500856987398, 0.09940536009771953, 0.6732491764167441, 0.7549542837602091, 0.5921541576769229, 1.1334372992276915, 1.5022493581057155, 2.5101095990166016, 2.9080916831546038, 4.912555000050022, 6.837363246750434, 8.965720983404829, 11.522761704720736, 13.169050211785995, 14.564413285611812, 16.153325815979365, 16.674639413189993, 17.95287108365452, 17.841235972470564, 19.075708324185896, 18.882833540649248, 18.97076996790018, 17.444344161773394, 16.99167527229063, 16.588279734879606, 14.211107796701427, 13.269134358997695, 11.598096167489532, 10.348484417829223, 9.41638286329593, 8.77051669066693, 6.9144691552586695, 7.366913136696681, 7.2481202510534475, 6.439941593465774, 5.973215549233308, 6.229421188860307, 5.459873645234684, 5.176598593195254, 4.7963558624775136, 4.557938033816032, 4.221459761278829, 3.8890019869707584, 3.364148565148517, 4.052565005720026, 3.7275226185901835, 2.6586321928794536, 3.0513653338322606, 2.711722182276561, 2.0857168148384293, 1.7662740581265794, 1.7122995672959216, 1.426798210046489, 0.9971282714428737, 0.08694152384658416, 0.4195004776374213, 0.019753420400525756, 0.10272979594715924, 0.0, 0.07562729943518595, 0.1307316833520163, 0.3501299203814276, 0.09556065942270599, 0.5372145685490184, 0.7117203148521491, 0.2878655694079214, 0.8140910158093887, 0.9908341718641742, 0.8185456725707905, 1.2516098791127492, 1.4207203910364024, 1.4136221101372402, 1.545445722408246, 1.3722884552268686, 1.6990622543328893, 1.7723007636622348, 1.2143690033070822, 1.495539810772029, 0.9333717655424032, 0.5901230938360162, 0.4782267489598498, 0.49114819681605487, 1.3217289655106002]}