{"B": [3.9158920015923813, 2.9543633010672186, 1.7778719811962675, 1.7861309858026013, 1.553576690079169, 0.9356452076664618, 0.3536349491979837, 0.5223242228478998, 0.4183912511326386, 0.33210882632622385, 0.41935913154279697, 0.12811047235399825, 0.1332244485894127, 0.09832184585350663, 0.5249832576146738, 0.28113131039216394, 0.6532705111649616, 1.0644003136471072, 1.5496962441598188, 2.607573775178099, 3.1932288374812856, 4.416665030615218, 4.980354903452362, 7.320340408291224, 9.716839883507488, 11.78631001430931, 14.135917835138438, 16.312646973138598, 18.177478451994872, 19.9697212549159, 19.507108767660153, 19.414857140706008, 18.60876102022786, 17.842820987005915, 16.726611604704782, 14.613336379821831, 12.575012175867498, 12.83753750709645, 11.033647156961129, 10.411387331365646, 10.083372722145294, 8.257048080884164, 7.967888135754229, 7.678740313868739, 6.713825089710444, 6.596451080372534, 5.202963969583129, 5.439294234197052, 4.451396416368634, 4.1326494063607555, 3.374266667940316, 4.26807141312361, 3.189233891522403, 2.888843747605272, 2.9022960611492405, 2.3137308820546814, 1.6460801932070466, 1.6247361342137798, 1.1334323405741336, 0.9075047078431548, 0.5030352999569754, 0.47072130897175013, 0.4013251218676322, 0.15947668962709105, 0.1876404782217806, 0.0, 0.09137653792990555, 0.0, 0.44497752615680697, 0.2769452096075416, 0.8451805389111442, 1.2643591508402194, 0.8086400810980462, 1.4666280988711358, 1.5016970734227526, 1.3196101715222648, 1.9597175574675263, 1.974615636700174, 1.9810629423841097, 2.3580513774271443, 2.241662415430592, 2.517994652927408, 2.1622008066278378, 2.1145514023741017, 2.601138870656571, 1.8719815234597221, 1.5065865065747441, 1.499621386430686, 1.3880138263050987, 1.0643053105103222, 0.7383732168624688, 0.7547260212461536, 0.6547142772025577, 0.3150170776934986, 0.34580935903045473, 0.7005433235405372], "G": [7.833924392742588, 8.560474275156116, 9.334015760812152, 9.284112251311262, 8.636965882854552, 7.998678144538021, 8.49138315007902, 7.791951267843317, 7.884105335102567, 7.851473848835478, 7.0060984509728845, 7.049237265067453, 6.774666785128474, 6.113218286589694, 6.487153009108412, 6.2724115320622476, 6.39981354367573, 6.299820571049554, 5.521210452776913, 5.661597210671187, 4.97108984152134, 4.058412000793336, 3.594039950502643, 3.115158339364776, 2.598997017572975, 1.248709884769553, 0.3217951459266474, 0.0, 0.36950022990349846, 1.256544137232157, 1.4342951618508533, 3.0489659919446224, 4.54966363050694, 5.602695224363997, 6.9403939337886635, 8.038995827243099, 9.637649115396355, 8.738063468211982, 9.021746175175196, 10.0024132220854, 8.47155433097856, 9.1143008367593, 8.415235763209054, 8.495196236922837, 8.37856838863912, 8.530359003491274, 6.969405680878991, 6.826599187288772, 6.78234998225769, 6.083856067259555, 5.998668239739032, 4.635845054788868, 4.258746837695612, 4.148981629268447, 3.694569459126084, 2.451281226303619, 3.558268056823526, 2.5358906284502605, 2.7333046940689556, 2.8519728148355825, 3.562447867817435, 3.297755541797719, 3.014785493500877, 3.3727603259417864, 3.5354658074670335, 3.4176074849025935, 3.1069242955482155, 2.7697993910551086, 2.872174075312634, 3.255613440551897, 2.36850966730819, 2.4541546434078785, 3.392263715523716, 2.863524324837209, 2.898930353645773, 3.136823817042977, 2.575858904918307, 2.097141478877044, 2.517886122530611, 1.7478130477607083, 1.16770524225921, 1.3629000458157667, 0.8271540862506904, 0.9573646443410412, 0.10688308639176271, 0.13046200381802883, 0.7210516269901321, 0.0, 0.0, 0.0, 0.0, 0.0, 0.13787151091495947, 0.0, 0.0, 0.15486133375960887], "R": [8.921469351928291, 9.375647110823198, 9.044673332787198, 9.056717578768403, 9.37935223097784, 9.338685911151746, 9.288095748037186, 8.828212573632223, 8.696247104638006, 9.057419824128841, 8.91413986413561, 8.849225254674732, 9.143402841095774, 9.503856271457986, 9.021249270638737, 9.717263890690568, 9.758661585399445, 9.602839449555294, 9.785376620350656, 9.831130782453481, 10.893760847486284, 11.32751937643035, 12.478220115404836, 12.71565448478425, 14.51287536769599, 15.546631319449872, 16.23911450548576, 17.863851955659438, 18.02008475637818, 17.69012442644166, 18.169046005529697, 18.63794046694016, 18.42903172424542, 18.320754508559617, 18.32085306770517, 17.54179303655427, 17.160757678955196, 17.089052795944635, 16.36282012477278, 15.929255465803125, 15.632208160155397, 16.394467950166078, 16.738671797946335, 16.723675002640917, 17.069893834244628, 16.859516228478956, 17.109772393545516, 16.84354655427274, 16.74249616458809, 17.59508512117153, 18.04198795095898, 17.486280602768694, 17.68893309514185, 16.9602416148364, 16.601904669757975, 17.161634580077433, 16.75579882149348, 17.178043515392186, 17.17957422945513, 17.51322379313495, 18.12598160283602, 18.710890927535925, 16.820741005619666, 17.520471382219334, 17.104047084412127, 16.882371709595905, 14.987016732891774, 13.01400428177589, 14.77170234195828, 13.400079940890283, 9.356469948603714, 12.400443559291448, 13.571178217436126, 13.746920393204398, 13.196255924011416, 13.17225045508336, 13.128310136258285, 12.973156060205094, 12.525690909575605, 11.867751464183542, 11.148657223557658, 10.293902482618083, 10.113243611105524, 9.47705551303444, 8.710011795543945, 8.009485161216992, 6.882213618834131, 6.387750031433235, 5.183705023508588, 4.3743413669080935, 3.221801095614406, 2.7855952962930313, 2.08337870395564, 1.9127423034599111, 1.4937369615694214, 3.799500112079884]}