{"B": [4.433936722885076, 3.6304859931350566, 2.543313455407063, 2.505614028113059, 1.6302673287688338, 1.0596627156567064, 1.2748480846017152, 1.45510633582615, 0.6787843837796654, 0.30178717384152265, 0.4810509379759945, 0.22830935489335225, 0.6428767621718976, 0.4884548206145637, 0.4917793501383126, 0.43278459328076213, 0.3298513714435128, 1.1186363795078718, 0.8842975437099372, 2.028841766730229, 2.6623557931302186, 4.020173283607853, 5.645470349083788, 7.087475291536009, 9.256496662307972, 10.86871193326658, 13.556906457234419, 15.657009810171957, 17.191076940444376, 18.957543730861765, 20.55124116346638, 19.822259417409462, 20.131449067835884, 19.196930689709763, 18.07066552121254, 17.287294577661815, 15.743923751515746, 14.19607918434581, 12.417156845455235, 11.404138992716899, 10.841357123163904, 8.857069950499296, 8.776447221789988, 8.481881895840113, 7.9724702249909445, 6.742264683276673, 6.875191167422183, 5.8554942617465295, 5.602886154838989, 4.750558623897823, 5.171781396406109, 4.470997185209131, 3.6718784155534077, 3.447687954947069, 4.158067921210763, 3.259430810542943, 2.597722720003231, 2.9226522095496916, 2.358734584461058, 1.8143461772594338, 1.6592767538687592, 1.3660229528765129, 1.2383257889410644, 0.6632704803319346, 0.174987255494138, 0.28109039185546364, 0.11998571948111256, 0.013064285696633994, 0.0, 0.08637416162815739, 0.13359673747122433, 0.27386311533530444, 0.0, 0.5903303888715069, 0.7858447539763894, 0.444772954023391, 0.8009281554015119, 1.0003079750741672, 0.9307527554927703, 1.4393148975641028, 1.5854322725025451, 1.6248266124364696, 1.7897848271276848, 1.936865446862949, 2.113458344894044, 1.8275701789709962, 1.508768700551164, 1.8314694263622169, 1.3573777200404462, 0.9867177220157675, 0.8081148328899835, 0.8208390274571947, 0.561622885102284, 0.5032703077830318, 0.45921212198451034, 0.7487431096568627], "G": [5.921290116733834, 7.107217622974799, 7.600991019296968, 8.090384938740991, 8.09737217754896, 9.061685071707338, 8.379467767577264, 7.5139298951987, 7.448348609597173, 7.478095955544398, 7.168240447039612, 7.21699090643667, 6.9811129686373885, 6.41030239164722, 6.282845673870817, 6.053005980228593, 5.7411067597527055, 5.511831586384416, 5.54462434830001, 5.671478911874055, 5.53862965217445, 4.961280331843287, 4.92882004198884, 3.6887790032110357, 2.4836107894446515, 1.843180330353814, 1.2118253269680581, 0.5117247727574349, 0.6714022975841181, 0.0, 1.248202706093846, 2.0362318261238084, 3.0150556204858194, 3.2146032713224635, 5.265236892763804, 6.4505213543867574, 7.096516285877529, 8.277959172364172, 8.755555682435757, 9.79922981322155, 9.296848859208122, 9.817937869102897, 9.677611069348234, 8.56706492971146, 8.775042442702038, 8.14350513035412, 7.702687935725282, 7.484810761895122, 7.435939109831065, 6.224106995690834, 6.218073201298888, 5.736716904410268, 4.889253076600074, 4.593732346346465, 4.059423929199301, 3.017613308966235, 3.0116976842568115, 2.615731959803675, 1.5794271933531827, 2.3825774107979982, 1.529520223775928, 1.611285737185946, 1.7196804154756913, 2.4174476084127843, 2.379475759056047, 2.2097492791321667, 2.5509550910282233, 2.624710861362463, 2.80142201117926, 2.4942662320429294, 2.0754715903896375, 2.297835734690458, 2.7112072661978033, 2.2625941598722257, 2.417382275123766, 2.955019156425689, 2.6150934559794243, 2.4945656610750944, 2.836871363154233, 2.185126838201861, 1.6697912391669063, 1.969747393421052, 1.2877587652611915, 0.8280506099351237, 0.833968889493517, 0.36742033648602085, 0.543725082100078, 0.0, 0.0, 0.37549730077476007, 0.0, 0.0, 0.0, 0.0, 0.0, 0.0], "R": [8.173458273563085, 9.004446642250912, 9.276687179726546, 9.13873589406403, 9.53920357932057, 8.878335085786786, 9.033436804963136, 9.273901037224956, 9.37684886620436, 9.54564473750381, 8.918256204137432, 9.038331483378256, 9.214617723499648, 9.170672243695556, 9.026414759382584, 9.427317638523737, 9.86694175762807, 9.353507054344522, 10.154484431606296, 10.122191132111444, 10.154458850150014, 10.088397103090793, 10.043177952487296, 11.312634946197404, 12.042819678736496, 12.917841410445273, 13.100488326074682, 14.694235258455567, 14.806959858152782, 14.96414957271157, 15.214131112019023, 16.076538266171525, 15.89598043279754, 16.404698452274953, 17.03049636639126, 16.858795849190166, 17.384917129031678, 17.42427757190816, 16.768685232481708, 16.292312008726203, 16.424458310363725, 15.803568386877638, 15.472434258623283, 15.309147465493506, 15.522326494318566, 16.528056526056634, 16.563070815201485, 17.281577076871475, 17.12869164202065, 17.277786875497096, 16.53826456290103, 16.67213567840016, 17.92085774811019, 18.075336965924002, 17.339875572814535, 17.741291109828232, 17.331916791914743, 16.79842005669684, 17.27655038332247, 16.88010761362096, 17.34914466503351, 17.37247500816409, 17.604746354344613, 18.214741019447022, 18.952912103729645, 16.848243109752108, 17.405820287295356, 17.122205398505713, 16.53025596931773, 14.646605087641072, 12.802669865619412, 14.623774548878156, 13.146525807615427, 9.082689172988212, 12.026128231164455, 13.115938169613848, 13.332183985896298, 12.681719210478905, 12.531652381117539, 12.426973490058204, 12.042374748883859, 11.480858471272176, 10.843293306453395, 9.681461550274054, 8.825633482733782, 8.571583979689407, 7.828197134652476, 7.012141052380135, 6.13069428983971, 5.074798407580094, 4.538036945960754, 3.4870232059337796, 2.775814070483913, 1.9023860898546365, 1.5184311259005612, 4.212238452195903]}