{"B": [3.858503547289843, 3.869032710260571, 2.762386758815831, 1.8199549061157105, 2.0236694444162953, 1.8908743487283683, 1.2009200154451707, 0.7137216423549259, 0.7231393253228278, 0.6436470162895912, 0.8166243499530557, 0.5379015104988485, 0.4531696688682296, 0.5139724924760332, 0.25530901267373823, 1.013158564197103, 0.5986504490408044, 1.228472357896166, 1.5336107881691927, 2.2353253282164256, 3.445225602563143, 4.112890259765154, 5.4070388907637605, 6.2089565044120345, 9.159632309267776, 11.822598998718261, 13.554094734436346, 16.101949466970805, 18.278636692645758, 18.81112395577646, 20.255712744530992, 19.61670135357642, 18.725785205857242, 18.301153307478494, 17.274558713772375, 15.860652128664197, 14.200365001701241, 12.599680983826122, 12.1707356185122, 10.3428985449408, 10.20395332953024, 9.601898452705734, 8.112933767935232, 7.755357379343448, 7.631834718205552, 6.502733721031413, 6.532685558300529, 4.997634982271365, 5.534345609036487, 4.73119857881158, 4.127918227987284, 3.541411151846202, 4.338686635644059, 3.0573243795951983, 2.8552132609570986, 2.84987540556963, 2.398905764643161, 1.751570945142033, 1.648884470301484, 1.2177287774569652, 0.9665752140413342, 0.4969121988343946, 0.3443323727398405, 0.38958892548901886, 0.09683898762501136, 0.03367643034064361, 0.0, 0.026181275305947795, 0.09237762199262889, 0.4220100375137883, 0.21595544813884848, 0.6861099399743156, 0.9678102476280206, 0.7596027592842531, 1.333844112076008, 1.423539103976334, 1.3218065224568336, 1.8745157911876524, 1.993534838320231, 2.0063550086877133, 2.264262207256167, 2.234079004989991, 2.603851880318568, 2.2515964010060663, 1.9555066131226384, 2.391608804056415, 1.8596064997988437, 1.3697293523134173, 1.33418521442454, 1.1957877232247132, 0.8395710356491196, 0.6105288654285346, 0.6329517090936806, 0.5244417397500185, 0.24931569758981714, 0.7566346791780897], "G": [6.563506265182249, 6.9958494664971616, 7.810985010830971, 8.475136553074364, 8.031510671476434, 7.284064273954636, 7.087172662028689, 7.193412170390641, 6.9568531122482495, 6.771735633947497, 6.696848663006332, 6.212576095819736, 6.231740070382922, 5.7642366564621, 5.510749843442206, 5.6395147547002695, 5.696571988378052, 5.469351794517089, 5.522135903641168, 4.853873611246394, 5.030207700677242, 4.238316859743892, 3.3200959709692044, 2.9097828549466174, 2.6756464781890403, 1.9564683442479112, 1.039769948850481, 0.0, 0.2632665310700598, 0.6042851687368445, 1.8999276954413578, 2.5129734079503216, 4.01836298146111, 5.222567596789083, 5.451731525518999, 6.813803306962099, 7.483994979136469, 8.660398597685566, 8.121654206856041, 8.51270967300302, 9.092831673673487, 7.732104245602742, 8.155253212868885, 7.821595416633409, 7.546879250814196, 7.419338352758932, 7.652158546409948, 6.2715664512408225, 6.0785088970761185, 5.966374553251034, 5.330286827267294, 5.0116522992586, 4.182312413585168, 3.8864323061274093, 3.6312984463122584, 3.319975548737862, 2.0853168513976286, 3.083306483978499, 2.1913601676549295, 2.426470715274044, 2.5480258225991994, 3.1330719628804222, 3.1707796240982544, 2.8678438285269863, 3.2240348788880886, 3.199098401805966, 3.2572431850742345, 2.8934845608341724, 2.4865341865401964, 2.715050737312736, 3.087890214782792, 2.3966848944300487, 2.521376196378155, 3.1255070591404417, 2.7627349269078234, 2.8323537436368995, 2.934109334144908, 2.4790141051928902, 2.0212085355102594, 2.3190495325757525, 1.5163023343618567, 1.1506513419455469, 1.0497825925253252, 0.6910473543700612, 0.874894529488604, 0.0704206991013814, 0.04363259494989163, 0.5487118133292146, 0.05837273534076416, 0.0, 0.002446351049474932, 0.0, 0.0, 0.0, 0.0, 0.0], "R": [9.08142228658031, 8.973566065220481, 9.377747258023842, 8.934112171808424, 8.917503676037661, 9.379790068913833, 9.27919549980619, 9.350823703547777, 8.795103668087213, 8.866742502598925, 8.996604544335558, 9.008125120052616, 8.824283362916345, 9.188305857359405, 9.61872289321237, 9.028117710143324, 9.718573430072382, 9.823132161577531, 9.80552738740579, 9.920598558864494, 9.822135934405988, 11.00491762662326, 11.657484087486825, 12.760603538605665, 12.829548350340358, 14.398156877477646, 15.436540363240875, 15.944863027179807, 16.88490004851586, 17.524546410169016, 16.886835081684307, 17.175956131522597, 17.85885340244929, 17.694183935397568, 17.957430734748538, 17.943757230537233, 17.15849571629248, 16.763798253325813, 16.73660254432008, 16.160393131554994, 15.553966845899591, 15.483403546252879, 16.212000585065102, 16.45773839806573, 16.57321165276248, 16.980288851339566, 16.730921898080773, 17.22242775524456, 16.605279844047523, 16.52860834582362, 17.52776285680657, 17.99696241306831, 17.35449062571928, 17.688879339528494, 16.99309055678627, 16.648929990151753, 17.124998493580613, 16.76162957151788, 17.161423425133748, 17.164735677120785, 17.5308974114567, 18.155065357251175, 18.643692515068402, 16.724388018099418, 17.34732303057836, 17.13452162616115, 16.696645469056964, 14.839342091112051, 12.892727663693767, 14.63119446917465, 13.246069282438631, 9.218275453357927, 12.292742088420207, 13.395571965289014, 13.449519178868188, 12.8762665385496, 12.89201728387711, 12.82367842327357, 12.539838957529318, 12.107390290601074, 11.520750583773646, 10.607897606652877, 9.807341863539891, 9.47744247519166, 8.921733550093062, 8.164530434424982, 7.316045304814291, 6.294648745537285, 5.67073940894756, 4.6444162419049535, 3.8547221560179805, 2.768514764736848, 2.336690891682161, 1.8123754709625592, 1.555913865803738, 4.011010463267716]}