{"B": [3.2638317555647087, 3.7431632996147077, 2.9730590329949633, 1.8249350895860368, 2.0783893040303534, 1.4404899295862783, 0.742685861701743, 1.034074257693878, 1.3172884243263034, 0.5757018842321276, 0.0805889730671043, 0.12119736988991439, 0.0650765856438578, 0.4302903912207665, 0.4857810862102899, 0.3265173128622418, 0.4591887386349129, 0.4055415473689339, 1.3249213839482148, 1.14294633893324, 2.3549715424861195, 3.524293857715088, 5.20092619498305, 7.093062721010016, 8.801785268177658, 11.527713242645813, 12.852053311881413, 15.175031603036462, 16.818707561412275, 17.97398139038796, 20.034555757053308, 20.461778726113018, 20.13498269230475, 19.416745891808084, 18.81142566917018, 18.077436128698707, 16.487540105036548, 15.170690784105934, 13.50869536508486, 11.991368947106343, 10.744988819788865, 10.214727841543912, 8.187376675429643, 8.231496836749479, 8.219897322797383, 7.266150062983883, 6.652814215357707, 6.705291712174919, 5.698600314965283, 5.3915592618337955, 4.86389885959752, 5.182400928457458, 4.229918650485462, 3.688527893887539, 3.484296941352077, 4.093546093973598, 3.5351435268710842, 2.699076107535115, 2.963378943337293, 2.6313540008535115, 1.8503863618725132, 1.9140206129712765, 1.6147423655105357, 1.4124804757296634, 0.8239822348689099, 0.09388182213682983, 0.34674960773998453, 0.09614448444977051, 0.007632407699176486, 0.0, 0.179009867848062, 0.09362685123365956, 0.36791994993659444, 0.013745611122424239, 0.6596393803391929, 0.7702788097155507, 0.33345450934056237, 0.7673149937636257, 1.092619140095292, 0.9480132373357034, 1.4937483666378943, 1.680296066572152, 1.5645474886488424, 1.7372767573736276, 1.8918003823867142, 2.001418990003446, 1.9878329778148531, 1.53015694199223, 1.8297358876950207, 1.3233813525008955, 0.9153301702150836, 0.7549020808018932, 0.7300598715581579, 0.5176465564637102, 0.47792652374014083, 1.1729198816767885], "G": [5.850130881558826, 7.024867571968556, 7.478610676301386, 8.041057807184906, 7.959997722993022, 8.03711183563368, 8.896313888134728, 8.276152374028486, 7.40144270100087, 7.29450089685184, 7.538762062569637, 7.040844210612696, 7.066958092042174, 6.767447167534932, 6.251100168991875, 6.0941187593320825, 5.863201324187533, 5.448561386469094, 5.354514923653538, 5.235046550842977, 5.288834216384887, 5.072484154476999, 4.396219577216423, 4.174650598296481, 2.6605651974121045, 1.3570560632572541, 1.0139570017313595, 0.7421739069885569, 0.34920488542155903, 0.24184238573318959, 0.0, 1.384199442029892, 1.8033325558369413, 3.940798974887109, 3.411846042177715, 5.40164717721495, 7.068180840642593, 7.217064760711541, 8.355788765655015, 9.135522637300538, 9.745111523077384, 9.452269793380292, 9.4419095442203, 9.309284058936637, 8.33587649888518, 8.428488046362714, 7.9408760856935, 7.695646901814212, 7.434607680358194, 7.156510215580418, 5.78518635031038, 5.832223263448308, 5.317502834939609, 4.374967422241854, 4.064025313173527, 3.4599553611614797, 2.4792892435438434, 2.4938191346655993, 1.9516170924386584, 1.033111811721323, 1.6840092160406603, 0.9753309813289458, 1.1457756025679273, 0.946050509324589, 1.7448321078720348, 1.8123153737507034, 1.792705503101837, 1.893057459594246, 2.1179841558818495, 2.2556204039869714, 1.9350455775203828, 1.7482938920551014, 1.7661147776608952, 2.2859743565845405, 1.9284138529618071, 1.9931698179793098, 2.49060234215312, 2.2705044023848098, 2.1779659256041493, 2.39697342534029, 1.7910440461595947, 1.3523287060790579, 1.651335906418876, 1.1522101447606614, 0.5956210720599463, 0.6265197401846655, 0.12576111697653783, 0.37367282187061185, 0.0, 0.0, 0.25483749408206874, 0.0, 0.0, 0.0, 0.0, 0.0], "R": [8.889025720523039, 9.16363627106826, 9.107160439236951, 9.392353131424436, 9.379571992149186, 9.629692353059095, 9.055771552847304, 9.208947615886347, 9.39651933931017, 9.501400351498932, 9.63904108707291, 9.27427771778108, 9.281610473948879, 9.491063968059699, 9.283916971880322, 9.30543347372826, 9.655794739626396, 9.992523165334667, 9.594435664647365, 10.529166605778993, 10.440761168590331, 10.263142395362195, 10.269863134077491, 10.338675962963794, 11.638067314503324, 12.071059873502993, 13.069406244773914, 12.892020883528483, 14.367340870878381, 14.577278828967048, 14.324185562963871, 15.038231569950101, 15.633617550808022, 15.531087112983528, 16.179239165505166, 16.72617129396416, 16.801849164057284, 17.30432988787467, 17.529430831216235, 16.594228515974688, 16.444405727776573, 16.39265849530117, 16.14949400611457, 15.748066148312143, 15.37058741911011, 15.930054772243468, 16.53092302775297, 16.488836575759795, 17.16822891358326, 17.250833798867323, 17.32647011292694, 16.51486229838349, 17.001827413878807, 18.007893281884133, 18.196523401361127, 17.51211600837434, 17.711307130612756, 17.325191526064163, 16.929913840171036, 17.23447340090503, 17.095958851561686, 17.31802021862659, 17.236128598429996, 17.685619821085922, 18.256173110030517, 19.037082133670523, 16.7653071868576, 17.485189034246094, 17.083767051069103, 16.570737998447832, 14.553703404588338, 12.780881217436965, 14.548020601789446, 13.121784625459833, 9.018557176351063, 11.902526044559298, 13.089165051795247, 13.145664195146034, 12.409864379905864, 12.311968172966846, 12.058758057679642, 11.61770150054919, 11.042208249759948, 10.221310190961335, 9.141648853477513, 8.242443604031672, 7.869579727963204, 7.111998270679476, 6.222694105313171, 5.411818138655931, 4.366915768519226, 3.931870069041815, 2.936260025009428, 2.228243516652383, 1.5163856601273678, 4.151108125757687]}