{"B": [4.493197066828797, 3.6410033604700645, 2.8439074906079886, 3.0072366757129867, 2.660182262197153, 1.794595628672144, 1.6590186616975389, 1.155654778464913, 0.6306410017623558, 0.7293244802765969, 1.3670978045442592, 0.601618034033608, 0.0, 0.22531486429335082, 0.10077093358673063, 0.6819228942929515, 0.7646649161595996, 0.5997853573275471, 1.1479674846524623, 1.521472575883393, 2.542185753459261, 2.945236162235254, 4.975251032196385, 6.9245876456379545, 9.080063729169648, 11.669698227402165, 13.336958111619053, 14.750118658106746, 16.35926631169184, 16.88722716665028, 18.181763158240962, 18.068709626932744, 19.31891821922722, 19.123606127840603, 19.212672684592093, 17.66681168677705, 17.208365205398877, 16.79984943538408, 14.39240799323483, 13.438419010793163, 11.746082732053441, 10.480557328596968, 9.536578959990493, 8.882467497862816, 7.002751146175977, 7.460959986874964, 7.340638505713105, 6.522161393661267, 6.049471127541159, 6.308941035048114, 5.529570181212368, 5.2426895045704915, 4.857571009417497, 4.616117075662896, 4.275340441076564, 3.9386349605679474, 3.4070733963767856, 4.104271790154677, 3.7750639543580107, 2.6925478135946834, 3.090273793337493, 2.746288085115346, 2.1123131566643, 1.788789504138748, 1.7341257788255842, 1.4449839713274848, 1.0098371110810498, 0.08804814464606979, 0.4248515297422033, 0.020007233433523054, 0.10403961724075021, 0.0, 0.07659231999831169, 0.13240632149678752, 0.3545964192526658, 0.09678648383567623, 0.5440739731702634, 0.7208042506192105, 0.2915488114345292, 0.8244785605931993, 1.0034798075879086, 0.8289918060823899, 1.2675714819927881, 1.4388345906312383, 1.431651409780312, 1.565149005804482, 1.3897814960961477, 1.7207201034588715, 1.7947779033606652, 1.2298498931201958, 1.5145548178746828, 0.9452238385321855, 0.5976466814372958, 0.4842760740801482, 0.4973741000643397, 1.3385382797736194], "G": [4.78049611933937, 6.299536557791224, 6.655067653697352, 7.521916553968277, 8.121801198045818, 8.240970070243318, 8.094261947695804, 8.375105157692794, 8.851724751378347, 8.588702585927939, 7.749393420450467, 7.708294574034343, 7.8303874188673, 7.119499908071063, 7.277619302770636, 6.682957516905795, 6.395708594658447, 6.074675403319847, 5.856720017092092, 5.489479369880117, 5.450015947718364, 4.9638046364818695, 4.704148775327687, 3.9524985032697053, 2.88384008203607, 2.486269863184712, 0.988903186520101, 0.0, 0.2229068916592856, 0.025103716449399564, 0.4886811754900891, 0.745254015329256, 0.7334732568215979, 2.2391398561304543, 2.8478129207396004, 4.699657220808795, 4.330537323761011, 5.799537067474373, 8.281033788617616, 8.036742849647748, 8.90308368855387, 9.689137334976742, 10.253462551229966, 10.071213425137591, 9.563448614258775, 9.544115402041378, 8.41044129237986, 8.524921907231965, 8.043707454612296, 7.802881837845879, 7.011035882299431, 6.987329218827291, 5.362599592002822, 5.590359648948334, 4.791977881093879, 4.139898962097655, 3.1213590025757774, 3.296555908472202, 2.0408338640825328, 2.17589204927763, 1.5186924800819213, 0.5568128354964327, 1.223223655903005, 0.5675293001808259, 0.6519157707342489, 0.5321725662964043, 1.1532243935217985, 1.280791355878533, 1.3990640527933926, 1.5688222759149648, 1.5525248537422554, 1.7090091509551089, 1.5439183023652954, 1.3678559953625753, 1.4483872803208147, 1.699593775981476, 1.630328871018823, 1.7443226811527468, 2.090878954278693, 1.9710254136135836, 1.9486559046180534, 1.8409388778935045, 1.3812089442253752, 0.9783560761031105, 1.288996009008743, 0.8546022016325173, 0.6204238672097264, 0.34609128520636606, 0.0, 0.23739289760682344, 0.0, 0.0, 0.2849470774227378, 0.0, 0.0, 0.0], "R": [9.409260727444277, 8.97996245412282, 9.172456688281919, 9.003398199815171, 8.817325541107266, 8.997366913191296, 9.450992479338582, 9.599528692915257, 9.103773572716806, 9.269034888920427, 9.330720043544511, 9.442773162322894, 9.792099474982058, 9.422586223122236, 9.38982778713688, 9.670218135548417, 9.462621941709381, 9.501441814102991, 9.732287460111458, 10.126485624475487, 9.921555609007248, 10.819554020853053, 10.83503998059685, 10.715733730745754, 11.168292138012688, 11.011005016063748, 12.404358980767624, 12.992901030374567, 12.994001786456668, 13.38883318056328, 14.02239733544607, 14.50298140031086, 14.374746765847654, 15.062738281537307, 15.198159597802473, 15.66260119174931, 16.107097654046644, 16.622397127688668, 16.779327835233307, 17.36637540895877, 17.64754659074158, 16.812013678502566, 16.470178754132736, 16.48373900245034, 16.47768237727141, 15.821276142605436, 15.589822887524395, 16.23782440481485, 16.732676530959356, 16.617013019013335, 17.406756997762507, 17.4153201115406, 17.529186670628338, 16.930293137762373, 17.117838242882232, 17.91684470327348, 18.61205428434639, 17.54474632157778, 17.541813745662353, 17.378267524864743, 17.015429022674763, 17.20346438702371, 16.988449259902744, 17.34650715199223, 17.177052615119216, 17.526463196965206, 18.11931053803003, 18.85116448758631, 16.537059768545046, 17.28710775436907, 16.8834149749158, 16.338785428573246, 14.482932735892982, 12.595419486365628, 14.149228112146004, 12.89851825081351, 8.830164722851412, 11.529581596889084, 12.629669085532628, 12.531233808181693, 11.827740710263335, 11.740469081980297, 11.271287079274902, 10.785304194973035, 10.023087721000492, 9.2044529914137, 8.037867635603211, 7.1213502179363255, 6.546079315176461, 5.9149541286051965, 4.878770414373975, 4.160908627033731, 3.1974571969800034, 2.7957266611095224, 2.001910791006916, 4.739819725055551]}