{"B": [3.2095038956876287, 2.190385124644009, 1.970041973111863, 1.502597155453556, 0.9620975410517986, 0.25412693126932534, 0.5347009228503413, 0.4891579941545581, 0.2852269474987348, 0.23516157877539137, 0.012104718534913935, 0.0, 0.0, 0.18319660169582896, 0.0, 0.15881214381865075, 0.550050888322584, 0.8467513322100324, 2.0486539942776525, 2.18800848989001, 3.8096367371770667, 4.463710380538366, 6.344587950347917, 8.215573690284554, 10.695458920284478, 12.779278239911278, 15.43996892421486, 17.26584401291093, 18.831111749654145, 18.8965379925125, 19.292452624504865, 19.217527018780597, 18.692479272268603, 17.118556683538504, 14.608121000242175, 13.14877940223662, 13.145243001760367, 11.376523586902804, 11.099712616750931, 10.172908468614013, 8.541651112367637, 7.857760833936687, 7.966762876393638, 6.986764302618675, 6.860826638141864, 5.5291576531770925, 5.5898268414034975, 4.656562547735958, 4.520741999781426, 3.523389321901909, 4.174536535423713, 3.2519136225821774, 2.9305785193873812, 3.0063151104536425, 2.4875704886471834, 1.7043555823651697, 1.7844176654705162, 1.3390153548046775, 1.0500360389406955, 0.7483453237824043, 0.6857617518586487, 0.477953770759743, 0.26737207295860055, 0.4101694206858312, 0.0, 0.33529799005857946, 0.08610050824110348, 0.4777337241919266, 0.3855857920619236, 1.0402657344332338, 1.312379327149087, 0.8558470058491179, 1.4439175201261634, 1.6002808925935679, 1.2672614978919916, 1.8233760440621998, 1.962541240379255, 1.8787008582481526, 2.1897576526278444, 2.1711879927154785, 2.354471122068269, 2.225072765185139, 2.0304459982000878, 2.659062832452941, 1.8117083431147214, 1.5222846843836488, 1.6630073082354424, 1.3105084365057844, 1.1163833988301441, 0.8420101841896838, 0.8660578684170102, 0.7114864871667164, 0.4293156588387123, 0.4934392278115366, 0.2846568637400816, 0.7307215373492415], "G": [8.30605504755263, 8.824210255028978, 9.3350209336198, 8.52756379315889, 8.227680830241312, 8.533474279432802, 7.830034290248028, 7.940684386755597, 7.768838319321025, 7.294532467831319, 6.963576839284045, 6.5228925907840125, 6.1677621264318505, 6.394707139895839, 6.18127598335338, 6.260928351066689, 6.098675243768435, 5.5167864736213765, 5.5781926102015635, 4.788263470307576, 3.6695319029521882, 3.319059904541502, 3.277972505724945, 2.7619773832730456, 1.0940107340972565, 0.536104557709061, 0.0, 0.0, 1.0667738347408635, 1.1255839011016027, 2.4306911140845013, 3.714958270337317, 5.033040964575225, 6.592473421635328, 7.439925934829648, 9.363908468532834, 8.751746917973698, 8.790978923262223, 9.799057929512994, 8.502984979935098, 8.911180611883399, 8.807235978904652, 8.504507354132507, 8.776951896813484, 8.719753705233705, 7.338247858203246, 6.824282623711697, 6.916614563839591, 5.992597460848312, 6.428309096560977, 4.996433629037906, 4.659134885606028, 4.3062256510943335, 4.098698961724953, 2.474821940231219, 3.715489584866792, 2.5189833731072544, 2.6920509515625173, 2.971235949167714, 3.5672663896536245, 3.2534558061904444, 3.089225332835788, 3.408938179812678, 3.43052173903224, 3.296889254200991, 2.9105759829036484, 2.691090155986779, 2.8001944849840505, 3.1743670268170963, 2.158022091615626, 2.473530750665711, 3.403008715997628, 2.9241600451091783, 3.0860977514477885, 3.5192131072730675, 2.9264499951770366, 2.3013490580237614, 3.073055026310068, 2.312909515329586, 1.6393145390516843, 1.8870155247346, 1.4089704503125513, 1.5810579366994144, 0.5645225567455947, 0.5061177617053226, 1.216629603053152, 0.41302706742080986, 0.43298542172731685, 0.3604336770616531, 0.07581378265579357, 0.1576594204917987, 0.27861070988752956, 0.0, 0.01790314412922447, 0.10059773938083401, 0.30766368029928914], "R": [9.16057940696033, 8.868831328302884, 8.855111456197825, 9.41631751900458, 9.188730105576594, 9.227229899182706, 8.68893073287768, 8.502891067754682, 8.891667269441017, 8.701955267998748, 8.751848413346584, 9.101098360493648, 9.348885653553005, 9.014472679644967, 9.674001606097661, 9.784655686018432, 9.645841733709284, 9.719231008648, 9.570615754543578, 10.869761582739883, 10.909112306985874, 11.847824459163332, 11.865485660067204, 13.651844978160268, 14.64135317576305, 15.359098752816662, 17.121648006477873, 17.402099668401455, 17.65787673131972, 18.298869370556897, 18.499128306243446, 18.192017725446593, 17.914187047058917, 18.028543321037883, 17.767489512686435, 16.951045708794705, 16.898428997675524, 16.2684472815945, 15.513897996464781, 15.606992156733497, 16.191742113118273, 16.51808268050158, 16.425184266968852, 16.761273941593483, 16.56946098469659, 16.659793793564646, 16.723374586766912, 16.614180240952898, 17.395268008856554, 17.67367844793214, 17.4102695576745, 17.544995200846984, 16.90705575096816, 16.431904441954522, 17.098545639411096, 16.72435033529317, 17.19973542413461, 17.17778328332233, 17.466530057746667, 18.03194966133707, 18.735892656862394, 16.906101860557982, 17.602592220598943, 17.211903919017438, 17.157114648760974, 15.136464638489283, 13.156388702298727, 15.01169939982715, 13.555852941059381, 9.530714149052349, 12.574409074843297, 13.838943783438586, 14.04236837350046, 13.432994975342474, 13.413168440703133, 13.476509428830537, 13.258339568421437, 12.838900614965358, 12.296798382186362, 11.587911139708613, 10.770352438455001, 10.556972371945571, 9.981670811051666, 9.228651571151985, 8.739037147778529, 7.483854363520761, 6.870005374598685, 5.791977660688624, 4.858451822105649, 3.680664317641255, 3.2157702987838874, 2.519030331455619, 2.312022264507616, 1.8245810417387631, 1.4545024095081818, 3.481732631279017]}