{"B": [2.6181440986989397, 2.744753657279617, 1.958538197031977, 1.1992601946785388, 0.5942783978964399, 0.7993060979554981, 0.8213485842747509, 0.3855775941523607, 0.24434982198120728, 0.0, 0.0027232723481535825, 0.0, 0.0, 0.0, 0.0, 0.17529499003602456, 0.29149241601677617, 1.2439657444765126, 1.7843436388318699, 3.1984469810883303, 3.797880709558592, 5.511088844170768, 7.51587423978982, 9.281631239843694, 11.018503871996593, 13.668439479947402, 15.687678664369642, 17.58541851463856, 17.977583533933544, 18.75317219247389, 19.09063552740065, 18.555060984164207, 17.52839841161577, 14.933698240903055, 13.925152441532443, 14.236099777910049, 11.97816317390534, 12.139615686745325, 11.012463043645893, 9.118946130648393, 8.449160381047836, 8.28813059452786, 7.492347870621846, 7.497546445013155, 5.7214411367758595, 5.905550688069805, 5.0101777441659445, 4.896812693180053, 3.731357343350616, 4.2761150116725615, 3.5171128060199157, 3.25340297950796, 3.0034533697736556, 2.2545126469427204, 1.578274767554793, 1.9972414930005742, 1.408641383238213, 1.106736261788579, 1.0092516949182895, 0.7521964847233853, 0.7692954341061083, 0.6590167921847765, 0.48909171443393173, 0.19517013074446463, 0.44063624799171736, 0.14584109741145526, 0.49672869271394765, 0.49635912417941586, 1.1854795139050789, 1.4553159890818737, 0.8998047298241834, 1.4999439864576012, 1.5898580515052565, 1.2116764012286072, 1.9138764289848482, 1.792417702086464, 1.7594069969532027, 2.0712880914453753, 1.9517099514616782, 1.9787560170415703, 2.07616124844838, 1.8682679247166194, 2.5456318251764403, 1.6839612539918118, 1.4412601281398894, 1.5290661716848575, 1.2461660737959914, 1.24266697605946, 0.7607136799148296, 0.8984585423370561, 0.6683771188322123, 0.45495592285396447, 0.5026568986053245, 0.25376888170535655, 0.22769536001719937, 0.3372040412548762], "G": [8.228494459328129, 8.740693261261807, 8.169809449447273, 8.145461996060568, 8.401719943157136, 7.745048554441282, 7.770804736916709, 7.556875610901807, 7.1828471072970155, 7.039572390714364, 6.593829706945877, 6.069219170525216, 6.38840216866364, 6.027553736639979, 6.0617492505096795, 6.133451886626213, 5.424523151225143, 5.319405649240075, 4.694956469461258, 3.56793693916674, 3.350687241267379, 2.950494466269677, 2.54673868606672, 1.140411485865355, 0.39566836110140424, 0.0, 0.0, 0.0, 0.9030945252779297, 1.3198747343212993, 2.713065799358532, 4.296743512852995, 5.208796773128093, 6.436967012933402, 7.6096779558876815, 7.292131156023884, 7.831000204682933, 8.72267075444129, 7.414211612949699, 7.942913705099583, 7.974123427490479, 7.914062715667739, 8.306907872951092, 8.37654058875178, 7.012794240836325, 6.7247033543563335, 6.706368675939151, 6.165268203146149, 6.3431004225470256, 5.205444622503347, 4.654629763247696, 4.309777499126332, 4.1597086286019564, 2.7225844785829025, 3.748844813456864, 2.589929155271821, 2.495871241092389, 2.87904420403027, 3.312078191095861, 2.7215847975816443, 2.4615044832826376, 2.550179858106434, 2.722212100703244, 2.5190866419219726, 2.196410967667638, 2.1840770988735296, 2.414458386063144, 2.572432150538578, 1.422355274607092, 1.4964922245400716, 2.5502549127243004, 2.2091719522578592, 2.43173556843038, 2.903827354722433, 2.351314505209326, 2.067442290300651, 2.621120873232362, 2.1846235058542156, 1.4459710832759904, 1.880696152153744, 1.4282653132372436, 1.796460712458232, 0.7270286020249445, 0.7960871390418297, 1.3127992221834714, 0.7057441010347152, 0.8625108581820062, 0.5322008889621797, 0.26768931499926085, 0.3624261151979299, 0.47479174317055556, 0.11358029913410808, 0.15085838939992957, 0.31349448284667625, 0.12408506110204302, 0.7151873101373075], "R": [9.293216278682166, 9.086374593384345, 9.652242437726139, 9.40441956367873, 9.297481724713114, 8.746085681624827, 8.546951241376231, 9.014573420945624, 8.742524053052442, 8.732695784056286, 8.98734748035542, 9.290780090317112, 9.03815304844794, 9.57967194216913, 9.780714925306892, 9.63702048272851, 9.741521392229068, 9.574972705059427, 10.472166853645072, 10.560776685089222, 11.203080263630461, 11.305055314308433, 12.549257351126604, 13.662074176268755, 14.678272393583029, 16.101325862918408, 16.849488954317092, 17.517657940496445, 18.26117966331734, 18.76644684693151, 18.57729685649367, 18.62775935630666, 18.732886937064283, 18.222243013939018, 17.69956934941865, 17.30240596757147, 16.741927931407314, 15.837938923657315, 15.990641452569955, 16.533871720237126, 16.94855575717137, 16.809735893631615, 16.854385784160655, 16.684562436199535, 16.943849083960682, 16.762265179947132, 16.73287642786548, 17.36055033560282, 17.756058417690376, 17.44573295708231, 17.602511234783464, 16.778657890138945, 16.607928125263612, 17.260740706155122, 16.94762140884177, 17.116088162239794, 17.294819454511284, 17.568650283300798, 18.121848746242833, 19.045338695676733, 17.16488261446801, 17.84587316062312, 17.653375275613943, 17.48275047466678, 15.569738097262668, 13.445454984839714, 15.319001157605948, 13.984867549556519, 9.897014636181936, 13.17069572210377, 14.478718178521676, 14.646780544729896, 14.08661780896803, 14.05722020811758, 14.114878882387595, 13.915892202154742, 13.685242134376482, 12.94535487412579, 12.456191026803072, 11.643414261700455, 11.260615553965986, 10.765879370878743, 9.973843738304328, 9.438971380037529, 8.288658321316335, 7.63434114719421, 6.44326796848778, 5.457061639882378, 4.316387268674157, 3.7781245457808286, 3.008418323506606, 2.772697577404508, 2.232087025658045, 1.7551682355666496, 1.4556378968079653, 3.3723687389453003]}