{"B": [3.8433910169965895, 3.0031597633062117, 3.1754164577942725, 2.431906500535744, 1.856349570014951, 1.7048898447242578, 1.3178235817781316, 0.5765418593168182, 0.7895066306929598, 1.3307218028766785, 0.5541292990025101, 0.015351245785777344, 0.0, 0.0, 0.35041655271955663, 0.5806477958336265, 0.26960558255324907, 0.525812554905581, 0.6517931827730866, 1.631266602697962, 1.7291450552251986, 3.376215204689029, 4.846804742918179, 7.005381195351925, 9.119857460572714, 11.336720352844395, 13.468610806703007, 14.903805789561526, 16.355707945320137, 18.213531076865998, 18.515990669228604, 20.25365575948759, 20.216383861889085, 19.92000964260399, 18.959553826308134, 18.57575013235309, 17.580502740893873, 15.660403295586962, 14.452087970008517, 12.62749020658668, 11.191547259602784, 10.035011080552543, 9.427617974782542, 7.227522708429406, 7.6146393925811395, 7.645281513434139, 6.897910915514351, 6.34214359742985, 6.483823871294043, 5.700077184272245, 5.2593328200703375, 4.788134592328702, 4.882427131507629, 4.249813496424785, 4.0238891210757, 3.3709584400494683, 4.201263673092713, 3.732672329791957, 2.7201339145669508, 3.0403437136375353, 2.7350276803890115, 2.1091467374655033, 1.8799519190880898, 1.7230697823292402, 1.4579755388016105, 0.9280286441439111, 0.0, 0.39059044715584784, 0.08627553893160514, 0.15359873383041178, 0.0, 0.04732566632383781, 0.04455151298375564, 0.41179790740456323, 0.019929383582884288, 0.512211192860936, 0.783593438802226, 0.2860149066468494, 0.7722758860482947, 0.9965645043519779, 0.804574007740509, 1.4032523603623903, 1.543406138676168, 1.4742433504172139, 1.620387728160182, 1.7032902472005524, 1.8127200851513143, 1.8748366863782961, 1.4325757147448852, 1.7262900745636234, 1.185211117710495, 0.7291408577931261, 0.6587952760338306, 0.6561605749329309, 0.34542690179554913, 1.3452843812967163], "G": [6.039712141392522, 6.344781915823852, 7.394668346625761, 7.9488722604200746, 8.071823806896907, 8.166290089202741, 8.080921294494576, 8.8774852797202, 8.523617624593973, 7.509273283094364, 7.384793307524742, 7.71119454493079, 7.064541879551075, 7.082820882650411, 6.773797244503445, 6.374337321459955, 6.182502169068235, 5.766183948534007, 5.580497728666211, 5.414059962786925, 5.291717895783026, 5.322117247313556, 4.799732430922401, 3.7723162419927703, 3.338164970313879, 1.5941210576036493, 0.5906716960794031, 0.48956440120377614, 0.0, 0.23053548512906283, 0.23921341556305498, 0.3733323843711057, 2.0077047226790166, 2.4220600560798986, 4.430170467066156, 3.8491128886768493, 5.776694425175916, 7.263956557024387, 7.514025317229249, 8.603980487282008, 9.436481039845196, 10.297131636839358, 9.681243101797754, 9.848089126633713, 9.74229808799936, 8.369438338995034, 8.786730566973196, 8.125495281570387, 7.6267548392992826, 7.286106011413264, 6.891400952567989, 5.585300137231867, 5.681743892586034, 5.087475991091376, 4.221872074914614, 3.38070329467352, 3.1780771064553166, 2.2157593235318247, 2.197163687280139, 1.7248699611191236, 0.7870675057364018, 1.3894907038964923, 0.597633612105856, 0.8442522820942086, 0.7652998767735051, 1.3301808583521668, 1.543667906908224, 1.6684864732800755, 1.6658884821521596, 1.792485909636482, 1.9853577320288034, 1.7350663326090217, 1.667502671533215, 1.534181030456367, 1.999094040891131, 1.8251301045307697, 1.9230573249471865, 2.2740484203916167, 2.129565384414847, 2.09601313744484, 2.138366098514236, 1.6241325794233081, 1.2224772561188915, 1.535700398299304, 1.1016607870011301, 0.674331761019043, 0.4690962967729582, 0.017108940992162598, 0.2691180399019751, 0.0, 0.0, 0.287852598752409, 0.0, 0.0, 0.0, 0.0], "R": [8.904855452755477, 9.278383146463794, 9.21335907294015, 9.151714257800464, 9.200988567375674, 9.459964947627977, 9.66219479646772, 9.135021913663246, 9.281082598117822, 9.40168545713477, 9.492865710402198, 9.670602603147298, 9.514754710893952, 9.365529753616425, 9.662518572354127, 9.395319649934274, 9.536171283613983, 9.780187843981873, 10.07027705747633, 9.849295924117218, 10.681182950769541, 10.550265555529647, 10.332645714206041, 10.584179257895693, 10.728009582491907, 11.943316481140826, 12.455465528791086, 12.903829792346109, 13.360216603089786, 13.945834911963376, 14.565365516485107, 14.28921016193174, 15.067894813835286, 15.456929725463615, 15.606782253965093, 16.082060374432018, 16.696185419856302, 17.20755050771973, 17.47467572284075, 17.70514326993778, 16.882832713928572, 16.564360626458203, 16.67605570781584, 16.436088215733292, 15.823237645458747, 15.564438939553078, 16.061829931492543, 16.677316201462702, 16.758120483502392, 17.276553168149306, 17.55047572796684, 17.530881488026075, 16.78577848090949, 17.1251545518503, 17.92020474179344, 18.60055251098643, 17.589681912290075, 17.69365530914932, 17.447801505139154, 16.972391256379225, 17.23363884348245, 17.032866096880483, 17.394261579575744, 17.18822717363307, 17.633646401775007, 18.288409415327077, 19.033303108200545, 16.6150793021515, 17.402437706167632, 16.94620668828824, 16.44207373454881, 14.582648606601774, 12.673303202802229, 14.337332446632418, 13.055001005684101, 8.997969485526239, 11.672109786819929, 12.866817060831435, 12.86343811781413, 12.15686891549327, 12.1127366418867, 11.59678732057038, 11.23668266392018, 10.51905017656824, 9.727731588701811, 8.56563144871129, 7.752791316986792, 7.245382875255046, 6.539806202849782, 5.519239063333115, 4.754499333581798, 3.7408881737082056, 3.329316724693177, 2.4169063843083265, 1.8575117474449105, 4.263795675952757]}