{"B": [4.5183054887084335, 3.4717199287706086, 3.3266525137452194, 2.017295568266478, 1.6415273801115464, 1.8723175857118903, 1.6755620053848026, 1.1299903385324086, 0.6395312685971395, 0.650212511765116, 0.646557943431835, 0.6867138972658364, 0.5637158021639721, 0.5617859731411293, 0.44270923188214406, 0.4785691831231833, 0.9127948855332163, 0.6254184022298083, 1.5037405842939384, 1.950767311832312, 2.6543534565888924, 4.048681358863578, 4.959209931060586, 6.771558978515313, 7.975998881797303, 10.803037701558765, 13.941642866525894, 15.18406788944424, 17.357617626649073, 19.099393718934977, 18.851422713195614, 19.58137986574955, 18.677933328201064, 18.678600012920533, 17.760508338443014, 16.31133523321766, 14.715969798233237, 13.369494716131758, 12.215327360922187, 11.287651007300143, 9.56977934119768, 9.328981981568786, 8.972907705135693, 7.924592640208243, 6.989047721227287, 6.846223743582756, 6.279778904889732, 6.014670557162555, 4.737454948114241, 5.509765773038477, 4.4375605444964, 3.921015734223473, 3.6090185334399285, 4.333588337781027, 2.9686655577741985, 2.7190638583980835, 2.843890886390457, 2.3159020335925513, 1.8783716036291174, 1.5966302127615153, 1.1794051749371925, 1.0953856449566506, 0.5671004441773255, 0.23624853246309263, 0.461681846180271, 0.15780266931626658, 0.1039565464083296, 0.0, 0.07104182210884885, 0.09803637158452795, 0.2978125369467462, 0.05166741711387362, 0.6695192122132455, 0.820148195845751, 0.6085400262902665, 1.1029014564873365, 1.2128502821873552, 1.1475657438901565, 1.6838589416398375, 1.7077193057672344, 1.7634319363319042, 1.962412370964728, 1.9929370742033636, 2.3259286028372013, 1.9805729189971755, 1.7638251836314898, 2.1220368652171477, 1.6179571310935426, 1.1673314891695135, 1.0232371018073134, 0.9094644976849882, 0.6172820630238892, 0.5163915985823331, 0.5253018544692681, 0.36270005429945823, 0.5997055118077822], "G": [6.634118599088347, 7.241314920137179, 7.757705789897296, 8.340638358205355, 8.89185396141065, 8.505653407155416, 7.80396001099434, 7.489557400807948, 7.626247960448762, 7.361079010435715, 7.298234515259236, 7.2021138626244765, 6.595377778193758, 6.517394046319334, 6.219370144814999, 5.776754512897684, 5.889909358309369, 5.957091239990618, 5.7524441707567995, 5.704639696321961, 5.246190927361606, 5.258958013769574, 4.026381222217159, 3.124173233656426, 2.6344127307788807, 1.7276380488734244, 1.1458127081393032, 0.4465935247592342, 0.0, 0.4099714956267699, 0.8594090635943943, 1.859533971044779, 2.836026885866666, 4.055414194386172, 5.623471858645836, 5.821917626518079, 7.438344754214935, 8.071383926448664, 9.434885244427685, 8.801988948373156, 9.102686606490082, 9.647736181613771, 8.274258766775986, 8.527763667042082, 8.163005089930046, 7.932134187840639, 7.542800394158512, 7.674329085772185, 6.570299684150174, 6.432525070009969, 5.987459666012981, 5.340878128244496, 4.882573259099047, 4.1952928030173045, 3.5137678449241445, 3.2529717872111177, 3.0012364388376556, 1.8427991172563658, 2.74048178218612, 1.9369126233494274, 2.1160300811872634, 2.295498070302266, 2.869138210510703, 3.0415482792093265, 2.5491512183780625, 3.0545786660227425, 3.027880273201677, 3.195817971190511, 2.8777204328659445, 2.3208904333598084, 2.6636315170346285, 3.0849527508274566, 2.558477533090669, 2.686437197911817, 3.280754064622137, 2.8274049560505365, 2.8384981601902393, 3.1289341389210827, 2.3840049634040996, 2.0705559690928403, 2.2449376652605877, 1.3872860330749448, 1.1137110871566973, 0.8891315450901133, 0.44754150970099466, 0.7360635471836137, 0.0, 0.0, 0.4480718557353942, 0.0, 0.0, 0.0, 0.0, 0.0, 0.0, 0.0], "R": [8.875880686079201, 9.112386034426512, 9.055767148021793, 9.4205025893997, 8.83721667369322, 8.859633650669574, 9.225363174182055, 9.22916574386712, 9.297685242197169, 8.819983063261361, 8.800104421765425, 9.054608726720252, 8.996419019160221, 8.810529206732225, 9.286568341508728, 9.60432122770408, 9.209822522018442, 9.833072378827799, 10.038080286311455, 10.043679270686448, 10.12688827413139, 10.059279519506465, 11.304984411972443, 11.977317860315711, 13.012689396475322, 13.3660953048761, 14.53721288127818, 15.28924276826293, 15.403742454641991, 16.152178267389065, 17.066072518680613, 16.679538692602208, 16.97302920901934, 17.423716841812208, 17.32147800365882, 17.936144036835763, 17.740261093451178, 16.972280037977505, 16.299931748029874, 16.66119542740233, 16.075929914458715, 15.511992009213893, 15.39098996753304, 15.951135272279318, 16.59965309198176, 16.69489287730079, 17.02587916220241, 16.978346509999906, 17.301726814729587, 16.409164228043423, 16.69948262438384, 17.637024029227728, 17.96814051630853, 17.292524115804923, 17.819739662260275, 17.254520795365018, 16.724031693935242, 17.236968670651937, 16.774802483304807, 17.298988292193, 17.312355566150313, 17.50411012415547, 18.128630722958178, 18.730330633667766, 16.69529073314133, 17.306865419573953, 17.035704271933774, 16.547499094506296, 14.637496215521281, 12.857576332947923, 14.638155825116018, 13.168763944724967, 9.074245757241789, 12.136438592395882, 13.203076500684167, 13.391411560321322, 12.791612856814481, 12.683981248842443, 12.688817127960116, 12.316466167454713, 11.8020921542447, 11.2785697754249, 10.193533845402843, 9.452004213542992, 9.134328806249009, 8.450153880563795, 7.648928263527579, 6.791031279769312, 5.746068278157086, 5.192610379094086, 4.150946165837199, 3.378294370799489, 2.354252111741021, 1.9254073923007478, 1.5010513582148535, 4.300375328209307]}