{"B": [0.0, 0.04372260530595883, 0.0, 0.28086655956208, 0.6634982211923396, 1.231593857863931, 1.4015025877495506, 2.2620739635714533, 2.860349828729076, 3.570550338062796, 4.472360302669879, 5.1991337107404, 5.76282890429035, 6.521402746041868, 7.07224990513035, 7.538601166876148, 7.597018857081561, 7.957144974054753, 8.033697627973805, 7.827249388419518, 7.414760776417502, 7.258190330259092, 6.242897642932709, 6.035586114185275, 4.7893219256870285, 4.720908849734563, 3.9978957920155547, 2.8129180766277506, 2.2193967808462514, 1.7017837495258525, 1.1722559376330028, 0.6896421709543947, 0.5150920650433997, 0.36009500564414554, 0.0, 0.2117847228740867, 0.3972607479258535, 1.1865133476628953, 1.8187366000685743, 2.644268859286063, 3.519773746912109, 4.7172806580145465, 5.66185962572814, 6.019405124056258, 7.546936643079441, 7.713481733584977, 6.262985685741574, 7.913847605910717, 8.958947160906547, 8.840168077993587, 9.238758330030466, 9.397737653207454, 8.707340133534734, 8.534801081992422, 8.124499114342205, 7.332070818171375, 7.2373765531405505, 6.295234247310313, 6.147964302040037, 5.753543313270925, 5.520140119091098, 4.3875332317872475, 4.360248212788201, 3.7866973745791683, 3.232261325982865, 2.7442389190376097, 1.743969928229602, 0.6905227020860271, 0.48331652054496976, 0.6788653520736259, 0.38487455512041374, 0.0, 0.25286639480471484, 0.0, 0.0, 0.006005827587659054, 0.014745928598995005, 0.0, 0.01812224312998183, 0.16878371298015618, 0.40303714370312616, 0.3580607692137482, 0.4972782651077882, 0.2430921112944197, 0.4492298486817053, 0.14243960740952866, 0.2666024380952494, 0.06346302504021904, 0.30191385192115355, 0.14008903261006583, 0.1711368490802542, 0.1533245368285559, 0.06745752102217467, 0.0, 0.0, 0.0, 0.0, 0.0, 0.0, 0.0, 0.0], "G": [8.979764937826928, 9.988440309992184, 10.303028548237043, 10.284370796373246, 9.976095253321706, 9.390654801155101, 9.21319742196436, 8.092934831861816, 7.366813557480282, 6.704718000120726, 6.0165216041413245, 5.038321469260285, 4.109927370724837, 3.2731885611813696, 2.9678519879817076, 1.758137565608454, 1.2403555555022503, 0.7294001305334479, 0.5917369467925321, 0.25235876999148005, 0.5329741309597693, 0.24140881055751226, 1.0718881502568807, 1.2121641739646924, 1.9287865972222114, 2.483124132067662, 3.4515443206207546, 4.108451668761885, 5.687792807678388, 6.508143637412163, 7.623693441752646, 8.983956865091418, 9.424716070418476, 10.254028027287864, 11.521913657975812, 12.152618099993996, 11.78075411461684, 12.36466845883108, 12.36771286136746, 12.263565621396882, 11.056149672177094, 10.146606146812928, 8.937272478548975, 7.303461804633754, 6.383328066993367, 5.597292286385044, 4.211969506199877, 3.257065662565481, 2.8104454942401422, 1.7551467990085134, 1.1281238466099304, 0.4181136796985086, 0.24118763341631477, 0.0, 0.0, 0.0, 0.0, 0.0, 0.0, 0.0, 0.0, 0.1980414951612439, 0.08393980020135693, 0.2169233308991067, 0.4398728070292964, 0.7057215219837402, 0.5460471169740877, 0.47961868832991034, 0.5539585291382849, 0.3153261310388359, 0.5163047129504456, 0.647124134068188, 0.5402388993661948, 0.49800892097293137, 0.10428394241393699, 0.43861635621172135, 0.4577964627942659, 0.4314304954499727, 0.5910993773386197, 0.37027624675717014, 0.3665845147415534, 0.37739162615977856, 0.36264598118270636, 0.29804493265420384, 0.3204808556461624, 0.27572186434194096, 0.18781329090630147, 0.279272814426248, 0.02593305266989371, 0.2050807543488311, 0.0662104608639896, 0.08857489733062927, 0.032268749898900204, 0.04170776669052259, 0.036043902307007825, 0.03655232536439833, 0.05546390075277421, 0.0, 0.024056839501921716, 0.004901566307276434, 0.04245440098074283], "R": [0.9146176041166937, 0.5401528503027877, 0.3269327875308573, 0.19546562642622875, 0.20053629314400873, 0.0, 0.0, 0.0, 0.08680109535370002, 0.1717454820469779, 0.010683351480911197, 0.25497364354594776, 0.38769588935001714, 0.3805782323862584, 0.5497081725558035, 0.8057307385425565, 1.0833030940509487, 1.105494718609742, 1.4455979977748368, 1.7824090391682714, 2.4043077814603553, 2.620397305409968, 3.2123951016928194, 3.508436015478286, 4.251773403192447, 3.998787385118962, 4.180908907626997, 4.881326710053479, 4.641833347835829, 4.609277876038664, 4.394745405987395, 3.822086411740894, 3.5542516304945697, 3.638102940225834, 3.4799368506245094, 3.4757909053078153, 3.536487329098212, 3.409147463008011, 3.681020875803331, 3.74263196285633, 3.5332484005269484, 3.3085624361915644, 2.827994869881207, 3.287687798211145, 2.6987329156231112, 2.480019002860662, 2.6766028057434874, 2.9576406733649114, 2.7806908411802795, 2.8785311705731513, 2.957885445996624, 2.9604102678434625, 3.4576089439385282, 3.9019108966392158, 4.369256946421057, 4.501731290969903, 4.723623993468021, 5.613820719450472, 6.023251503223095, 7.221959283466323, 7.775148468198234, 9.365948542172363, 10.497216531321316, 12.744845132314058, 13.898216674169666, 14.432438537987503, 10.949410863625161, 8.274091513509687, 10.330931612582747, 11.466375644008188, 11.225224326920678, 11.951943566434354, 10.794925078196588, 9.267467723081907, 8.556774459348624, 9.401956977806524, 8.858049919656006, 8.96042717826069, 8.024163482635444, 7.416838972090228, 7.327437428836596, 6.143148961003353, 5.778078747462591, 5.114237037494062, 4.694683236693012, 4.128620573471586, 3.6063448204824016, 3.1356939967789454, 2.632075015803657, 2.1703732378024667, 1.7504849222542267, 1.5401926228445988, 1.272694788355562, 1.0336159037898824, 0.7473048480466152, 0.5997465707058706, 0.4064394378524957, 0.35708226442417546, 0.2721596021683968, 0.16270832371176783, 0.32378338575202525]}