{"B": [0.0, 0.0, 0.1859866690872117, 0.3144650678443688, 0.6859347695257939, 0.5960808337907417, 1.4113169350218107, 2.007819774436701, 2.5176722818440247, 2.9866477536707667, 3.580293939758471, 4.465026065871173, 5.03420932919496, 5.842354007276452, 6.1955494131463915, 6.581089883617745, 7.0334651190443, 7.245334290025335, 7.252976526112591, 7.563519298216996, 7.434492931521185, 7.497727145629043, 6.074440509703244, 5.2053599098826195, 4.733206242833342, 4.13450304160636, 3.8221169784435767, 2.9753503220115047, 2.750504935758125, 2.302369448292415, 1.4319176636667919, 0.8689996411301998, 1.154572592548829, 0.41259980914867384, 0.41055256632099923, 0.6656976555240499, 0.8861596815967849, 0.8840724787753821, 1.3540696288477145, 1.7937158333539611, 2.9818624415510957, 3.9500914627011876, 4.7586670487519385, 5.658831189025533, 6.4233647090759876, 7.379590201242203, 7.322990031995454, 8.688609507682308, 8.606679188385732, 6.914331560215292, 7.9844154740085, 8.824741194664279, 8.324233153754122, 8.404019937487053, 8.162864797246428, 7.3718774460598215, 6.907900318676611, 6.495634740568566, 5.702842230965058, 5.809107952794825, 4.851597020286605, 4.725310938877751, 4.378147270079115, 4.12181210522483, 3.1027050145272708, 2.946932042444319, 2.4298675102322442, 2.02656305112629, 1.781561237620455, 1.0586612410811451, 0.41590985058969676, 0.28906853913607244, 0.3208755010871392, 0.2122845635462474, 0.0, 0.08235306895003364, 0.0, 0.0, 0.0, 0.0, 0.011664551469487031, 0.15463524740649476, 0.38712833850771183, 0.4663043559531748, 0.2819408043237124, 0.3186237918500802, 0.28926121314620573, 0.40951291980095483, 0.16986502760374925, 0.24141560040637614, 0.1691106730320629, 0.20588528579052304, 0.15318850585176602, 0.08516294212666534, 0.15258086120215097, 0.002505733776385613, 0.033475645221806995, 0.0, 0.0, 0.0, 0.004290202668224451], "G": [8.452901000451504, 9.063337771525795, 9.334454626396175, 9.786359411468812, 10.001481665006994, 9.956389632467568, 9.619397716216204, 8.955626074843478, 8.095409933893709, 7.658373218432261, 6.552004285688837, 5.407610591606199, 4.614629649163918, 3.9424252338197885, 3.033560123670058, 2.2179124961886774, 1.5082424465081026, 1.3870534655315496, 0.4400823160527676, 0.574994261030726, 0.34459690326518894, 0.32999175797636454, 0.47632651018218886, 1.088107144152921, 1.3102692817931172, 2.1341635061595152, 2.4972922589606386, 3.866466815341171, 4.245852640413791, 5.328054741809121, 6.276879488608384, 7.614828475693851, 8.333581484285904, 9.526657904412586, 10.296106774041608, 10.3622270625227, 10.694079213591413, 11.785336945769744, 11.796791199980381, 11.20574161008822, 11.100061818511659, 10.743452653453176, 10.035328430369841, 8.4527936375519, 7.469370572337289, 6.564493547077004, 5.061878670701862, 4.018348893716294, 3.065707789633503, 2.6401756154069824, 1.7025576616823779, 1.131682708372467, 0.6228839943370914, 0.15911097478604078, 0.0, 0.0, 0.0, 0.0, 0.030123356649191534, 0.0, 0.0, 0.0, 0.0, 0.0, 0.1521251981922288, 0.18027802016003464, 0.2368460953051331, 0.4488967765731001, 0.5298861450176381, 0.471998332061904, 0.2575878631144232, 0.3147304809940047, 0.11295766397739636, 0.21343082574205127, 0.34047364546801034, 0.19595191506115048, 0.25387371017494387, 0.0, 0.16473337039079033, 0.19515489864500046, 0.2179271011957531, 0.32572566502885325, 0.060134555153512584, 0.12736666493469778, 0.1883853465785376, 0.24410978433983854, 0.16997485452709152, 0.14115036060424418, 0.12552740152163414, 0.06253785441133025, 0.09610029919451052, 0.0, 0.06818395625425927, 0.0, 0.0, 0.03150680462131931, 0.022373058479432346, 0.004417460653034183, 0.04736768945096343, 0.011346913185296402, 0.006447240481287656], "R": [1.0743864276628907, 1.0808083782326021, 0.8055805215800416, 0.6198916309100427, 0.28469917812013873, 0.35024194180640383, 0.0, 0.06871302369982564, 0.0, 0.0, 0.0, 0.18238793496448208, 0.3254865528526497, 0.223444059117463, 0.6320138579761745, 0.8198028611706055, 0.9297646668591709, 1.155865886477117, 1.5669263413361556, 1.530194929231779, 1.9479512725356871, 2.2108912347104495, 2.8455875895190976, 3.338069418469392, 3.5487642227587695, 3.6026365193336702, 3.7244794161832644, 3.8205047617896493, 3.9402864647346907, 3.9250202639567306, 4.195436770840162, 4.090427095140109, 3.954213791781819, 3.77948144575823, 3.183645845303345, 3.034419591029776, 3.067163943425515, 2.9695736112023696, 2.9301997736187064, 2.944562596687376, 2.9724256290286566, 3.15286090147987, 3.600575012491272, 3.490879674881682, 3.48314393707701, 2.8822395756629327, 3.442921806616175, 2.9800071279799987, 2.9145306453265216, 2.8930892926625105, 3.48186295621651, 3.489943013327474, 3.5794552499596506, 3.7086646332981306, 3.7438442747542813, 4.175810872176067, 4.729984703778925, 5.183375460838927, 5.373132163288558, 5.402923503309251, 6.190658699010517, 6.632001873953096, 7.797312508805673, 8.303770106773163, 9.71150500341368, 10.769892720572692, 12.814187983890205, 13.91623567943614, 14.254628797890003, 10.729113352076302, 7.978800329996307, 9.799952866952955, 10.961421878788569, 10.547753218136357, 11.219534126934636, 10.147823390390398, 8.520812937027468, 7.729554438993282, 8.4744657360143, 7.958435511341733, 7.927978508273908, 6.9138966888005084, 6.317449823559011, 6.165082676543018, 5.105504717797576, 4.735665508602847, 3.946549355865115, 3.5669000243703404, 3.075088399904587, 2.5948619405107127, 2.1473835726424335, 1.7895022710816184, 1.3418077184686792, 1.0952407218813427, 0.9287462294457011, 0.6746598507724781, 0.5106011151184173, 0.36857255181560183, 0.26792162887497234, 0.17276686982403416, 0.3848086938334101]}