{"B": [1.6630486100334017, 10.56253061445468, 19.594393690463118, 24.22398273836774, 19.02189290407909, 5.350996801759951, 0.0, 6.165940433141038, 19.390781281900995, 25.70421990220668, 23.044660705935488, 16.995296466944897, 5.794813541817552, 1.5673700792743284, 0.0, 0.2226264634182672, 0.0], "G": [29.76883238248232, 23.657736675635476, 12.041497482837215, 2.878466487073735, 5.7198524716584895, 19.65748673442295, 39.272719328629705, 36.76578115817168, 22.333086738096842, 6.5064405094978355, 1.389238387250871, 0.0, 0.0, 1.033907044722928, 2.172168874656811, 1.4196857135194463, 0.5269112623163223], "R": [1.9796229945127557, 0.0, 0.2532119665821029, 5.94114480072175, 15.291143716088067, 19.888963649174492, 17.86825199886932, 9.253233929579347, 4.429373619752918, 7.328595722965484, 17.87989961709241, 35.36522556388767, 35.27022291584892, 32.49342108891175, 29.59888897694612, 21.643364753988525, 24.222561763072527]}