{"B": [0.0, 7.513219540134725, 19.89265472165718, 26.814789218404727, 23.583351340635417, 10.507327384766176, 1.081740940015489, 4.554594335954741, 17.036827769829348, 27.843731418655768, 30.106480947621804, 23.512648078155117, 16.138226520203226, 3.9869748398454306, 0.7993847884768992, 0.0, 0.0], "G": [33.22635271405129, 26.62271080034448, 13.80041314121024, 3.5201484934973157, 4.2294814399314795, 16.386466973452418, 34.0656108873855, 42.44172730526218, 28.37941738906262, 10.565643866159974, 0.508326009625538, 0.0, 0.24884623454007382, 1.3776118569262772, 1.5772682560847002, 1.96586713345467, 2.487635837913174], "R": [1.027120369185707, 0.0, 0.27759787423262505, 2.38362940387445, 8.620878014357926, 14.119911145231335, 12.435125117985384, 11.72154998668445, 8.429219076206758, 6.876905184820357, 9.889301286273525, 19.038561247603905, 38.54770522634218, 34.12543651248467, 32.318708133512466, 27.809109389710162, 34.03284630346469]}