{"B": [0.03707870594811848, 0.0, 0.09692721293761548, 0.0, 0.5053416935436575, 0.9704499227482402, 1.4229514981822644, 1.768425459049746, 2.484629780619365, 3.1791812680307983, 3.8016997006343995, 4.669782082335555, 5.234139381565819, 5.676472067483855, 6.3140813526672215, 6.6853128616801465, 7.063584408118382, 6.990338851158624, 7.227928319255784, 7.716214145904624, 6.956457808364254, 6.531375116494304, 5.710441466746565, 4.917840229498544, 4.730561843606047, 3.7461639807395803, 3.6969034263025935, 2.9597732426310626, 1.997402407943989, 1.3456043716970365, 1.1298091237987047, 0.5203412963270082, 0.19563940435304433, 0.16364992257590041, 0.17326089580571719, 0.03070036971258903, 0.3427397211014299, 0.6602422931343496, 1.4754677361090671, 2.3262712171693676, 3.021453370004143, 3.9340234009254282, 4.794742909896345, 5.83218827021304, 6.12343183197806, 7.4801997033009116, 7.557261199301918, 6.046761824521866, 7.386322541283814, 8.340119170993356, 8.189367728527278, 8.296619972644864, 8.471215793757153, 7.740882914647328, 7.315619972598974, 6.960985599125731, 6.241390820895102, 6.20812031136722, 5.3236943723963694, 5.216321577438762, 4.8704038994504995, 4.602392623322087, 3.59868107633989, 3.536929395391622, 2.9576424457037325, 2.526332060697012, 2.1557502166400258, 1.369186110318869, 0.5419264529349552, 0.37769085077805986, 0.4668495955121997, 0.24558117553895387, 0.0, 0.16873005400988828, 0.0, 0.0, 0.0283839540341149, 0.05888489477999123, 0.0, 0.12404213444820014, 0.1995683411406674, 0.4689895479085912, 0.3420171770161912, 0.48936085511367133, 0.24148878941328278, 0.4526291371586401, 0.16430153412348794, 0.27499976654723857, 0.10199364357056356, 0.2332902118390342, 0.14967167141656829, 0.1624485191842387, 0.1325040844237025, 0.013231159348975402, 0.0, 0.0, 0.0, 0.0, 0.0, 0.0023272421847335, 0.0], "G": [6.904742927757467, 7.685336582425406, 8.156352135260313, 8.290041971342479, 8.167713917312064, 7.708441230921208, 7.193899886238273, 6.910835614606797, 6.0516153025820545, 5.349436225355603, 4.780159658203368, 4.181714474277177, 3.42465997995918, 2.7177365865998335, 2.0432640009276626, 1.8855772836739064, 0.9382257445185759, 0.6475653581405715, 0.2878100716482337, 0.3900152372086539, 0.07098835426832541, 0.35885413075743033, 0.3750304538534186, 1.1801381810763714, 1.317730675148744, 1.982532899517586, 2.3288023577018975, 3.2794711149376528, 3.940608249446672, 5.2705520402467645, 5.9932631076295335, 6.941119409376849, 7.753101934718179, 8.026256691604091, 8.609004620904923, 9.526016058950143, 9.74944151909987, 9.484096262412445, 9.630769867421696, 9.43334085542633, 9.318689732791372, 8.045522060258792, 7.395354243413569, 6.340267744237445, 5.107272160041383, 4.369028677404043, 3.6635927287182737, 2.8855038560551387, 2.079996838204333, 1.7690469759470164, 0.9743814699490254, 0.5994444106142167, 0.07681761428337142, 0.022749075607232896, 0.0, 0.0, 0.0, 0.0, 0.0, 0.0, 0.0, 0.0, 0.1621592159874408, 0.12213169666076741, 0.27065731773028356, 0.3576539240640893, 0.5449311355430695, 0.4745629019205417, 0.2856644499938766, 0.4117209031669504, 0.20323368970020636, 0.3475228871736289, 0.39012959894721627, 0.325506132976445, 0.26365583838760825, 0.0, 0.22877423637884012, 0.21595123074836794, 0.2370797820736336, 0.3650801206425428, 0.17387597431776233, 0.1309159556613932, 0.23701740627129303, 0.19628899271522637, 0.1745023550613356, 0.190296137729313, 0.17944643892578718, 0.08599738690730464, 0.1173413501211002, 0.0, 0.11875718063117797, 0.0, 0.05886161334069159, 0.03366882152748257, 0.017606162714571136, 0.006765962684937815, 0.038284412967244, 0.0027130167007641793, 0.0, 0.015800067937733708, 0.02182605227011546], "R": [0.7610339020787901, 0.6323734445061626, 0.3208259297157438, 0.20235760419419224, 0.05689591677398732, 0.14329106692692337, 0.0, 0.0, 0.0, 0.064772857944863, 0.2111413171808796, 0.09732699031331456, 0.38441440519989595, 0.5697434299883477, 0.5519942827400017, 0.7659074167666208, 1.0118684825648054, 1.2697732584260935, 1.3693334989887311, 1.386297690627669, 2.031626149410964, 2.6078738611203764, 2.9117255024823483, 3.2725236028083917, 3.4950386357899057, 3.9053814634627058, 3.825067374736113, 3.8926514489226327, 4.232326509873127, 4.130236989335662, 3.915409489412089, 3.7642947066347703, 3.2522587434827965, 3.1106705912611736, 3.111956198604614, 2.986003962956071, 2.9578274052516482, 2.947022496409951, 2.971357484500673, 3.174559117806807, 3.4022359940760114, 3.2280749582187305, 3.180320392615138, 2.6873726630166166, 3.098864941997387, 2.6370689847732214, 2.4889649191034544, 2.6465394349946663, 3.035258898748457, 2.8656439843359474, 3.00194041232121, 3.088574145300474, 3.122417409681437, 3.516137740173372, 3.9741671793021003, 4.389932854256331, 4.580319108375055, 4.654003407714594, 5.453571224964081, 5.856064060309405, 6.873005511297837, 7.413035495268002, 8.804571418483558, 9.81321913372419, 11.837385160656753, 12.884778050022833, 13.34392702180901, 10.032707004772005, 7.538227540266335, 9.336204068910464, 10.474396502360376, 10.160025504335685, 10.833916241541385, 9.776547963581358, 8.316336691183528, 7.665609925868448, 8.326920084154516, 7.8962300542768675, 7.950687037610027, 7.050379642494052, 6.528264413281223, 6.361637115627003, 5.340996442096214, 4.978296577933844, 4.349600426489029, 3.978729901359818, 3.447511758508131, 2.980952239468968, 2.591498683777223, 2.1671438492466693, 1.7433955316742265, 1.4159124221489814, 1.2221245056203565, 0.9918218070125969, 0.7799315537690747, 0.584344902251306, 0.434253047969133, 0.31534174147879157, 0.23706875122409124, 0.17869203123882466, 0.29898308339865054]}