{"B": [0.0, 6.948704934778085, 19.46338765804729, 26.618837507700977, 23.88566404485714, 11.537351482338172, 1.9368029768771327, 4.2320979662614135, 17.90403534215711, 26.87297882599913, 30.834481358018767, 24.349914665308457, 17.376897232984206, 5.399720957932075, 0.8499985947072827, 0.0, 0.0], "G": [33.45434776471437, 27.55094133485419, 14.675143252786242, 4.0583870630504855, 3.5561243486785115, 15.501064806154355, 33.02506239043332, 41.701295075724744, 29.729266702715897, 11.778379006701952, 0.7778004850030803, 0.0, 0.0, 1.3569224355834233, 1.5231297817902805, 1.6930405248870763, 2.46241231582492], "R": [1.125719645142118, 0.0, 0.011339428146663747, 2.1186466198179237, 7.8548777804810435, 13.201592224088996, 11.786309645950674, 11.569733399765271, 8.80721637487683, 7.287546168255521, 9.178873839394553, 16.569339119256362, 35.94777244368882, 33.838754027878934, 34.03583175212338, 28.69552766518576, 36.232853234072984]}