{"B": [0.0, 0.0, 0.3069252728385721, 0.3158949365067732, 0.9625523099053419, 1.335493062581605, 1.5955676264448577, 2.310408683173277, 3.0687223588688224, 3.5857834609702284, 4.380567027545227, 5.238221281794589, 5.994321548210517, 6.361436187135653, 6.743461673314523, 7.22982347980961, 7.156303669252867, 7.932564333184575, 7.577300276911546, 7.462468564398219, 7.421945612484928, 7.021290973990778, 6.48328789180889, 5.710892493500736, 4.995164911075447, 4.353464829236708, 3.4623921187466107, 2.5112501715449396, 2.055015565237356, 1.6210327528210793, 0.8705864720297767, 0.8013487452318762, 0.5660493846662147, 0.05807493744113724, 0.15973227788360322, 0.21830718081966094, 0.8213560457578865, 1.3288111146151143, 2.007787673429314, 2.677152386948745, 4.189289594991222, 4.459472370873978, 5.43315931936821, 6.429721317389388, 6.928653406735168, 7.195210042921121, 6.076494269672047, 8.190266415911893, 8.511497322731854, 8.905912135259925, 8.943053397814975, 8.562128133735838, 8.426291593131975, 8.270717741850296, 7.597649236431138, 6.937946243627088, 6.580577398103981, 6.082877930166674, 5.728106730106902, 5.638115272808067, 5.123791884836217, 4.277944249342641, 4.033293835324601, 3.495279366646706, 2.700569362728235, 2.6738493474756164, 1.079792585502428, 0.6601785054283323, 0.7701348295463291, 0.34642729825724733, 0.13685023242962496, 0.18696521140420766, 0.0, 0.0, 0.09295892124907452, 0.0, 0.0, 0.0, 0.11096758165831598, 0.27334499917640004, 0.22440500570700028, 0.3945318287540282, 0.3855145995927216, 0.2654156979373059, 0.3136319053809429, 0.2056297307159176, 0.11195438600005526, 0.10980297471973284, 0.2690213200029638, 0.08754490749356506, 0.1575272764584134, 0.07539990462831359, 0.003022863928391647, 0.0, 0.0, 0.0, 0.0, 0.0, 0.010677494306531744, 0.04083679770682165, 0.0], "G": [9.201897159938225, 10.20193002702223, 10.044901761973703, 10.430463723735766, 9.525457877684833, 9.432195853767768, 9.013872783044711, 7.748507090383593, 7.163103444542918, 6.701007747415369, 5.81879707505303, 4.81303038764247, 3.813726889428439, 3.4131453815561525, 2.4960838397073997, 1.691862282374125, 1.3016434506318022, 0.719478111954945, 0.5666911466435862, 0.26738410538498353, 0.33595328759054605, 0.4792233539039551, 0.8807553140600131, 1.461603657549919, 1.7921996196080527, 2.57191747102952, 3.446675941940572, 4.714012604341517, 5.791826559925636, 6.412323447581773, 7.830863281982186, 9.198022165339378, 9.696022530428415, 10.427503054133496, 11.583061977489415, 11.925939074788744, 12.176315969722706, 12.529273626515428, 12.447112806575673, 12.172384545903588, 10.713147911224832, 9.723724977629697, 8.583717778493602, 7.037278792884969, 6.368789106931753, 5.501649352115448, 3.4026516033060665, 3.575491578988867, 2.4798534441799913, 1.4251059523331948, 0.7845984095448304, 0.5438841342858142, 0.012521065354353043, 0.0, 0.0, 0.0, 0.0, 0.0, 0.0, 0.0, 0.0, 0.15360951351164928, 0.13533274372207463, 0.31780724187438114, 0.6376908034948839, 0.569641310191285, 0.2931543297447137, 0.5284015693656918, 0.5038892022446751, 0.527639028548846, 0.496659462063107, 0.8326967892775714, 0.5692856238133606, 0.3288871657775703, 0.30776705895567863, 0.37224315489468035, 0.5614106102192633, 0.3628397161228976, 0.6085503282798775, 0.43293677232404465, 0.42888776358894276, 0.3802201716320584, 0.2463758614784897, 0.33236656247973867, 0.2373704871470332, 0.37001445782069564, 0.20092389134512256, 0.17455533341363383, 0.1504927472454063, 0.11501654208452605, 0.11742904774519825, 0.11930113065544311, 0.06710513706762583, 0.03413374684351765, 0.059653328627676916, 0.04238923778651289, 0.03311658981834961, 0.0, 0.05372747822727945, 0.0, 0.06735375956697438], "R": [0.7565750183648133, 0.4941257156856527, 0.41763122230497873, 0.17280605187708012, 0.3265879484567463, 0.0, 0.0, 0.21321698357326696, 0.04121986203887104, 0.10533730219634511, 0.16869857101550914, 0.2603294793276262, 0.2459743357794005, 0.4341421723811775, 0.695248113181198, 0.8552877304789246, 1.107117991121215, 1.0185232362038992, 1.5002044141852526, 1.9689500428455244, 2.198705402035493, 2.5940963415936245, 3.3319642756405923, 3.7690070372046613, 4.117079878280669, 4.3839856233346755, 4.732573230176515, 4.843300591753332, 4.9129857593085875, 4.824863827262698, 4.543616450633932, 3.7313284841474927, 3.7440334281611944, 3.997813816041908, 3.587776227856319, 3.878399299595804, 3.534315541127584, 3.7201798015879652, 4.011413729153801, 3.8035994465066008, 3.1794187498306523, 3.3531908074508556, 2.9765891494290893, 3.095882020351925, 2.6595482920871465, 2.645017263131889, 2.5435603322430937, 2.838409575060072, 2.862541696799746, 2.925908125004728, 2.8378546376236518, 3.130767147723319, 3.6732814884911837, 4.056805969266239, 4.4185369396901235, 4.484361122889974, 5.329138397355704, 5.71333321907545, 6.504768140106912, 7.509879192693227, 8.550586616236036, 9.982604886700207, 11.055533670207568, 14.046077815318524, 14.033154685054571, 13.742027856184857, 8.36184968085172, 9.396424565822484, 11.690194824658795, 11.216050301035093, 12.130198214116888, 11.684297420444578, 10.11974070803736, 8.825161008297533, 9.106350739313735, 9.344447091763069, 9.037072824053238, 8.889677872629672, 7.658619135080133, 7.588007762336794, 7.017039775206564, 6.117941932706807, 5.527205443734374, 5.213043467573128, 4.539805080110055, 3.9594317776699177, 3.6812468529187305, 3.1091969827741286, 2.431017485968249, 2.050101698734999, 1.825545395347442, 1.378844266356038, 1.3761602379834226, 0.8655357496298552, 0.7472154197617705, 0.5572990343066174, 0.41115497474813034, 0.34439196233319125, 0.23258231865056694, 0.14358846612283555, 0.2721381029964831]}