{"B": [1.2293586527916647, 10.004460110032971, 19.614436289554902, 24.728374880843795, 20.550219058484675, 6.257626806256684, 0.0, 6.245076358360821, 17.874110625748155, 26.24377656029993, 24.58490297100388, 19.83869505605607, 6.868936916175523, 2.4684879336368835, 0.2144982385099651, 0.3443388251187084, 0.0], "G": [29.96841647411606, 24.325898155092105, 13.017250200363392, 3.3235197553450253, 5.97918799127934, 18.61404715910551, 38.16060634526905, 39.31955878324336, 22.702696538348718, 7.621464664623589, 1.568310385374594, 0.0, 0.0, 0.6127001354715581, 1.6149342854167623, 1.618167057990385, 0.7555762209923031], "R": [1.970249237015061, 0.0, 0.16900405337171448, 4.7506098330952415, 13.771203790813432, 18.640770553861923, 17.57451053917503, 10.563663695884589, 5.2602598158294285, 6.617309421371762, 15.196014431978531, 35.09559665109781, 33.17927559063976, 34.20083400616607, 31.10027279355052, 22.567762912397342, 26.234840981385638]}