{"B": [0.0, 0.0, 0.0, 0.3858468589437033, 0.41184116104458557, 1.192157951135335, 1.5957713116917867, 1.9207711419339764, 2.8201858255752956, 3.5041048087758764, 4.22870407381723, 4.950937763217894, 5.718775869214188, 6.495505376006607, 6.8125878340609605, 7.155102588860417, 7.542517645812781, 7.503986391837471, 8.33705257142875, 7.91206922782427, 7.430335994907261, 7.20344594970278, 6.244353560839461, 5.821887779816676, 5.144713431505167, 4.520913527425756, 3.8743004027442316, 3.052381983768199, 2.094903717614559, 1.5471491273063265, 1.222551981640591, 0.7167822218464357, 0.5811147423897128, 0.23311769205040436, 0.055980186485102924, 0.2140950098293637, 0.270480393429026, 0.8874060594971335, 1.7654833573518973, 2.446307629213794, 3.3067861949922093, 4.804945972219745, 5.047188951752257, 6.165380191620404, 7.0618443458926325, 7.678441539561215, 7.865055002248726, 6.4296871038572085, 8.72709259651497, 8.83465441959204, 9.161860718792704, 8.998933131546938, 8.669263118482606, 8.24670987664193, 8.017544331456305, 7.340461089431821, 6.751246581717083, 6.307476351250143, 5.803807318329301, 5.505925809258192, 5.360453486770364, 4.86581360945916, 4.051840373897592, 3.6021239904860627, 3.08533912270412, 2.294037009604245, 2.421576517803244, 0.8919374034994503, 0.495744497921698, 0.6123616154781638, 0.2339931033567779, 0.0010923451120415499, 0.07886646286635256, 0.0, 0.0, 0.10432335211397338, 0.0, 0.0, 0.0, 0.17076563735507566, 0.3192637817898404, 0.27300422541786895, 0.4248727920943215, 0.4190389711790517, 0.3189819241315585, 0.3323730095320157, 0.2585116041579216, 0.1281585050858899, 0.1694214582915695, 0.2791468217588653, 0.07853251859416092, 0.16894088336862076, 0.12684487687960097, 0.0, 0.0, 0.0, 0.0, 0.0, 0.0, 0.009427296512291836, 0.011497063054729363], "G": [8.820500982515957, 9.759325377897838, 10.378189586421058, 9.978803842900245, 10.39275592227837, 9.146965728925174, 9.116788212386117, 8.584972944552819, 7.1661192162423335, 6.567054969824569, 6.047510740447336, 5.092300259822127, 4.1429105963907125, 3.2258470377656363, 2.779023255984054, 1.906708624308055, 1.1995402439881941, 0.7817482035241338, 0.49506790365663694, 0.39327019840363076, 0.1448391894182297, 0.3615278527326475, 0.7826033159066401, 1.3015012093236982, 1.7899140068801302, 2.3180268703997418, 3.199222424707282, 4.110689744336841, 5.434291358211814, 6.6666192796649995, 7.187711317086133, 8.462255749805502, 9.65901661171527, 10.221921837156811, 10.697871909734621, 11.879293406024269, 12.006726134015898, 11.939958942818743, 12.250424297922708, 11.954063447383538, 11.551969776664466, 9.943895226605557, 8.880223720773381, 7.646868003160901, 6.2866612170741645, 5.428593340286536, 4.6262834296588435, 2.8385456169794527, 2.84292260211495, 1.9053544807402147, 1.0118794120157781, 0.4556031939484566, 0.19140978867527983, 0.0, 0.0, 0.0, 0.0, 0.0, 0.0, 0.0, 0.0, 0.0, 0.19044761836006754, 0.24785459387556705, 0.43195589762841485, 0.6915416442499148, 0.5832821777994726, 0.20561199076303088, 0.47963261041448935, 0.46932462507272493, 0.45099962124549237, 0.42773575252039575, 0.7522835397079336, 0.394883279424146, 0.20708480143756747, 0.1700749925708286, 0.26831283191947564, 0.43533913200230206, 0.2951150176712989, 0.48910777177616466, 0.2627221869150522, 0.33082516744477625, 0.280793295622824, 0.17601187527801174, 0.3055703476945635, 0.1908023141791473, 0.27574740339389736, 0.10701183940733558, 0.07861257312644063, 0.10936643605851866, 0.05708165858353924, 0.08514453697719895, 0.04671655935125445, 0.02662946556438605, 0.017802154878995415, 0.044734229373870726, 0.035312817152228886, 0.023515381219693227, 0.0, 0.03164928740925969, 0.010913642630796867], "R": [0.9314918071219392, 0.62954301241195, 0.296815319854467, 0.37754569221008455, 0.0758774179037457, 0.39803972862583903, 0.0, 0.0, 0.20071066092947756, 0.10638285080388385, 0.11571874564961768, 0.2511165564139047, 0.3878720262835717, 0.3588199728480028, 0.5963952634089174, 0.8645221663380224, 1.0150108653360346, 1.2882131024682466, 1.122143338724045, 1.5907334445110095, 2.1766133136973855, 2.5380715567490073, 2.9952160355794466, 3.4500636073154105, 3.6831187051522987, 3.8810320258192763, 4.116417216866076, 4.333564112763778, 4.448986173701052, 4.508089631003049, 4.2630232910805725, 3.915215579433079, 3.3051509732523816, 3.450027827356233, 3.4874228027475285, 3.187155274397224, 3.5610081473664974, 3.3937687759506363, 3.35661711466363, 3.7789683340292246, 3.5585972437247233, 3.1063665826222255, 3.318213161705113, 2.9498925290408224, 2.985634952266403, 2.6760221564652067, 2.6939214558345075, 2.5762349940466844, 2.8913237250019383, 2.9754013042359477, 3.0065256934718283, 3.053044073743663, 3.2176914100954392, 3.7730773659118926, 4.184494182469287, 4.4882121471228515, 4.534689250288566, 5.314017853508516, 5.725683579674065, 6.431680172613363, 7.388170389486847, 8.294787610340599, 9.63829422560976, 10.770367372969622, 13.539988006400852, 13.541576548631852, 13.169434376665627, 8.035551504094935, 8.9284429771401, 11.064451124868038, 10.622636750189276, 11.490979080314778, 11.015169839563464, 9.505447353408993, 8.281594439179921, 8.44094196721022, 8.652980443828486, 8.401163118820097, 8.186402805954337, 7.034474431400854, 6.939011785579272, 6.346604856278866, 5.555961256319909, 4.938615212877808, 4.591888065192886, 3.984934990554275, 3.4133008062264483, 3.1890867293166307, 2.6463928401931858, 2.01580372710778, 1.7410115249123788, 1.5290153634450772, 1.1212697543760708, 1.100996870915794, 0.6896124216776127, 0.5838233291895413, 0.4284450402800994, 0.30042598614715055, 0.24007242970445816, 0.16580172151954056, 0.3051526553011467]}