{"B": [0.0, 7.964515010332638, 19.783916661649673, 25.908238453545312, 22.735999324897765, 9.453572834176885, 0.7308062694589028, 4.390474498403907, 16.027518119133877, 28.100580391580454, 28.44262596816801, 22.483407689721837, 13.51015830167051, 3.8856107398551543, 0.31540841569489897, 0.03409157571980063, 0.0], "G": [32.05646990077686, 26.37671514291391, 13.741380879640849, 3.7789074513343834, 4.22154612974773, 16.774576610119635, 34.970891527702, 42.81313849202259, 26.801902725400485, 10.326496145190603, 0.8822859079437665, 0.0, 0.4648624938407029, 1.1632568447529135, 1.421107477702706, 1.9171856826075908, 2.0019761971314427], "R": [1.4302848157591184, 0.0, 0.0, 2.8616717512313277, 10.146082256644908, 15.184709700617107, 14.018052654904176, 11.90021852728284, 7.9489573926779915, 5.9500112014452045, 10.669104040587317, 22.560231218755984, 36.87747311469965, 36.828910505826386, 32.04531238107193, 26.624127162513147, 32.44078316181966]}