{"B": [0.0, 7.666013970280616, 19.83830686765833, 26.096349553166647, 23.43568037704588, 10.047736912494752, 0.7560485268951448, 4.279932014965918, 16.29217372486849, 28.129305955469476, 29.031968112589897, 22.42358469070263, 14.739859101228795, 3.7562343587882308, 0.6798106391202099, 0.0, 0.0], "G": [32.78709568480014, 26.219746877805086, 13.476255431685809, 3.293727295717371, 4.002490413488968, 16.37042052896286, 34.40140271143148, 42.852798135461164, 27.220967825500917, 10.527610390150242, 0.2029750489573899, 0.0, 0.2360197332793792, 1.3699283761141055, 1.5085392855523663, 2.0412537070776997, 2.3371890745495354], "R": [0.9616831868920003, 0.0, 0.2511771867786751, 2.600041352910699, 9.292467818851282, 14.689667153538258, 13.011448227887911, 11.795549859293567, 8.003684524794453, 6.648230527703462, 10.650770893231725, 20.93709053720471, 38.2989751632722, 35.95690138106986, 32.219803315926505, 27.542688179433473, 33.4261861810675]}