{"B": [1.3325560741974602, 9.907052993624525, 20.32938311079947, 24.843845684596612, 21.03161088461998, 6.798952808025448, 0.0, 6.270821038726358, 18.177702700294482, 27.315162644289025, 25.052387239608667, 20.033378706266866, 8.416318776978711, 2.6310341390961987, 0.36896477767755737, 0.31832048959290027, 0.0], "G": [30.46390428662698, 24.594740987520485, 11.787300286506014, 2.0287894495505476, 5.006697234836898, 18.526920773423203, 38.50629085052705, 39.80828508000883, 23.1147866467444, 6.748207019478499, 0.0, 0.0, 0.3559390704936907, 1.0609233756378418, 1.9164193304144248, 1.9659504515405024, 1.3625192190484046], "R": [1.5394474700300012, 0.0, 0.35180380107572556, 4.947231036668248, 13.081415308612852, 17.55808143061499, 16.337477427436255, 11.095557741526507, 6.180031644520172, 7.055051489963399, 14.240076614581126, 32.0840791596352, 34.45467779339887, 34.78763569552354, 31.471489314615607, 24.03437602210802, 27.76376277139803]}