{"B": [2.82919690557828, 12.865778210621473, 21.651003430072382, 23.727682345114683, 12.897944945700274, 0.7802880597569458, 0.0, 11.239164108863218, 22.51720157985759, 23.671830313985517, 21.02433200303689, 7.875697729314133, 3.0753789898330566, 0.3555457502037526, 0.3142797169392189, 0.0, 0.0], "G": [30.224784133338623, 20.758423146244866, 8.313453735209984, 1.2563827151925395, 8.5739419749644, 26.14799447231321, 40.79816981574941, 30.382287900562886, 13.606728691204435, 4.430283604790444, 0.0, 0.0, 0.7595157014017799, 1.7229222833898612, 1.3251420639642966, 0.28153994762652185, 0.0], "R": [1.7986485245766881, 0.0, 1.8742264720529707, 10.412860293860618, 20.050642516344812, 25.51996333758762, 14.92772100914421, 4.8703944617866854, 4.051564919470212, 11.922577321939347, 31.285959914437903, 30.66517472290328, 32.5021657276619, 30.643141374785735, 23.736814448597485, 16.727329973036774, 17.834235071730223]}