{"B": [0.0, 0.1386799641096786, 0.03552310151367104, 0.3810814384806194, 0.24626365598530114, 0.9386196987148882, 1.4095397829278802, 1.960828240963025, 2.421058331808858, 3.0378189128663458, 3.850763718429322, 4.438313883801482, 5.347885937187017, 5.785350763339519, 6.273924014201112, 6.761009574234315, 6.970284264471401, 7.367227229484187, 7.129635589382739, 7.976369592057192, 7.675280284870547, 6.935352506691745, 5.890347295751309, 5.258318322050702, 4.668969576218708, 4.353194638130823, 3.468349368155103, 3.2327013175154153, 2.7223960779944343, 1.795214715388489, 1.021385480160626, 1.034707203236742, 0.31545403869786726, 0.20370611832641192, 0.35163566130021556, 0.5476638738458814, 0.29411049280831236, 0.8146254986294014, 1.0901944765257852, 2.122921039301785, 3.0798895320171193, 3.945655053445049, 4.865093286851543, 5.679727112202215, 6.616356992203501, 6.826069349898424, 8.264876936402649, 8.172695041171185, 6.614839044085042, 7.841774786591526, 8.733717074434555, 8.367472600301125, 8.52953462065312, 8.50161943607006, 7.634567989815445, 7.300257288003707, 6.849776501880499, 6.033490711083605, 6.118785027723396, 5.224540620759785, 5.023719078940398, 4.742749959853026, 4.417505271713422, 3.408874027293439, 3.290017867559177, 2.6500059884353906, 2.2777658803993015, 2.0173255399023016, 1.2090303622594678, 0.5264868022715111, 0.3194420593882765, 0.4153709711130357, 0.26478423923858774, 0.0, 0.12161424291009068, 0.0, 0.0, 0.0, 0.08358474085948724, 0.0, 0.14417741068967527, 0.3332638479649325, 0.5410173011203967, 0.33468488185241835, 0.4042762220642369, 0.27281748078640916, 0.43734583514174413, 0.1811150037496638, 0.24630974306847186, 0.19243972932430597, 0.22440816014367782, 0.1536900589475479, 0.12266061215684342, 0.14539933424425727, 0.02215878780984779, 0.010619703605842325, 0.0, 0.0, 0.0, 0.0, 0.002058503737606707], "G": [8.425342561777319, 9.05826970832056, 9.72789617352203, 9.982734827287235, 10.17837000141378, 9.921455466660435, 9.370382503232353, 8.554739037716919, 8.15026946999924, 7.100362492291675, 6.071678981001529, 5.330622798522827, 4.615349202890008, 3.6766482744840587, 2.775280970746051, 2.057805201774892, 1.92789488606155, 0.6939348738207323, 0.6387382413225958, 0.36124381804942013, 0.3797240971314674, 0.19937396016610182, 0.8024390847719924, 0.9189676186728207, 1.758073692176865, 1.9912795339660103, 3.05673264830444, 3.5475737691001528, 4.660049088886479, 5.536298718100423, 7.135209088678006, 7.912926662831225, 9.233648093915528, 10.000413699931705, 10.25597839702129, 10.641684457388944, 11.88166591528814, 11.937743618439502, 11.551065567831053, 11.597277317802945, 11.260393832542151, 10.756134495165606, 9.33230549605527, 8.338658255452687, 7.317225232542194, 5.702812381005902, 4.776261628396417, 3.85938173981896, 3.1306090657555665, 2.1370916541889757, 1.6388851104236015, 0.9313992724179916, 0.4298305746357311, 0.0, 0.0, 0.0, 0.0, 0.0, 0.0, 0.0, 0.0, 0.0, 0.0, 0.19287570916953997, 0.20424276175447945, 0.33071476343769574, 0.5081899127727437, 0.7156694480711221, 0.5629139487861656, 0.3056598916127267, 0.39940853581062313, 0.20776270611196676, 0.31584370695358577, 0.38590597723633224, 0.31696980695133997, 0.2857365505379605, 0.0, 0.212013768252456, 0.21955292320628012, 0.24336000318926326, 0.33792498443109137, 0.10547073763942527, 0.0948698476520108, 0.1564789116531339, 0.257031389774107, 0.1489476699149723, 0.15411044841826171, 0.1424267828602145, 0.07298606957101184, 0.08146952369510795, 0.0, 0.10339091905975727, 0.0, 0.031024511249416513, 0.026985642301438875, 0.03036632730445768, 0.02467680651261425, 0.05412379134348554, 0.01216501903835885, 0.0, 0.04328501499216048], "R": [1.0776166907495526, 0.7859488217668852, 0.6679449242044488, 0.34261874921362345, 0.33677069568618356, 0.0, 0.12152761741786557, 0.0, 0.0, 0.0, 0.12291925218695528, 0.31772784182492336, 0.12012540479645326, 0.5590906686827873, 0.7276153368883554, 0.7991425471372089, 1.0690832260938836, 1.3732892045040173, 1.5592237616150888, 1.3411421982338663, 1.9720560629907165, 2.525948145541082, 3.145771208280393, 3.5179325905662813, 3.6276439824666062, 3.9017355498802146, 4.09793556414261, 4.165611524085023, 4.088553139063823, 4.4108094415019465, 4.37339867830739, 4.1839825957656664, 4.026783779501616, 3.4969563964608286, 3.229962998509145, 3.3007146817150854, 3.2398489231198084, 3.119929760528751, 3.1790368297619125, 3.140661628437485, 3.407715655594459, 3.7006863206619625, 3.5035383921295766, 3.574981657579838, 2.930113103353183, 3.4221491258108934, 2.9215612218276235, 2.8537100494275354, 2.914541957482394, 3.4227542070359793, 3.3753236295701803, 3.493137838875794, 3.5993835691951683, 3.601415084012121, 4.096404659824622, 4.53902802476315, 5.068959307281467, 5.2664284410127875, 5.312358982239524, 6.1180171971393085, 6.609586489467939, 7.723591556355201, 8.318250594924852, 9.785177710063047, 10.860189810029857, 13.083884464362226, 14.168889732415291, 14.525460842898458, 10.961652802397987, 8.16116077029665, 10.164194942218996, 11.314836206355498, 10.963731503160206, 11.69822986554083, 10.57532131080571, 8.941846645114609, 8.176889536711862, 8.912305800851406, 8.39603365533054, 8.400965967232862, 7.451392343428085, 6.8101601540176615, 6.615612335628289, 5.5595136471175675, 5.157571584301192, 4.439588005337659, 4.043390352854106, 3.451147840540816, 2.941544098886663, 2.5185269111866884, 2.079749175801635, 1.6167915522369984, 1.3636938993087178, 1.1530038491530885, 0.8436807647935812, 0.6861525474038489, 0.5000223771144875, 0.36552297654405824, 0.24668019620499454, 0.18652975947729009, 0.3479575352671505]}