{"B": [0.24822565050626466, 8.841212376600883, 20.523902526866767, 25.989150658321012, 22.257645392359105, 8.84644408798343, 0.0, 4.921128603671635, 17.07460886587365, 28.294771011559394, 27.793560843883373, 21.89113217664346, 11.53200416029462, 3.536006502080984, 0.24273227510092024, 0.15990954494910053, 0.0], "G": [31.691089642942494, 25.637279011013128, 12.967464981026357, 3.2418905259844233, 4.81878355672826, 17.46595148153857, 36.571809776138856, 41.76562089435668, 25.97384261663965, 8.690461946340776, 0.661088620301585, 0.0, 0.7387665678315426, 1.3680453783117894, 1.5155933584503967, 2.105911586230397, 2.0451105499400146], "R": [1.5948066417116353, 0.0, 0.3155294245221644, 3.7485035965802194, 11.149491565177264, 15.88896938769936, 14.70327181086003, 12.049567606580904, 7.381375695482105, 6.476040671492915, 11.787077794973586, 25.51629483798278, 35.85578408822, 36.86468951324577, 31.437905697068594, 25.309417233027535, 30.43156199997798]}