{"B": [0.0, 7.319212794211385, 20.10578751466245, 27.29337023325834, 24.588058729459558, 11.882351278612902, 1.8283359662115048, 4.517752110416505, 18.390734871816278, 27.554067187238836, 31.646415032935952, 25.25314236495422, 17.794350006069923, 5.239564271522842, 0.8530553054466846, 0.0, 0.0], "G": [33.35906481660707, 27.384262565453845, 14.51260006837147, 3.9120220135781194, 3.6152179732761556, 15.70348704316835, 33.2750772192122, 41.70552797152478, 29.564608894409428, 11.51252135525891, 0.7487724483161627, 0.0, 0.12207356077366907, 1.2462156570835898, 1.5113144009139574, 1.6409177887397892, 2.370958276784748], "R": [1.0803183496494504, 0.0, 0.07546093879391845, 2.1181250921861228, 7.698637219334755, 12.944408545392843, 11.677264132941307, 11.324019919028155, 8.463976152375473, 7.042617150003333, 8.992154815281632, 16.386247960835934, 36.020234826144566, 32.769271726115946, 33.06658502479519, 28.136949114642864, 35.24148243365533]}