{"B": [0.0, 0.0, 0.07844046936473396, 0.37346445016593927, 0.42301106922204, 1.0431701616817957, 1.3891955159748783, 2.1570408000981014, 2.753243527845643, 3.013788509319865, 3.8660706845853694, 4.5729147022312375, 5.169555231335204, 5.840464256704517, 6.291447869453533, 6.977157511607535, 6.913981132972703, 7.165333069277216, 7.419184607880998, 7.717875200478897, 7.938780057189501, 7.025946873502372, 6.188508349276674, 5.3847544266598675, 4.589889960689577, 4.153864807153844, 3.786746863455263, 3.024241014233521, 2.4952199709883636, 1.939508305794974, 1.1893187867486723, 0.7212674159593775, 0.7495639477182059, 0.22350802009800763, 0.4942492234509836, 0.7555776715842248, 0.6109426222428598, 0.8800091735138388, 1.2404619771784988, 1.9931883429780923, 3.237319928559246, 3.8447999277747495, 4.832514661530152, 6.041024378425464, 6.350363917151015, 7.140961905499423, 7.829477818565886, 8.320425616889937, 8.42043918637559, 6.661501653487315, 8.661953427732971, 8.562628218264704, 8.686158148323326, 8.43972391399601, 7.830457717097259, 7.249383732281822, 7.00012498750526, 6.2796412990704145, 5.826874593851837, 5.4226420777268665, 4.95773241228292, 4.636204084907051, 4.447852088641495, 3.9688441420613403, 3.1654295806898016, 2.642681468024578, 2.2045256149754935, 1.6688955055684098, 1.8122030311399229, 0.6347537895355521, 0.31474494737255326, 0.4665603877051683, 0.054186986434433655, 0.0, 0.0, 0.0, 0.0, 0.08867989415312676, 0.0, 0.0, 0.05955831459968217, 0.30749976174409444, 0.4696421395768417, 0.3228432011952953, 0.3025719109063763, 0.4053199225507994, 0.3220990526849665, 0.31141835806420737, 0.3063425604844272, 0.1992933739159684, 0.15856800323213713, 0.2147857772231363, 0.05954348934889615, 0.1888011992671782, 0.09099096669922511, 0.033519860029458934, 0.0, 0.0, 0.0, 0.0, 0.003585327926030806], "G": [6.48545292990667, 6.983373514569779, 7.371025616074763, 7.639709903576037, 7.905134795568004, 7.512373467187368, 7.459964042483629, 6.526266153562302, 6.220272604878448, 5.850306237684854, 4.637022765417541, 4.066991968692682, 3.6940191026654943, 2.8407142312720306, 2.276372844350046, 1.5225387338441347, 1.3723215593268705, 0.8446460857467101, 0.48675187372185347, 0.43219977964342765, 0.20264540947748358, 0.27354343834568073, 0.4372377424429586, 0.8110659674864601, 1.3836918222483332, 1.6680667956388762, 2.216481276837714, 2.8576321434657714, 3.4183857132778543, 4.236509760692392, 5.31281948657769, 6.14845384256487, 6.73722682740846, 7.4472067164582105, 8.00771575022136, 8.256567143662457, 8.416287357191727, 9.259660180668913, 8.86859184783957, 8.76214846454335, 8.665390245937893, 8.29567995762323, 7.696534042743519, 6.3611383761059646, 5.603896461535655, 4.728375298790746, 3.8346448326486553, 3.048837150048483, 2.526527035701443, 1.4876959532359355, 1.4668780206379706, 0.8525770169155245, 0.28376528890167224, 0.006463543237163833, 0.0, 0.0, 0.0, 0.0, 0.0, 0.0, 0.0, 0.0, 0.0, 0.0, 0.10197333840082551, 0.25676102963635294, 0.35280314756246495, 0.5819656239352523, 0.3806115658872999, 0.10451395914197195, 0.2654624036294776, 0.15878451378901406, 0.2199523135806665, 0.13408011717981802, 0.3837191018848215, 0.147866247694359, 0.06103654197160153, 0.0, 0.0954391177521679, 0.23272855626139974, 0.0909299792150913, 0.19002685936495714, 0.08283274020701487, 0.0704262162571483, 0.15793085008371177, 0.06528433458282507, 0.1419080562290616, 0.05746057631774376, 0.10302649971367639, 0.0, 0.0, 0.01722436482500777, 0.0, 0.03625851022014784, 0.008400003512038012, 0.014902910728584033, 0.015428596036553752, 0.03767771263865891, 0.003791165212862519, 0.011764971376973491, 0.020738877955844517], "R": [1.027953053721469, 1.0207200393663745, 0.7637928455854749, 0.47313347802991645, 0.21649553446538802, 0.25630229265759835, 0.0, 0.2572618150234904, 0.0, 0.0, 0.27706963708740223, 0.23375363060193557, 0.2558420301519931, 0.4890309983419884, 0.6915254932135427, 0.792109609306192, 1.0819545569102968, 1.2917622572792975, 1.4748041864857493, 1.451534869570672, 1.6773930667504997, 2.3483341885816182, 2.8595987677476318, 3.232655504597903, 3.3848312669593814, 3.6483654528941485, 3.5887015231130954, 3.755399936968951, 3.9847934282322997, 4.077217594387977, 3.972259236468596, 4.038334931038641, 3.774506970002501, 3.5634567194826334, 2.976697574768251, 2.8167989500703587, 3.1074529740912893, 2.7347104543866525, 3.151404286250683, 2.9652916009128694, 2.9289367809884714, 3.5401829247223757, 3.3947494284597246, 3.1657259725495863, 3.271550735618357, 3.0580735145693025, 3.101651375193378, 2.8845865544990694, 2.9531380145444195, 2.813691351687597, 3.284666232055741, 3.461438601765281, 3.528746913901378, 3.4957237009510087, 3.7223639485440976, 4.26453189975263, 4.679631965597173, 4.986991058665323, 4.954951424031234, 5.6402147203792135, 5.922544414379268, 6.712736010843502, 7.579631469969184, 8.439643751449879, 9.610141739251981, 10.716170001112673, 13.217945256460748, 13.071619998755118, 12.680946456228796, 7.6988311615335006, 8.470599514648583, 10.468659251364878, 9.999390644084732, 10.714455481692394, 10.352664811145832, 8.829032966812493, 7.602671811908516, 7.722818682526914, 7.827587775623019, 7.582401363406516, 7.259898870967724, 6.210668640867922, 6.039956038542874, 5.5339587300679565, 4.784205788150296, 4.120359888112449, 3.7602280884390105, 3.2381800706845727, 2.711301605400818, 2.457562971621532, 2.0138232724678913, 1.4771176837333138, 1.2430843321542742, 1.0415574679069042, 0.745566205106657, 0.6493814508543047, 0.4194721697699684, 0.3509640082623075, 0.23907708075425232, 0.1517488560799018, 0.3268747040856767]}