{"G": [9.227544155980388, 10.245248376896052, 10.01991355246594, 10.405710113890157, 9.449884006832974, 9.365095050368007, 8.9206318146721, 7.601456355942611, 7.018759105262451, 6.545807941026415, 5.649756048171531, 4.5852570765870615, 3.5345761321205247, 3.1324549543470384, 2.2195023163473038, 1.4339806079830957, 1.0578652332189389, 0.46258075453596853, 0.35343501229396557, 0.14760732837348955, 0.24504235685164857, 0.4309709199278227, 0.907222728278829, 1.5571392568589706, 1.8914218105035752, 2.710868897492732, 3.6056528083461297, 4.868841307267353, 5.933607196469286, 6.513398256099745, 7.9456161526315325, 9.283437165328671, 9.772964967623098, 10.428419862899233, 11.579903281864741, 11.941691407356464, 12.12268212664747, 12.453325625977978, 12.340252243953898, 12.05609377699127, 10.540099392761398, 9.471462271884183, 8.289959109203307, 6.6649988912944895, 6.009457379568976, 5.149380177380494, 3.115496552421177, 3.217290909834862, 2.1427939877813422, 1.1585191347404602, 0.5267840549925757, 0.3569367890144949, 0.0, 0.0, 0.0, 0.0, 0.0, 0.0, 0.0, 0.0, 0.0, 0.22081925168902064, 0.18543953345393793, 0.3430995605464363, 0.6127663235080223, 0.5272004604613365, 0.26413217350692886, 0.47172174362946606, 0.4364134272645136, 0.44612860184265907, 0.38924300633584186, 0.7212134731461987, 0.4050443360121141, 0.1881053588859107, 0.20028853690707377, 0.22095098159548276, 0.424634933053805, 0.21345202354655501, 0.5231937479858687, 0.34962869385365364, 0.32669515318959247, 0.29916465385190905, 0.18705545887414185, 0.2748231885065995, 0.18940339894992977, 0.32416449092582594, 0.16024453945281897, 0.1444869617870029, 0.11817757399274445, 0.09178810198986988, 0.09393930377642797, 0.10037955296578464, 0.04409035370664373, 0.02131214473373081, 0.04807423382855676, 0.03633865890377939, 0.025850368314641454, 0.0, 0.05182685175231682, 0.0, 0.06258680404976609], "B": [0.0, 0.0, 0.35337479360642127, 0.33816956162380324, 1.0376566241521867, 1.3323951725107668, 1.613081875676414, 2.3986575256580225, 3.082017876808967, 3.556864369646143, 4.285132804166639, 5.263481157897031, 6.1131271564648735, 6.454566265257959, 6.8081731506138015, 7.216383701068842, 7.10937236718716, 7.892793831917615, 7.479084295925919, 7.137306141039751, 7.0589090281911195, 6.587295481683382, 5.920021123424343, 5.055747849762726, 4.381814234516176, 3.7048921227287805, 2.825809956534336, 1.9723165436229866, 1.593940229894321, 1.2847204325829735, 0.5577485403997934, 0.5627341636302603, 0.3491059821021502, 0.0, 0.16127357952074733, 0.09888349673836831, 0.8183549045634302, 1.2818023703105863, 1.9539542103845582, 2.565334641301908, 4.065205811281048, 4.51578421092775, 5.533540267905572, 6.661401455420615, 7.089316351733336, 7.329155780447217, 6.180303140213966, 8.321429025056695, 8.603749762474317, 8.76201448114848, 8.816449653738733, 8.2901840249081, 7.9377455360041544, 7.602185901537439, 7.026827199033525, 6.3529043248632995, 5.938840287536601, 5.481456330705038, 5.066138886747972, 4.9734070084744655, 4.464869316321749, 3.564045413982639, 3.362650442845892, 2.846440096192401, 2.2061531695910723, 2.2278190866871794, 0.8393757530313122, 0.4939721677640925, 0.5294264829770139, 0.17811641316536264, 0.004591849340876601, 0.06907265626778278, 0.0, 0.0, 0.017314298652413674, 0.0, 0.0, 0.0, 0.02702423234708889, 0.16567876716622779, 0.18745725367196328, 0.3202689012798887, 0.29873491568742044, 0.19073712311427243, 0.2358673458508896, 0.14948155178296535, 0.06610304755214644, 0.05680433373018915, 0.23478184886307824, 0.06455772276829276, 0.1337504804780078, 0.06509388833863128, 0.0, 0.0, 0.0, 0.0, 0.0, 0.0, 0.005672377367446526, 0.03508261390481851, 0.0], "R": [0.7092351268511761, 0.4373570874369302, 0.36079296586747905, 0.13694837504295107, 0.2662840164033551, 0.0, 0.0, 0.16964224664571328, 0.053950696563206196, 0.15145844031616246, 0.2654519008909332, 0.2864948949897001, 0.22063816121249805, 0.42464788091255945, 0.7017745565775585, 0.910712260619573, 1.1792701772740222, 1.090956707263752, 1.594097697922652, 2.192012740673491, 2.436471820405726, 2.864021618352989, 3.6599992422745493, 4.134827374620742, 4.446186482887253, 4.720925846043529, 5.048020992093074, 5.085793606666792, 5.099894181699833, 4.934459958434246, 4.635213015164996, 3.7897544291042453, 3.788132357538242, 3.9528899815495953, 3.4975515056537816, 3.8647100992759977, 3.4623306608209408, 3.6825349897477024, 3.9813456319299836, 3.8222129007677457, 3.2352947591135752, 3.300990995979027, 2.912068363147396, 2.9585966674400885, 2.5784803261992426, 2.58227497974595, 2.4918116764715452, 2.778430196092787, 2.825851291061534, 3.0398241102156103, 2.9396105538903092, 3.3128290937792855, 3.9260366467703753, 4.447749251014068, 4.731559822916672, 4.816577528161299, 5.695097746328682, 6.043259882275399, 6.87225565563968, 7.861067392237822, 8.883706514920332, 10.297228423798016, 11.32599972277718, 14.256027872876615, 14.147414161264983, 13.831534389032061, 8.395687229760524, 9.36692738339776, 11.677746824224606, 11.164125179368014, 12.044082379465827, 11.596084218811868, 9.99963502665593, 8.717340757081065, 9.03245406962994, 9.230159496986523, 8.92015735449835, 8.781764872276929, 7.608702973948737, 7.555995188402607, 6.949931954215796, 6.0868343312078945, 5.5095181920065786, 5.191676058639108, 4.52962021292159, 3.9431084732956316, 3.661392829155378, 3.1012809238905668, 2.4220486507671906, 2.037170718159904, 1.8172850325749246, 1.3674144620581972, 1.363049838518854, 0.8538875305678334, 0.7373220392205447, 0.5481635985141162, 0.40615592496350555, 0.3368454820303635, 0.23256404234920416, 0.14460168841264326, 0.2687877291086622]}